type,ent_uri,pred,val_pred,val_gold,abs,found,verif,reason
FN,Abdul_Momen_Talukder,birthName,,Abdul Momin Talukder,"Abdul Momin Talukder (born 29 June 1952) is a Bangladesh Nationalist Party (BNP) politician and a former Jatiya Sangsad member representing the Bogra-3 constituency during 2001–2014. In November 2021, Talukder was sentenced to death by the International Crimes Tribunal for his conviction in war crime charges during the Bangladesh Liberation War in 1971.",TRUE,TRUE,
FP_new,%C3%81ngel_Deldo,label,Ángel Ricardo Deldo,,Ángel Ricardo Deldo Garcia (born 1 October 1987) is an Argentine 5-a-side footballer.,TRUE,FALSE,LCE
FP_new,%C3%81ngel_Deldo,label,Ángel Deldo,,Ángel Ricardo Deldo Garcia (born 1 October 1987) is an Argentine 5-a-side footballer.,TRUE,TRUE,
FN,Abel_Buell,deathYear,,1822,"Abel Buell (1742–1822), born in Killingworth, Connecticut, was a goldsmith, silversmith, jewelry designer, engraver, surveyor, printer, type manufacturer, mint master, textile miller, and counterfeiter in the American colonies. In 1784, Buell published A New and Correct Map of the United States of North America Layd down from the latest Observations and best Authorities agreeable to the Peace of 1783; it was the first map of the new United States created by an American. He was also an inventor. He invented a lapidary machine to cut and polish gems, a minting machine that could product 120 coins per minute, and machines for planting onions and corn. He was the first man to design and cast type in the United States.",TRUE,TRUE,
FP_new,A%2E_J%2E_Kitt,label,AJ Kitt,,"Alva Ross ""AJ"" Kitt IV (born September 13, 1968) is a former World Cup alpine ski racer from the United States. A member of the U.S. Ski Team for over a decade, Kitt specialized in the speed event of downhill, and also raced in Super-G and combined. He retired from international competition following the 1998 season with six World Cup podiums, which included one downhill victory. Kitt was a bronze medalist in the downhill at the 1993 World Championships. He also had the lead in three World Cup races which were subsequently nullified by FIS officials, due to weather conditions that did not allow the entire field of competitors to start the race. In each, Kitt was awarded the race's prize money and trophies, but not the World Cup points.",TRUE,TRUE,
FP_new,A%2E_J%2E_Kitt,birthName,Alva Ross,,"Alva Ross ""AJ"" Kitt IV (born September 13, 1968) is a former World Cup alpine ski racer from the United States. A member of the U.S. Ski Team for over a decade, Kitt specialized in the speed event of downhill, and also raced in Super-G and combined. He retired from international competition following the 1998 season with six World Cup podiums, which included one downhill victory. Kitt was a bronze medalist in the downhill at the 1993 World Championships. He also had the lead in three World Cup races which were subsequently nullified by FIS officials, due to weather conditions that did not allow the entire field of competitors to start the race. In each, Kitt was awarded the race's prize money and trophies, but not the World Cup points.",TRUE,TRUE,
FP_new,Abdul_Momen_Talukder,label,Abdul Momin Talukder,,"Abdul Momin Talukder (born 29 June 1952) is a Bangladesh Nationalist Party (BNP) politician and a former Jatiya Sangsad member representing the Bogra-3 constituency during 2001–2014. In November 2021, Talukder was sentenced to death by the International Crimes Tribunal for his conviction in war crime charges during the Bangladesh Liberation War in 1971.",TRUE,FALSE,MCE
FP_new,Adam_Dale,label,Adam Craig Dale,,"Adam Craig Dale (born 30 December 1968) is a former Australian cricketer who played in two Test matches and 30 One Day Internationals between 1997 and 2000. He played in first-class and List A cricket for Queensland Bulls and in club cricket for North Melbourne Cricket Club,, Northcote Cricket Club, and. He played grade cricket for the Wynnum-Manly Cricket Club in Brisbane, and premier cricket for Northcote, Heidelberg Cricket Club, North Melbourne and Melbourne in Melbourne, over a long career which spanned twenty-six years from 1985–86 to 2010–11.",TRUE,FALSE,LCE
FP_new,Adam_Dale,label,Adam Dale,,"Adam Craig Dale (born 30 December 1968) is a former Australian cricketer who played in two Test matches and 30 One Day Internationals between 1997 and 2000. He played in first-class and List A cricket for Queensland Bulls and in club cricket for North Melbourne Cricket Club,, Northcote Cricket Club, and. He played grade cricket for the Wynnum-Manly Cricket Club in Brisbane, and premier cricket for Northcote, Heidelberg Cricket Club, North Melbourne and Melbourne in Melbourne, over a long career which spanned twenty-six years from 1985–86 to 2010–11.",TRUE,TRUE,
FN,Adolphe_Menjou,birthName,,Adolphe Jean Menjou,"Adolphe Jean Menjou (February 18, 1890 – October 29, 1963) was an American actor. His career spanned both silent films and talkies. He appeared in such films as Charlie Chaplin's A Woman of Paris, where he played the lead role; Stanley Kubrick's Paths of Glory with Kirk Douglas; Ernst Lubitsch's The Marriage Circle; The Sheik with Rudolph Valentino; Morocco with Marlene Dietrich and Gary Cooper; and A Star Is Born with Janet Gaynor and Fredric March, and was nominated for an Academy Award for The Front Page in 1931.",TRUE,TRUE,
FN,Ahmet_Cevdet_Oran,deathDate,,1935-05-27,"Ahmet Cevdet Oran (mostly known as Ahmet Cevdet; 1862–27 May 1935) was a Turkish journalist who founded an influential newspaper, İkdam which was in circulation between 1894 and 1928. He was one of the early Turkish journalists who employed pure Turkish instead of Ottoman Turkish in his writings.",TRUE,TRUE,
FN,Akhmet_Baitursynov,birthName,,Ahmet Baitursynuly,"Ahmet Baitursynuly (Kazakh: Ахметт Байтұрсынұлы, أحمد بيتورسينولي, romanized: Ahmed Baitūrsynūly; Russified: Ахмет Байтурсынов) (c. 5 September 1873 — 8 December 1937) was a Kazakh intellectual who worked in the fields of politics, poetry, linguistics and education.",TRUE,TRUE,
FP_new,Adolphe_Menjou,label,Adolphe Jean Menjou,,"Adolphe Jean Menjou (February 18, 1890 – October 29, 1963) was an American actor. His career spanned both silent films and talkies. He appeared in such films as Charlie Chaplin's A Woman of Paris, where he played the lead role; Stanley Kubrick's Paths of Glory with Kirk Douglas; Ernst Lubitsch's The Marriage Circle; The Sheik with Rudolph Valentino; Morocco with Marlene Dietrich and Gary Cooper; and A Star Is Born with Janet Gaynor and Fredric March, and was nominated for an Academy Award for The Front Page in 1931.",TRUE,FALSE,LCE
FP_new,Adolphe_Menjou,label,Adolphe Menjou,,"Adolphe Jean Menjou (February 18, 1890 – October 29, 1963) was an American actor. His career spanned both silent films and talkies. He appeared in such films as Charlie Chaplin's A Woman of Paris, where he played the lead role; Stanley Kubrick's Paths of Glory with Kirk Douglas; Ernst Lubitsch's The Marriage Circle; The Sheik with Rudolph Valentino; Morocco with Marlene Dietrich and Gary Cooper; and A Star Is Born with Janet Gaynor and Fredric March, and was nominated for an Academy Award for The Front Page in 1931.",TRUE,TRUE,
FP_new,Aguk_Shain,birthYear,8th-century,,"Aguk Shain was an 8th-century Chechen commander in the Arab-Khazar Wars. Shain is mentioned in the book Yu Aidaeva ""Chechens: Past and Present"", where he is described as the head of the Chechen-auhovtsev (auharov), which was involved in the Khazar wars with the Arabs. He was, the author assumes, the second person in the Khazar army. In addition, excavations on the outskirts of the Giachalk (Khazar-Kala) village show that he had close economic ties with Khazars. Shain led some of the Khazar troops. This confirmed the inclusion of Chechens in the Khazar Khanate, to which they were loyal.",TRUE,FALSE,DFE
FP_different,Ahmet_Cevdet_Oran,birthYear,1861,1862,"Ahmet Cevdet Oran (mostly known as Ahmet Cevdet; 1862–27 May 1935) was a Turkish journalist who founded an influential newspaper, İkdam which was in circulation between 1894 and 1928. He was one of the early Turkish journalists who employed pure Turkish instead of Ottoman Turkish in his writings.",FALSE,FALSE,FH
FN,AKM_Jahangir_Hossain,deathDate,,2020-12-24,AKM Jahangir Hossain (1954 – 24 December 2020) was a Bangladesh Awami League politician and a 4-term Jatiya Sangsad member representing the Patuakhali-3 constituency.,TRUE,TRUE,
FP_different,Ahmet_Cevdet_Oran,birthYear,1863,1862,"Ahmet Cevdet Oran (mostly known as Ahmet Cevdet; 1862–27 May 1935) was a Turkish journalist who founded an influential newspaper, İkdam which was in circulation between 1894 and 1928. He was one of the early Turkish journalists who employed pure Turkish instead of Ottoman Turkish in his writings.",FALSE,FALSE,FH
FN,Alejandro_Colunga,birthName,,Alejandro Colunga Marín,"Alejandro Colunga Marín is a Mexican artist, painter and sculptor.",TRUE,TRUE,
FP_different,Ahmet_Cevdet_Oran,birthYear,1865,1862,"Ahmet Cevdet Oran (mostly known as Ahmet Cevdet; 1862–27 May 1935) was a Turkish journalist who founded an influential newspaper, İkdam which was in circulation between 1894 and 1928. He was one of the early Turkish journalists who employed pure Turkish instead of Ottoman Turkish in his writings.",FALSE,FALSE,FH
FP_different,Akhmet_Baitursynov,label,Akhmet Baitursynuly,Akhmet Baitursynov,"Ahmet Baitursynuly (Kazakh: Ахметт Байтұрсынұлы, أحمد بيتورسينولي, romanized: Ahmed Baitūrsynūly; Russified: Ахмет Байтурсынов) (c. 5 September 1873 — 8 December 1937) was a Kazakh intellectual who worked in the fields of politics, poetry, linguistics and education.",TRUE,FALSE,WV
FN,Alexander_Macdonald%2C_17th_of_Keppoch,deathYear,,1746,"Alexander Macdonald, 17th of Keppoch (died 1746) was a Scottish clan chief, military officer, and prominent Jacobite who took part in both the 1715 and 1745 Jacobite risings. He was killed at the Battle of Culloden leading a regiment composed largely of members of his clan, the Macdonalds of Keppoch. Some genealogies give him the title 16th of Keppoch, following a previous dispute of succession.",TRUE,TRUE,
FP_new,Akhmet_Baitursynov,alias,Akhmet Baitursynuly,,"Ahmet Baitursynuly (Kazakh: Ахметт Байтұрсынұлы, أحمد بيتورسينولي, romanized: Ahmed Baitūrsynūly; Russified: Ахмет Байтурсынов) (c. 5 September 1873 — 8 December 1937) was a Kazakh intellectual who worked in the fields of politics, poetry, linguistics and education.",FALSE,TRUE,
FN,Almanzo_Wilder,birthName,,Almanzo James Wilder,"Almanzo James Wilder (/ælˈmænzoʊ ˈwaɪldər/; February 13, 1857 – October 23, 1949) was the husband of Laura Ingalls Wilder and the father of Rose Wilder Lane, both noted authors.",TRUE,TRUE,
FP_new,Akhmet_Baitursynov,alias,Akhmet Baitursynov,,"Ahmet Baitursynuly (Kazakh: Ахметт Байтұрсынұлы, أحمد بيتورسينولي, romanized: Ahmed Baitūrsynūly; Russified: Ахмет Байтурсынов) (c. 5 September 1873 — 8 December 1937) was a Kazakh intellectual who worked in the fields of politics, poetry, linguistics and education.",TRUE,TRUE,
FN,Amy_Brandon_Thomas,birthName,,Amy Marguerite Brandon Thomas,Amy Marguerite Brandon Thomas (9 March 1890 – 6 May 1974) was an English film and stage actress. She was the daughter of the playwright Brandon Thomas. She is also known as Amy Brandon-Thomas.,TRUE,TRUE,
FP_new,Akiyasu_Motohashi,birthYear,1964,,Akiyasu Motohashi is a former Grand Prix motorcycle road racer from Japan. Motohashi began his Grand Prix career in 1964 with Yamaha. He enjoyed his best season in 1966 when he finished the season in eighth place in the 125cc world championship.,TRUE,FALSE,FH
FN,Andrew_Constantinides_Zenos,birthName,,Andrew Constantinides Zenos,"Andrew Constantinides Zenos (Greek: Ανδρέας Κωνσταντινίδης Ξένος; August 13, 1855 – January 25, 1942) was a Presbyterian minister, author, translator, professor, and lecturer. He spoke eleven languages including Greek, Latin, and Hebrew. He wrote a large number of books about theology. He spent most of his career at McCormick Theological Seminary in Chicago. He was dean of the institution from 1920 to 1934. He is one of three notable Greek-American ministers in the United States during the 19th century. The other two were abolitionists John Celivergos Zachos and Photius Fisk. He frequently lectured across the United States.",TRUE,TRUE,
FP_new,Al-Muhtadi,deathDate,0870-06-21,,"Abū Isḥāq Muḥammad ibn al-Wāthiq (Arabic: أبو إسحاق محمد بن هارون الواثق) (833 – 21 June 870), better known by his regnal name Al-Muhtadī bi-'llāh (Arabic: المهتدي بالله, ""Guided by God""), was the Caliph of the Abbasid Caliphate from July 869 to June 870, during the ""Anarchy at Samarra"".",TRUE,FALSE,AC
FP_new,Al-Muhtadi,birthYear,833,,"Abū Isḥāq Muḥammad ibn al-Wāthiq (Arabic: أبو إسحاق محمد بن هارون الواثق) (833 – 21 June 870), better known by his regnal name Al-Muhtadī bi-'llāh (Arabic: المهتدي بالله, ""Guided by God""), was the Caliph of the Abbasid Caliphate from July 869 to June 870, during the ""Anarchy at Samarra"".",TRUE,TRUE,
FP_different,Al-Muhtadi,deathYear,870,8701,"Abū Isḥāq Muḥammad ibn al-Wāthiq (Arabic: أبو إسحاق محمد بن هارون الواثق) (833 – 21 June 870), better known by his regnal name Al-Muhtadī bi-'llāh (Arabic: المهتدي بالله, ""Guided by God""), was the Caliph of the Abbasid Caliphate from July 869 to June 870, during the ""Anarchy at Samarra"".",TRUE,TRUE,
FP_different,Al-Muhtadi,label,Al-Muhtadī,Al-Muhtadi,"Abū Isḥāq Muḥammad ibn al-Wāthiq (Arabic: أبو إسحاق محمد بن هارون الواثق) (833 – 21 June 870), better known by his regnal name Al-Muhtadī bi-'llāh (Arabic: المهتدي بالله, ""Guided by God""), was the Caliph of the Abbasid Caliphate from July 869 to June 870, during the ""Anarchy at Samarra"".",TRUE,FALSE,TMI
FN,Andrew_Lang_Petrie,birthName,,Andrew Lang Petrie,"Andrew Lang Petrie (25 June 1854 – 1 April 1928) was a builder, stonemason and politician in Queensland, Australia. He was a Member of the Queensland Legislative Assembly.",TRUE,TRUE,
FP_new,Al-Muhtadi,alias,Abū Isḥāq Muḥammad ibn al-Wāthiq,,"Abū Isḥāq Muḥammad ibn al-Wāthiq (Arabic: أبو إسحاق محمد بن هارون الواثق) (833 – 21 June 870), better known by his regnal name Al-Muhtadī bi-'llāh (Arabic: المهتدي بالله, ""Guided by God""), was the Caliph of the Abbasid Caliphate from July 869 to June 870, during the ""Anarchy at Samarra"".",TRUE,FALSE,WV
FP_new,Albert_Geary,label,Albert Geary,,"Albert Charles Taylor Geary (11 September 1900 – 23 January 1989) was an English cricketer. Geary was a right-handed batsman who bowled right-arm medium-fast. He was born in East Croydon, London. Having played for the Surrey Second XI since 1921 in the Minor Counties Championship, he made his first-class debut for Surrey against Somerset in the 1922 County Championship. It wouldn't be until the 1925 season that he became more of a regular starter in the Surrey XI. By the time he played his final first-class match against Lancashire in the 1931 County Championship, he had made 90 first-class appearances. Geary's role within the team was as a bowler, in his 90 first-class matches he took 198 wickets at an average of 30.64, with best figures of 6/50. These figures, one of six five wicket haul",TRUE,TRUE,
FP_new,Albert_Geary,label,Albert Charles Taylor Geary,,"Albert Charles Taylor Geary (11 September 1900 – 23 January 1989) was an English cricketer. Geary was a right-handed batsman who bowled right-arm medium-fast. He was born in East Croydon, London. Having played for the Surrey Second XI since 1921 in the Minor Counties Championship, he made his first-class debut for Surrey against Somerset in the 1922 County Championship. It wouldn't be until the 1925 season that he became more of a regular starter in the Surrey XI. By the time he played his final first-class match against Lancashire in the 1931 County Championship, he had made 90 first-class appearances. Geary's role within the team was as a bowler, in his 90 first-class matches he took 198 wickets at an average of 30.64, with best figures of 6/50. These figures, one of six five wicket haul",TRUE,FALSE,LCE
FN,Andy_McDonald_%28politician%29,birthName,,Andrew Joseph McDonald,"Andrew Joseph McDonald (born 8 March 1958) is a British Labour politician and solicitor. He served as Shadow Secretary of State for Transport in Jeremy Corbyn's shadow cabinet from 2016 to 2020, and as Shadow Secretary of State for Employment Rights and Protections under Keir Starmer before resigning in September 2021. He has been the Member of Parliament (MP) for Middlesbrough in the House of Commons since 2012.",TRUE,TRUE,
FP_new,Albert_Prince-Cox,label,Albert Prince-Cox,,"Captain Albert James Prince-Cox (8 August 1890 – 26 October 1967) was an English football manager, player and referee, boxer, boxing promoter and a fellow of the Royal Meteorological Society. Prince-Cox became the Secretary-manager of Bristol Rovers in 1930. At the time of his appointment the club were struggling financially, but he was credited with turning the situation around through his use of the player transfer market to buy and sell players for a profit. He left The Pirates (a nickname that he introduced, along with the team's blue and white quartered shirts, which are still worn today) in 1936. He then spent two years working as a full-time boxing promoter, before being appointed as manager of Gloucester City in 1938, at which point he was one of the best-known sporting figures in",TRUE,TRUE,
FN,Anne_Berest,birthName,,Anne Berest,"Anne Berest (born September 15, 1979) is a French writer and actress.",TRUE,TRUE,
FP_new,Albert_Prince-Cox,label,Albert James Prince-Cox,,"Captain Albert James Prince-Cox (8 August 1890 – 26 October 1967) was an English football manager, player and referee, boxer, boxing promoter and a fellow of the Royal Meteorological Society. Prince-Cox became the Secretary-manager of Bristol Rovers in 1930. At the time of his appointment the club were struggling financially, but he was credited with turning the situation around through his use of the player transfer market to buy and sell players for a profit. He left The Pirates (a nickname that he introduced, along with the team's blue and white quartered shirts, which are still worn today) in 1936. He then spent two years working as a full-time boxing promoter, before being appointed as manager of Gloucester City in 1938, at which point he was one of the best-known sporting figures in",TRUE,FALSE,LCE
FP_new,Alejandro_Colunga,birthYear,1925,,"Alejandro Colunga Marín is a Mexican artist, painter and sculptor.",FALSE,FALSE,FH
FP_new,Alejandro_Colunga,birthYear,1910,,"Alejandro Colunga Marín is a Mexican artist, painter and sculptor.",FALSE,FALSE,FH
FP_new,Alejandro_Colunga,birthYear,1943,,"Alejandro Colunga Marín is a Mexican artist, painter and sculptor.",FALSE,FALSE,FH
FN,Anne_Louise_Hassing,birthName,,Anne Louise Hassing,Anne Louise Hassing (born 17 September 1967) is a Danish actress. She is best known for her roles in the films Pain of Love (1992) and The Idiots (1998).,TRUE,TRUE,
FN,Antonio_d%27Aquino,deathYear,,1627,Antonio d'Aquino (died 10 January 1578) was a Roman Catholic prelate who served as Archbishop of Taranto (1618-1627) and Bishop of Sarno (1595-1618).,TRUE,FALSE,FH
FP_new,Alejandro_Colunga,birthYear,1949,,"Alejandro Colunga Marín is a Mexican artist, painter and sculptor.",FALSE,FALSE,FH
FN,Arash_Borhani,birthDate,,1983-09-14,"Arash Borhani (Persian: آرش برهانی; born 14 September 1983 in Kerman, Iran) is a retired Iranian football player and coach. He is the all-time top goal scorer of Esteghlal and also the second all-time top goal scorer in Iran's Premier Football League. He was the top goal scorer of 2008–09 Iran's Premier Football League. He was also a member of the Iran national football team. Borhani won a bronze medal in 2006 Asian Games with Iran national under-23 football team.",TRUE,TRUE,
FP_new,Alejandro_Colunga,birthYear,1935,,"Alejandro Colunga Marín is a Mexican artist, painter and sculptor.",FALSE,FALSE,FH
FP_new,Alexander_Macdonald%2C_17th_of_Keppoch,birthYear,1746,,"Alexander Macdonald, 17th of Keppoch (died 1746) was a Scottish clan chief, military officer, and prominent Jacobite who took part in both the 1715 and 1745 Jacobite risings. He was killed at the Battle of Culloden leading a regiment composed largely of members of his clan, the Macdonalds of Keppoch. Some genealogies give him the title 16th of Keppoch, following a previous dispute of succession.",TRUE,FALSE,FH
FP_different,Alexander_Macdonald%2C_17th_of_Keppoch,label,Alexander Macdonald,"Alexander Macdonald, 17th of Keppoch","Alexander Macdonald, 17th of Keppoch (died 1746) was a Scottish clan chief, military officer, and prominent Jacobite who took part in both the 1715 and 1745 Jacobite risings. He was killed at the Battle of Culloden leading a regiment composed largely of members of his clan, the Macdonalds of Keppoch. Some genealogies give him the title 16th of Keppoch, following a previous dispute of succession.",TRUE,FALSE,ICE
FP_new,Alexander_Macdonald%2C_17th_of_Keppoch,birthYear,1715,,"Alexander Macdonald, 17th of Keppoch (died 1746) was a Scottish clan chief, military officer, and prominent Jacobite who took part in both the 1715 and 1745 Jacobite risings. He was killed at the Battle of Culloden leading a regiment composed largely of members of his clan, the Macdonalds of Keppoch. Some genealogies give him the title 16th of Keppoch, following a previous dispute of succession.",TRUE,FALSE,WV
FP_new,Alioune_Ba_%28footballer%29,label,Alioune Ba,,Alioune Ba (born 7 May 1989) is a French professional footballer who plays as a defender.,TRUE,FALSE,ICE
FP_new,Allan_Potts,label,Allan W.Potts,,"Allan W. Potts (May 14, 1904 – November 5, 1952) was an American who competed in the 1932 Winter Olympics and in the 1936 Winter Olympics. Inducted May 18, 1967, at Detroit, Michigan, into The National Speedskating Hall of Fame and also once known as The Fastest Human. He was born in Brooklyn and died in New York City. In 1932 he participated in the 500 metres event but was eliminated in the heats.",FALSE,FALSE,LCE
FP_new,Almanzo_Wilder,label,Almanzo James Wilder,,"Almanzo James Wilder (/ælˈmænzoʊ ˈwaɪldər/; February 13, 1857 – October 23, 1949) was the husband of Laura Ingalls Wilder and the father of Rose Wilder Lane, both noted authors.",TRUE,FALSE,LCE
FP_new,Almanzo_Wilder,label,Almanzo Wilder,,"Almanzo James Wilder (/ælˈmænzoʊ ˈwaɪldər/; February 13, 1857 – October 23, 1949) was the husband of Laura Ingalls Wilder and the father of Rose Wilder Lane, both noted authors.",TRUE,TRUE,
FP_new,Amber_Hunt_%28journalist%29,label,Amber Hunt,,"Amber Hunt (born August 26, 1978) is an American journalist, podcaster, and author known for reporting on true crime. She is the host and co-creator of three true crime podcasts, Accused, Aftermath, and Crimes of the Centuries and has published four true crime books. As of February 2020, she works as an investigative reporter at The Cincinnati Enquirer.",TRUE,FALSE,ICE
FP_new,Anat_Fabrikant,birthName,Anat Fabrikant-Kreiz,,"Anat Fabrikant-Kreiz (ענת פבריקנט; born September 14, 1975) is an Israeli former Olympic competitive sailor.",TRUE,TRUE,
FN,Armanda_Berta_dos_Santos,birthName,,Armanda Berta dos Santos,"Armanda Berta dos Santos (born 11 October 1974) is an East Timorese politician, and the leader of the Kmanek Haburas Unidade Nasional Timor Oan (KHUNTO) political party. She is the more senior of East Timor's two incumbent Deputy Prime Ministers, serving since May 2020 under the VIII Constitutional Government of East Timor led by Taur Matan Ruak. She is also the incumbent Minister of Social Solidarity and Inclusion, serving in that position since the government was formed in June 2018.",TRUE,TRUE,
FP_new,Andr%C3%A9s_Avelino_C%C3%A1ceres,birthName,Andrés Avelino Cáceres Dorregaray,,"Andrés Avelino Cáceres Dorregaray (November 10, 1836 – October 10, 1923) served as the President of Peru two times during the 19th century, from 1886 to 1890 as the 27th President of Peru, and again from 1894 to 1895 as the 30th President of Peru. In Peru, he is considered a national hero for leading the resistance to Chilean occupation during the War of the Pacific (1879–1883), where he fought as a General in the Peruvian Army.",TRUE,TRUE,
FP_new,Andy_Masi,birthYear,1961,,"Andy Masi is an American entrepreneur, real estate developer, and business executive. With Andrew Sasson, he co-founded The Light Group, which was sold to the Hakkasan Group in 2014. In 2015, he founded Clique Hospitality, another hospitality and entertainment management firm. The company operates numerous bars, clubs, and restaurants, most of which are located in hotels.",FALSE,FALSE,FH
FP_new,Andy_Masi,birthYear,2014,,"Andy Masi is an American entrepreneur, real estate developer, and business executive. With Andrew Sasson, he co-founded The Light Group, which was sold to the Hakkasan Group in 2014. In 2015, he founded Clique Hospitality, another hospitality and entertainment management firm. The company operates numerous bars, clubs, and restaurants, most of which are located in hotels.",TRUE,FALSE,WV
FN,Audu_Bako,deathYear,,1980,Audu Bako (1924–1980) was a Nigerian police officer and the first Governor of Kano State during the military regime of General Yakubu Gowon after the state was formed from part of Northern Region.,TRUE,TRUE,
FP_new,Andy_Masi,birthYear,1916,,"Andy Masi is an American entrepreneur, real estate developer, and business executive. With Andrew Sasson, he co-founded The Light Group, which was sold to the Hakkasan Group in 2014. In 2015, he founded Clique Hospitality, another hospitality and entertainment management firm. The company operates numerous bars, clubs, and restaurants, most of which are located in hotels.",FALSE,FALSE,FH
FN,Azumi_Asakura,birthName,,Azumi Yamamoto,"Azumi Yamamoto (山本 杏美, Yamamoto Azumi, born February 15, 1987), also known as Azumi Asakura (浅倉 杏美, Asakura Azumi), is a Japanese voice actress affiliated with Arts Vision.",TRUE,TRUE,
FP_new,Andy_Masi,birthYear,1935,,"Andy Masi is an American entrepreneur, real estate developer, and business executive. With Andrew Sasson, he co-founded The Light Group, which was sold to the Hakkasan Group in 2014. In 2015, he founded Clique Hospitality, another hospitality and entertainment management firm. The company operates numerous bars, clubs, and restaurants, most of which are located in hotels.",FALSE,FALSE,FH
FP_new,Andy_Masi,birthYear,2001,,"Andy Masi is an American entrepreneur, real estate developer, and business executive. With Andrew Sasson, he co-founded The Light Group, which was sold to the Hakkasan Group in 2014. In 2015, he founded Clique Hospitality, another hospitality and entertainment management firm. The company operates numerous bars, clubs, and restaurants, most of which are located in hotels.",FALSE,FALSE,FH
FN,Balzhan_Bultrikova,birthName,,Balzhan Böltırıkova,"Balzhan Bultrikova (Kazakh: Балжан Бөлтірікова; Baljan Böltırıkova, 15 November 1921 – 14 May 1998) was a Soviet and Kazakh teacher and politician who helped establish the diplomatic corps in the Kazakh Soviet Socialist Republic. She was the first woman to serve as Minister of Foreign Affairs and first Kazakh diplomat to participate in the General Assembly of the United Nations. She was honored with numerous medals and awards, including the Order of the Badge of Honour and the Order of the Red Banner of Labour.",TRUE,TRUE,
FP_new,Andy_McDonald_%28politician%29,label,Andy Joseph McDonald,,"Andrew Joseph McDonald (born 8 March 1958) is a British Labour politician and solicitor. He served as Shadow Secretary of State for Transport in Jeremy Corbyn's shadow cabinet from 2016 to 2020, and as Shadow Secretary of State for Employment Rights and Protections under Keir Starmer before resigning in September 2021. He has been the Member of Parliament (MP) for Middlesbrough in the House of Commons since 2012.",TRUE,FALSE,WV
FP_new,Andy_McDonald_%28politician%29,label,Andy McDonald,,"Andrew Joseph McDonald (born 8 March 1958) is a British Labour politician and solicitor. He served as Shadow Secretary of State for Transport in Jeremy Corbyn's shadow cabinet from 2016 to 2020, and as Shadow Secretary of State for Employment Rights and Protections under Keir Starmer before resigning in September 2021. He has been the Member of Parliament (MP) for Middlesbrough in the House of Commons since 2012.",TRUE,FALSE,ICE
FP_new,Andy_McLaren_%28footballer%2C_born_1922%29,label,Andy McLaren,,Andrew McLaren (24 January 1922 – 14 December 1996) was a Scottish professional footballer who played as an inside forward. He was on the books of a number of teams in The Football League.,TRUE,FALSE,ICE
FN,Basiliscus,deathYear,,4701,"Basiliscus (Greek: Βασιλίσκος, Basilískos; died 476/477) was Eastern Roman emperor from 9 January 475 to August 476. He became magister militum per Thracias in 464, under his brother-in-law, Emperor Leo (r. 457–474). Basiliscus commanded the army for an invasion of the Vandal Kingdom in 468, which was defeated at the Battle of Cape Bon. There were accusations at the time that Basiliscus was bribed by Aspar, the magister militum; many historians dismiss this, instead concluding that Basiliscus was either incompetent or foolish for accepting Vandal King Gaiseric's offer of a truce, which the latter used to construct fireships. Basiliscus's defeat cost the Eastern Empire 130,000 pounds (59,000 kg) of gold, causing the empire to hover above bankruptcy for 30 years. When Basiliscus returned to",FALSE,FALSE,WV
FN,Bernadeta_Bocek-Piotrowska,birthName,,Bernadeta Maria Bocek-Piotrowska,"Bernadeta Maria Bocek-Piotrowska (born March 11, 1970 in Istebna) is a Polish former cross-country skier who competed in the early 1990s. In the Olympics she was competing in 5, 15 and 30 km races, the 5 + 10 km pursuit and the 4 × 5 km relays. She took part in the 1992 Winter Olympics in Albertville with her best result being a 10th rank in women's 4 × 5 km relay. She finished eighth in the 4 × 5 km relay at the 1994 Winter Olympics in Lillehammer. In 1993 she was seventh in the 30 km race during world championships in Falun. In the 1998 Winter Olympics in Nagano the 4 × 5 km relay team became 13th, which was her best result in this games.",TRUE,TRUE,
FP_new,Antonio_d%27Aquino,birthDate,1578-01-10,,Antonio d'Aquino (died 10 January 1578) was a Roman Catholic prelate who served as Archbishop of Taranto (1618-1627) and Bishop of Sarno (1595-1618).,TRUE,FALSE,WV
FP_new,Antonio_d%27Aquino,birthYear,1578,,Antonio d'Aquino (died 10 January 1578) was a Roman Catholic prelate who served as Archbishop of Taranto (1618-1627) and Bishop of Sarno (1595-1618).,TRUE,FALSE,WV
FP_new,Antonio_d%27Aquino,deathDate,1578-01-10,,Antonio d'Aquino (died 10 January 1578) was a Roman Catholic prelate who served as Archbishop of Taranto (1618-1627) and Bishop of Sarno (1595-1618).,TRUE,TRUE,
FP_new,Antonio_d%27Aquino,birthYear,1618,,Antonio d'Aquino (died 10 January 1578) was a Roman Catholic prelate who served as Archbishop of Taranto (1618-1627) and Bishop of Sarno (1595-1618).,TRUE,FALSE,WV
FP_different,Antonio_d%27Aquino,deathYear,1578,1627,Antonio d'Aquino (died 10 January 1578) was a Roman Catholic prelate who served as Archbishop of Taranto (1618-1627) and Bishop of Sarno (1595-1618).,TRUE,TRUE,
FP_new,Art_Rico,label,Art Rico,,"Arthur Ramon Rico (July 23, 1895 – January 3, 1919) was an American professional baseball player whose career spanned two seasons (1916–17), including parts of those seasons in Major League Baseball with the Boston Braves. Over his major league career, Rico, a catcher, compiled a.222 batting average with four hits in 18 at-bats. He also played in the minor leagues with the Class-B Springfield Green Sox.",TRUE,TRUE,
FP_new,Arthur_Paget_%28British_Army_officer%29,label,Arthur Henry Fitzroy Paget,,"General Sir Arthur Henry Fitzroy Paget, GCB, GCVO, PC (Ire) (1 March 1851 – 8 December 1928) was a soldier who reached the rank of General and served as Commander-in-Chief, Ireland, where he was partly responsible for the Curragh Incident.",TRUE,FALSE,WV
FP_new,Arthur_Paget_%28British_Army_officer%29,label,Arthur Paget,,"General Sir Arthur Henry Fitzroy Paget, GCB, GCVO, PC (Ire) (1 March 1851 – 8 December 1928) was a soldier who reached the rank of General and served as Commander-in-Chief, Ireland, where he was partly responsible for the Curragh Incident.",TRUE,FALSE,ICE
FN,Beth_Campbell_%28jurist%29,birthName,,Lisbeth Campbell,Lisbeth Campbell is a Magistrate of the Australian Capital Territory. She was sworn in as a Magistrate on 5 August 1998. She is the second woman to be appointed as a magistrate in the Australian Capital Territory.,TRUE,TRUE,
FP_new,Arthur_Paget_%28British_Army_officer%29,label,"Arthur Paget, GCB, GCVO, PC",,"General Sir Arthur Henry Fitzroy Paget, GCB, GCVO, PC (Ire) (1 March 1851 – 8 December 1928) was a soldier who reached the rank of General and served as Commander-in-Chief, Ireland, where he was partly responsible for the Curragh Incident.",TRUE,FALSE,LCE
FP_new,Arthur_Paget_%28British_Army_officer%29,label,Arthur Paget Paget,,"General Sir Arthur Henry Fitzroy Paget, GCB, GCVO, PC (Ire) (1 March 1851 – 8 December 1928) was a soldier who reached the rank of General and served as Commander-in-Chief, Ireland, where he was partly responsible for the Curragh Incident.",TRUE,FALSE,SG
FP_new,Ashley_Lloyd,birthName,Ashley Luke Lloyd,,"Ashley Lloyd (billed as Ashley Luke Lloyd) (born 6 July 1991) is a British actor and dancer, who has performed in hit musical theatre shows such as Billy Elliot the Musical and Whistle Down the Wind. In 2012 Lloyd appeared in the new musical Loserville at the Garrick Theatre in London. Lloyd appeared in the Original London Cast of Dreamgirls at The Savoy Theatre and is now appearing in Saturday Night Fever at The Peacock Theatre in London. Fans of Hollyoaks might recognise Lloyd from the hit TV show playing Troy.",TRUE,FALSE,WV
FN,Beverly_L%2E_Clarke,birthName,,Beverly Leonidas Clarke,"Beverly Leonidas Clarke (February 11, 1809 – March 17, 1860) was a U.S. Representative from Kentucky. He was known for his ""sterling integrity, gentlemanly manners, and polished oratory.""",TRUE,TRUE,
FP_new,Aybek_Orozaliyev,birthYear,1935,,Aybek Orozaliyev is a retired Kyrgyzstani footballer who is a midfield. He last played for. He was a member of the Kyrgyzstan national football team.,FALSE,FALSE,FH
FP_new,Aybek_Orozaliyev,birthYear,1914,,Aybek Orozaliyev is a retired Kyrgyzstani footballer who is a midfield. He last played for. He was a member of the Kyrgyzstan national football team.,FALSE,FALSE,FH
FP_new,Aybek_Orozaliyev,birthYear,1928,,Aybek Orozaliyev is a retired Kyrgyzstani footballer who is a midfield. He last played for. He was a member of the Kyrgyzstan national football team.,FALSE,FALSE,FH
FP_new,Aybek_Orozaliyev,birthYear,1925,,Aybek Orozaliyev is a retired Kyrgyzstani footballer who is a midfield. He last played for. He was a member of the Kyrgyzstan national football team.,FALSE,FALSE,FH
FP_new,Aybek_Orozaliyev,birthYear,1953,,Aybek Orozaliyev is a retired Kyrgyzstani footballer who is a midfield. He last played for. He was a member of the Kyrgyzstan national football team.,FALSE,FALSE,FH
FN,Bob_Franklin_%28comedian%29,birthName,,Robert Andrew Franklin,"Robert Andrew Franklin (born 1965), is a Hillingdon, London-born, Welsh raised, comedian who has lived in Australia since 1989.",TRUE,TRUE,
FP_new,Aybek_Orozaliyev,birthYear,1961,,Aybek Orozaliyev is a retired Kyrgyzstani footballer who is a midfield. He last played for. He was a member of the Kyrgyzstan national football team.,FALSE,FALSE,FH
FP_different,Azumi_Asakura,birthName,Azumi Yamamoto Azumi,Azumi Yamamoto,"Azumi Yamamoto (山本 杏美, Yamamoto Azumi, born February 15, 1987), also known as Azumi Asakura (浅倉 杏美, Asakura Azumi), is a Japanese voice actress affiliated with Arts Vision.",FALSE,FALSE,SG
FP_new,Barbara_Bedford_%28swimmer%29,label,Barbara Jane Bedford,,"Barbara Jane Bedford (born November 9, 1972), who competed as BJ Bedford, currently known by her married name, Barbara Miller, is an American former competition swimmer, Olympic champion, and former world record-holder. Bedford represented the United States at the 2000 Summer Olympics in Sydney, Australia. She was a member of the U.S. team that won the Olympic gold medal in the women's 4×100-meter medley relay and set a new world record of 3:58.30 in the event final. Her record-setting teammates included Megan Quann (breaststroke), Jenny Thompson (butterfly), and Dara Torres (freestyle).",TRUE,FALSE,WV
FP_new,Barbara_Bedford_%28swimmer%29,birthName,Barbara Jane Bedford,,"Barbara Jane Bedford (born November 9, 1972), who competed as BJ Bedford, currently known by her married name, Barbara Miller, is an American former competition swimmer, Olympic champion, and former world record-holder. Bedford represented the United States at the 2000 Summer Olympics in Sydney, Australia. She was a member of the U.S. team that won the Olympic gold medal in the women's 4×100-meter medley relay and set a new world record of 3:58.30 in the event final. Her record-setting teammates included Megan Quann (breaststroke), Jenny Thompson (butterfly), and Dara Torres (freestyle).",TRUE,TRUE,
FP_new,Barbara_Bedford_%28swimmer%29,label,Barbara Bedford,,"Barbara Jane Bedford (born November 9, 1972), who competed as BJ Bedford, currently known by her married name, Barbara Miller, is an American former competition swimmer, Olympic champion, and former world record-holder. Bedford represented the United States at the 2000 Summer Olympics in Sydney, Australia. She was a member of the U.S. team that won the Olympic gold medal in the women's 4×100-meter medley relay and set a new world record of 3:58.30 in the event final. Her record-setting teammates included Megan Quann (breaststroke), Jenny Thompson (butterfly), and Dara Torres (freestyle).",TRUE,FALSE,ICE
FN,Bob_Goen,birthName,,Robert Kuehl Goen,"Robert Kuehl Goen (born December 1, 1954) is an American game show emcee and television personality, best known for his work on Entertainment Tonight between 1993 and 2004 and as the fourth and final host of the daytime Wheel of Fortune from 1989 to 1991.",TRUE,TRUE,
FP_new,Barbara_Bedford_%28swimmer%29,birthName,Barbara Miller,,"Barbara Jane Bedford (born November 9, 1972), who competed as BJ Bedford, currently known by her married name, Barbara Miller, is an American former competition swimmer, Olympic champion, and former world record-holder. Bedford represented the United States at the 2000 Summer Olympics in Sydney, Australia. She was a member of the U.S. team that won the Olympic gold medal in the women's 4×100-meter medley relay and set a new world record of 3:58.30 in the event final. Her record-setting teammates included Megan Quann (breaststroke), Jenny Thompson (butterfly), and Dara Torres (freestyle).",TRUE,FALSE,WV
FP_new,Barry_Moran,birthYear,1944,,Barry Moran is a former Gaelic footballer who played at senior level for the Mayo county team until his retirement in July 2018. Moran also played club football for Castlebar Mitchels. He started at midfield in the 2012 final which Mayo lost by 0-13 to 2-11 against Donegal.,FALSE,FALSE,FH
FP_new,Barry_Moran,birthYear,1935,,Barry Moran is a former Gaelic footballer who played at senior level for the Mayo county team until his retirement in July 2018. Moran also played club football for Castlebar Mitchels. He started at midfield in the 2012 final which Mayo lost by 0-13 to 2-11 against Donegal.,FALSE,FALSE,FH
FP_new,Barry_Moran,birthYear,1961,,Barry Moran is a former Gaelic footballer who played at senior level for the Mayo county team until his retirement in July 2018. Moran also played club football for Castlebar Mitchels. He started at midfield in the 2012 final which Mayo lost by 0-13 to 2-11 against Donegal.,FALSE,FALSE,FH
FP_new,Basiliscus,birthYear,476,,"Basiliscus (Greek: Βασιλίσκος, Basilískos; died 476/477) was Eastern Roman emperor from 9 January 475 to August 476. He became magister militum per Thracias in 464, under his brother-in-law, Emperor Leo (r. 457–474). Basiliscus commanded the army for an invasion of the Vandal Kingdom in 468, which was defeated at the Battle of Cape Bon. There were accusations at the time that Basiliscus was bribed by Aspar, the magister militum; many historians dismiss this, instead concluding that Basiliscus was either incompetent or foolish for accepting Vandal King Gaiseric's offer of a truce, which the latter used to construct fireships. Basiliscus's defeat cost the Eastern Empire 130,000 pounds (59,000 kg) of gold, causing the empire to hover above bankruptcy for 30 years. When Basiliscus returned to",TRUE,FALSE,WV
FP_new,Benedykt_Kraskowski,deathDate,1944-12-16,,"Benedykt Kraskowski (1904, Biała Podlaska, Poland – 1944), was a Polish ""Righteous Among the Nations"" of German descent, with Jews he employed in his carpentry workshop. Kraskowski, who lived in Biala Podlaska, hid Jews and procured forged identity documents for them. For those in hiding who wished to join the partisans, he provided money and food. Kraskowski was killed by Ukrainian nationalists in 1944. On December 16, 1986, for saving Jews, he was posthumously recognized as a Righteous among the Nations by Yad Vashem, the highest honor given to a non-Jew.",FALSE,FALSE,AC
FN,Bonnie_Bassler,birthName,,Bonnie Lynn Bassler,"Bonnie Lynn Bassler (born 1962) is an American molecular biologist; the Squibb Professor in Molecular Biology and chair of the Department of Molecular Biology at Princeton University; and a Howard Hughes Medical Institute Investigator. She has researched cell-to-cell chemical communication in bacteria and discovered key insights into the mechanism by which bacteria communicate, known as quorum sensing. She has contributed to the idea that disruption of chemical signaling can be used as an antimicrobial therapy.",TRUE,TRUE,
FP_new,Benedykt_Kraskowski,deathDate,1986-12-16,,"Benedykt Kraskowski (1904, Biała Podlaska, Poland – 1944), was a Polish ""Righteous Among the Nations"" of German descent, with Jews he employed in his carpentry workshop. Kraskowski, who lived in Biala Podlaska, hid Jews and procured forged identity documents for them. For those in hiding who wished to join the partisans, he provided money and food. Kraskowski was killed by Ukrainian nationalists in 1944. On December 16, 1986, for saving Jews, he was posthumously recognized as a Righteous among the Nations by Yad Vashem, the highest honor given to a non-Jew.",FALSE,FALSE,WV
FP_different,Benedykt_Kraskowski,deathYear,1986,1944,"Benedykt Kraskowski (1904, Biała Podlaska, Poland – 1944), was a Polish ""Righteous Among the Nations"" of German descent, with Jews he employed in his carpentry workshop. Kraskowski, who lived in Biala Podlaska, hid Jews and procured forged identity documents for them. For those in hiding who wished to join the partisans, he provided money and food. Kraskowski was killed by Ukrainian nationalists in 1944. On December 16, 1986, for saving Jews, he was posthumously recognized as a Righteous among the Nations by Yad Vashem, the highest honor given to a non-Jew.",TRUE,FALSE,WV
FP_new,Bernadeta_Bocek-Piotrowska,label,Bernadeta Maria Bocek-Piotrowska,,"Bernadeta Maria Bocek-Piotrowska (born March 11, 1970 in Istebna) is a Polish former cross-country skier who competed in the early 1990s. In the Olympics she was competing in 5, 15 and 30 km races, the 5 + 10 km pursuit and the 4 × 5 km relays. She took part in the 1992 Winter Olympics in Albertville with her best result being a 10th rank in women's 4 × 5 km relay. She finished eighth in the 4 × 5 km relay at the 1994 Winter Olympics in Lillehammer. In 1993 she was seventh in the 30 km race during world championships in Falun. In the 1998 Winter Olympics in Nagano the 4 × 5 km relay team became 13th, which was her best result in this games.",TRUE,FALSE,WV
FP_new,Bernadeta_Bocek-Piotrowska,label,Bernadeta Bocek-Piotrowska,,"Bernadeta Maria Bocek-Piotrowska (born March 11, 1970 in Istebna) is a Polish former cross-country skier who competed in the early 1990s. In the Olympics she was competing in 5, 15 and 30 km races, the 5 + 10 km pursuit and the 4 × 5 km relays. She took part in the 1992 Winter Olympics in Albertville with her best result being a 10th rank in women's 4 × 5 km relay. She finished eighth in the 4 × 5 km relay at the 1994 Winter Olympics in Lillehammer. In 1993 she was seventh in the 30 km race during world championships in Falun. In the 1998 Winter Olympics in Nagano the 4 × 5 km relay team became 13th, which was her best result in this games.",TRUE,TRUE,
FP_different,Bernadeta_Bocek-Piotrowska,birthName,Maria Bocek-Piotrowska,Bernadeta Maria Bocek-Piotrowska,"Bernadeta Maria Bocek-Piotrowska (born March 11, 1970 in Istebna) is a Polish former cross-country skier who competed in the early 1990s. In the Olympics she was competing in 5, 15 and 30 km races, the 5 + 10 km pursuit and the 4 × 5 km relays. She took part in the 1992 Winter Olympics in Albertville with her best result being a 10th rank in women's 4 × 5 km relay. She finished eighth in the 4 × 5 km relay at the 1994 Winter Olympics in Lillehammer. In 1993 she was seventh in the 30 km race during world championships in Falun. In the 1998 Winter Olympics in Nagano the 4 × 5 km relay team became 13th, which was her best result in this games.",TRUE,FALSE,ICE
FP_new,Beth_Campbell_%28jurist%29,label,Beth Campbell,,Lisbeth Campbell is a Magistrate of the Australian Capital Territory. She was sworn in as a Magistrate on 5 August 1998. She is the second woman to be appointed as a magistrate in the Australian Capital Territory.,TRUE,FALSE,ICE
FP_different,Beth_Campbell_%28jurist%29,birthName,Beth Campbell,Lisbeth Campbell,Lisbeth Campbell is a Magistrate of the Australian Capital Territory. She was sworn in as a Magistrate on 5 August 1998. She is the second woman to be appointed as a magistrate in the Australian Capital Territory.,TRUE,FALSE,WV
FP_new,Beth_Campbell_%28jurist%29,birthDate,1998-08-05,,Lisbeth Campbell is a Magistrate of the Australian Capital Territory. She was sworn in as a Magistrate on 5 August 1998. She is the second woman to be appointed as a magistrate in the Australian Capital Territory.,TRUE,FALSE,WV
FN,Brian_Baumgartner,birthName,,Brian Baumgartner,"Brian Baumgartner (born November 29, 1972) is an American actor. He is best known for playing Kevin Malone, a character in the NBC sitcom The Office (2005–2013).",TRUE,TRUE,
FP_new,Beth_Campbell_%28jurist%29,birthYear,1998,,Lisbeth Campbell is a Magistrate of the Australian Capital Territory. She was sworn in as a Magistrate on 5 August 1998. She is the second woman to be appointed as a magistrate in the Australian Capital Territory.,TRUE,FALSE,WV
FN,Brian_Patrick_Regan,birthName,,Brian Patrick Regan,"Brian Patrick Regan (born October 23, 1962, in New York City, New York) is a former master sergeant in the United States Air Force who was convicted of offering to sell secret information to foreign governments.",TRUE,TRUE,
FN,Bruce_Baird,birthName,,Bruce George Baird,"Bruce George Baird, AM (born 28 February 1942), is a former Australian politician whose career included a stint as Deputy Leader of the Liberal Party in New South Wales.",TRUE,TRUE,
FP_new,Beverly_L%2E_Clarke,label,Beverly Leonidas Clarke,,"Beverly Leonidas Clarke (February 11, 1809 – March 17, 1860) was a U.S. Representative from Kentucky. He was known for his ""sterling integrity, gentlemanly manners, and polished oratory.""",TRUE,FALSE,WV
FP_new,Bill_Dole,label,Bill Dole,,"William Edward Dole Sr. (July 5, 1909 – February 7, 1966) was an American football coach. He served as the head football coach at East Carolina University from 1949 to 1951 and Davidson College from 1952 to 1964, compiling a career college football coaching record of 58–80–5.",TRUE,TRUE,
FP_new,Bill_Dole,label,Bill Dole Sr.,,"William Edward Dole Sr. (July 5, 1909 – February 7, 1966) was an American football coach. He served as the head football coach at East Carolina University from 1949 to 1951 and Davidson College from 1952 to 1964, compiling a career college football coaching record of 58–80–5.",TRUE,FALSE,LCE
FP_new,Bob_Dudley-Jones,label,Bob Dudley-Jones,,Robert David Louis Dudley-Jones (born 26 May 1952) is a former Welsh cricketer who played for Glamorgan from 1972 to 1974. He was a right-arm medium pace bowler and right-handed batsman.,TRUE,TRUE,
FP_new,Bob_Dudley-Jones,label,Bob David Louis Dudley-Jones,,Robert David Louis Dudley-Jones (born 26 May 1952) is a former Welsh cricketer who played for Glamorgan from 1972 to 1974. He was a right-arm medium pace bowler and right-handed batsman.,TRUE,FALSE,WV
FN,Charles_J%2E_Pedersen,birthName,,Charles John Pedersen,"Charles John Pedersen (Japanese: 安井 良男, October 3, 1904 – October 26, 1989) was an American organic chemist best known for describing methods of synthesizing crown ethers during his entire 42-year career as a chemist for DuPont at DuPont Experimental Station in Wilmington, Delaware and at DuPont's Jackson Laboratory in Deepwater, New Jersey. Often associated with Reed McNeil Izatt, Pedersen also shared the Nobel Prize in Chemistry in 1987 with Donald J. Cram and Jean-Marie Lehn. He is the only Nobel Prize laureate born in Korea other than Peace Prize laureate Kim Dae-jung.",TRUE,TRUE,
FP_new,Bob_Franklin_%28comedian%29,label,Bob Andrew Franklin,,"Robert Andrew Franklin (born 1965), is a Hillingdon, London-born, Welsh raised, comedian who has lived in Australia since 1989.",TRUE,FALSE,WV
FN,Charles_W%2E_Henderson,birthName,,Charles William Henderson,"Charles William Henderson (born August 26, 1948) is a retired Marine Corps Warrant Officer and an author based in Colorado. Henderson is best known for his 2 biographies, Marine Sniper: 93 Confirmed Kills and Silent Warrior about Marine Corps Sniper Carlos Hathcock.",TRUE,TRUE,
FP_new,Bob_Franklin_%28comedian%29,birthYear,1965,,"Robert Andrew Franklin (born 1965), is a Hillingdon, London-born, Welsh raised, comedian who has lived in Australia since 1989.",TRUE,TRUE,
FP_new,Bob_Franklin_%28comedian%29,label,Bob Franklin,,"Robert Andrew Franklin (born 1965), is a Hillingdon, London-born, Welsh raised, comedian who has lived in Australia since 1989.",TRUE,FALSE,ICE
FP_new,Bob_Peak,label,Bob M.Peak,,"Robert M. Peak (May 30, 1927 – August 1, 1992) was an American commercial illustrator. He is best known for his developments in the design of the modern film poster. His artwork has been on the cover of Time magazine, TV Guide, and Sports Illustrated. He also illustrated advertisements and U.S. postage stamps.",FALSE,FALSE,WV
FP_new,Bob_Peak,label,Bob Peak,,"Robert M. Peak (May 30, 1927 – August 1, 1992) was an American commercial illustrator. He is best known for his developments in the design of the modern film poster. His artwork has been on the cover of Time magazine, TV Guide, and Sports Illustrated. He also illustrated advertisements and U.S. postage stamps.",TRUE,TRUE,
FP_different,Bojan_Krki%C4%87,label,Bojan Krkić Pérez,Bojan Krkić,"Bojan Krkić Pérez (Spanish pronunciation: [ˈboʝaŋ ˈkiɾkitʃ ˈpeɾeθ]; Serbian Cyrillic: Бојан Кркић Перез, pronounced [bǒjan kr̩̂kitɕ pěrez]; born 28 August 1990), also known as simply Bojan, is a Spanish footballer who plays as a forward for J1 League club Vissel Kobe. Roma did not exercise their option of an additional €28 million to sign Bojan definitively, and so Barcelona re-signed him for €13 million. He spent the 2013–14 season on loan at Dutch club Ajax with whom he helped win the Eredivisie title. In July 2014, Bojan joined English club Stoke City for €1.8 million.",TRUE,FALSE,LCE
FN,Charlie_Heaton,birthName,,Charlie Ross Heaton,"Charlie Ross Heaton (born 6 February 1994) is an English actor. He first gained recognition for starring as Jonathan Byers in the Netflix science fiction horror series Stranger Things (2016–present). Beginning his career as a musician, Heaton appeared on British television before starring in Stranger Things and feature films like the 2016 indie thriller Shut In; he has since starred in the thriller films Marrowbone (2017) and The New Mutants (2020), among others.",TRUE,TRUE,
FP_new,Bona_%28singer%29,label,Bona,,"Kim Ji-yeon (Korean: 김지연; born August 19, 1995), better known by her stage name Bona, is a South Korean singer and actress. She is a member of the South Korean-Chinese girl group WJSN, and also its sub-unit WJSN The Black. She made her acting debut in the KBS2 drama Hit the Top (2017), and was cast as the female lead in the teen drama Girls' Generation 1979 (2018). Most recently, Bona gained recognition for her portrayal as world champion and gold medalist fencer Ko Yu-rim in the tvN drama Twenty-Five Twenty-One (2022).",TRUE,FALSE,ICE
FP_new,Bona_%28singer%29,label,Bona Bona,,"Kim Ji-yeon (Korean: 김지연; born August 19, 1995), better known by her stage name Bona, is a South Korean singer and actress. She is a member of the South Korean-Chinese girl group WJSN, and also its sub-unit WJSN The Black. She made her acting debut in the KBS2 drama Hit the Top (2017), and was cast as the female lead in the teen drama Girls' Generation 1979 (2018). Most recently, Bona gained recognition for her portrayal as world champion and gold medalist fencer Ko Yu-rim in the tvN drama Twenty-Five Twenty-One (2022).",TRUE,FALSE,SG
FN,Charlotte_D%27Alessio,birthName,,Briar Christina D'Alessio,"Charlotte Briar Christina D’Alessio (born Briar Christina D’Alessio; May 5, 1998) is a Canadian model and social media influencer. She was discovered at Coachella.",TRUE,TRUE,
FP_new,Bonnie_Bassler,label,Bonnie Lynn Bassler,,"Bonnie Lynn Bassler (born 1962) is an American molecular biologist; the Squibb Professor in Molecular Biology and chair of the Department of Molecular Biology at Princeton University; and a Howard Hughes Medical Institute Investigator. She has researched cell-to-cell chemical communication in bacteria and discovered key insights into the mechanism by which bacteria communicate, known as quorum sensing. She has contributed to the idea that disruption of chemical signaling can be used as an antimicrobial therapy.",TRUE,FALSE,WV
FP_new,Bonnie_Bassler,label,Bonnie Bassler,,"Bonnie Lynn Bassler (born 1962) is an American molecular biologist; the Squibb Professor in Molecular Biology and chair of the Department of Molecular Biology at Princeton University; and a Howard Hughes Medical Institute Investigator. She has researched cell-to-cell chemical communication in bacteria and discovered key insights into the mechanism by which bacteria communicate, known as quorum sensing. She has contributed to the idea that disruption of chemical signaling can be used as an antimicrobial therapy.",TRUE,TRUE,
FN,Chris_Gheysens,birthName,,Chris Gheysens,"Chris Gheysens (born March 31, 1971) is an American businessman who serves as the President and Chief Executive Officer of Wawa Inc., a privately held chain of convenience store and gas stations with over 900 locations along the East Coast of the United States.",TRUE,TRUE,
FP_new,Brad_Moore,label,Brad Moore,,"Bradley Alan Moore (born June 21, 1964) is a former pitcher in Major League Baseball who played for the Philadelphia Phillies in parts of two seasons spanning 1988–1990.",TRUE,TRUE,
FP_new,Brady_Clark_%28curler%29,label,Brady Clark,,"Brady Clark (born September 12, 1977) is an American curler from Lynnwood, Washington. Clark is a ten-time national mixed champion, three-time national mixed doubles champion, and two-time national men's champion (2013 & 2016). He has played in three World Mixed Doubles Curling Championships and one World Men's Championship.",TRUE,FALSE,ICE
FP_new,Bruce_Baird,label,Bruce George Baird,,"Bruce George Baird, AM (born 28 February 1942), is a former Australian politician whose career included a stint as Deputy Leader of the Liberal Party in New South Wales.",TRUE,FALSE,WV
FN,Chuck_Bundrant,birthName,,Charles Hardin Bundrant,"Charles Hardin Bundrant (January 31, 1942 – October 17, 2021) was an American billionaire businessman and the co-founder, chairman, and majority owner of Trident Seafoods. At his death, his net worth was estimated at US$1.3 billion.",TRUE,TRUE,
FP_new,Bruce_Baird,label,Bruce Baird,,"Bruce George Baird, AM (born 28 February 1942), is a former Australian politician whose career included a stint as Deputy Leader of the Liberal Party in New South Wales.",TRUE,TRUE,
FP_new,Bruce_Baird,label,Bruceaird,,"Bruce George Baird, AM (born 28 February 1942), is a former Australian politician whose career included a stint as Deputy Leader of the Liberal Party in New South Wales.",FALSE,FALSE,MCE
FP_new,Bruno_Gaspar,label,Bruno Gaspar,,"Bruno Miguel Boialvo Gaspar (born 21 April 1993) is a professional footballer who plays as a right-back for Vitória S.C. and the Angolan national team. After starting out at Benfica's reserves, he went on to play 96 Primeira Liga matches in representation of Vitória de Guimarães and Sporting. He also played professionally in Italy with Fiorentina, in Greece with Olympiacos and in Canada with Vancouver Whitecaps FC. Born in Portugal, Gaspar represented that country as a youth, before switching to Angola at senior level.",TRUE,TRUE,
FN,Clara_Maniu,birthName,,Clara Coroianu,"Clara Maniu (born Clara Coroianu; 10 January 1842 – 29 July 1929) was a Romanian feminist and suffragist. She was the president of the Romanian women's movement organisation Reuniunea Femeilor Române Sălăjene (R.F.R.S) from 1881 to 1897. She was born in 1842 in Nagyderzsida, Kingdom of Hungary (now Bobota, in Sălaj County, Romania). Her father, Demetriu Coroianu, was a Greek-Catholic priest, while her mother, Iuliana Pop, was the granddaughter of protopope Grigorie Pop from Craidorolț.",TRUE,TRUE,
FP_new,Carol_Hughes_%28politician%29,label,Carol R.Hughes,,"Carol R. Hughes MP (born November 26, 1958 in Val Caron, Ontario) is a Canadian politician, who has represented the electoral district of Algoma—Manitoulin—Kapuskasing in the House of Commons of Canada since 2008. She is a member of the New Democratic Party. Prior to being elected, she worked as a staff representative for the Canadian Labour Congress. She ran as the NDP's candidate in the 2004 election and the 2006 election, losing to Liberal incumbent Brent St. Denis both times. Hughes endorsed Niki Ashton in the 2012 NDP leadership election, and Charlie Angus in the 2017 leadership election.",FALSE,FALSE,WV
FN,Columbus_O%27Donnell_Iselin,deathYear,,1971,"Columbus O'Donnell Iselin (1904–1971) was an American oceanographer. He was the director of the Woods Hole Oceanographic Institution from 1940 to 1950, and from 1956 to 1960. He was Professor of Physical Oceanography at Harvard University and the Massachusetts Institute of Technology (MIT).",TRUE,TRUE,
FN,Concha_Michel,birthName,,Concha Michel,"Concha Michel (1899–1990) was a singer-songwriter, political activist, playwright, and a researcher who published several projects on the culture of indigenous communities. She was one of the few women who performed in the corrido style. She created the Institute of Folklore in Michoacan and was one of the first collectors of folklore and preservers of the traditions of the Mexican people. She was a cultural icon having relationships with two presidents, and a broad range of Mexico's most prominent artists including Diego Rivera, Frida Kahlo, Guadalupe Marín, Tina Modotti, Elena Poniatowska, Anita Brenner and others.",TRUE,TRUE,
FN,Daphne_Brooker,birthName,,Daphne Elizabeth Brooker,"Daphne Elizabeth Brooker (née Beacon, 8 June 1927 – 2 February 2012) was a British model, costume designer, and a professor and head of fashion at Kingston University for three decades, where she had ""a leading role in the teaching of fashion"".",TRUE,TRUE,
FP_new,Carol_Hughes_%28politician%29,label,Carol R.Hughes MP,,"Carol R. Hughes MP (born November 26, 1958 in Val Caron, Ontario) is a Canadian politician, who has represented the electoral district of Algoma—Manitoulin—Kapuskasing in the House of Commons of Canada since 2008. She is a member of the New Democratic Party. Prior to being elected, she worked as a staff representative for the Canadian Labour Congress. She ran as the NDP's candidate in the 2004 election and the 2006 election, losing to Liberal incumbent Brent St. Denis both times. Hughes endorsed Niki Ashton in the 2012 NDP leadership election, and Charlie Angus in the 2017 leadership election.",TRUE,FALSE,WV
FN,David_Leviathan,birthName,,David Leviathan,"David Leviathan (born 6 August 1950) is an Israeli painter, sculptor, and poet.",TRUE,TRUE,
FP_new,Catharine_Carter_Critcher,label,Catharine Carter Critcher,,"Catharine (sometimes Catherine) Carter Critcher (September 13, 1868 – June 11, 1964) was an American painter. A native of Westmoreland County, Virginia, she worked in Paris and Washington, D.C. before becoming, in 1924, a member of the Taos Society of Artists, the only woman ever elected to that body. She was a long time member of the Arts Club of Washington.",TRUE,TRUE,
FP_new,Chanel_Hudson-Marks,label,Chanel Simone Hudson-Marks,,"Chanel Simone Hudson-Marks (born September 14, 1997) is a Canadian-born Jamaican footballer who plays as a forward for the Jamaica women's national team.",TRUE,FALSE,WV
FN,David_Shore,birthName,,David Shore,"David Shore (born July 3, 1959) is a Canadian television writer. Shore worked on Family Law, NYPD Blue and Due South, also producing many episodes of the latter. He created the critically acclaimed series House and more recently, Battle Creek and The Good Doctor.",TRUE,TRUE,
FN,Don_Pardo,birthName,,Dominick George,"Dominick George ""Don"" Pardo (February 22, 1918 – August 18, 2014) was an American radio and television announcer whose career spanned more than seven decades. A member of the Television Hall of Fame, Pardo was noted for his 70-year tenure with NBC, working as the announcer for early incarnations of such notable shows as The Price Is Right, Jackpot, Jeopardy!, Three on a Match, Winning Streak and NBC Nightly News. His longest, and best-known, announcing job was for NBC's Saturday Night Live, a job he held for 38 seasons, from the show's debut in 1975 until 1981 and then 1982 until his death in 2014.",TRUE,TRUE,
FP_new,Chanel_Hudson-Marks,label,Chanel Hudson-Marks,,"Chanel Simone Hudson-Marks (born September 14, 1997) is a Canadian-born Jamaican footballer who plays as a forward for the Jamaica women's national team.",TRUE,TRUE,
FP_new,Charles_J%2E_Pedersen,label,Charles John Pedersen,,"Charles John Pedersen (Japanese: 安井 良男, October 3, 1904 – October 26, 1989) was an American organic chemist best known for describing methods of synthesizing crown ethers during his entire 42-year career as a chemist for DuPont at DuPont Experimental Station in Wilmington, Delaware and at DuPont's Jackson Laboratory in Deepwater, New Jersey. Often associated with Reed McNeil Izatt, Pedersen also shared the Nobel Prize in Chemistry in 1987 with Donald J. Cram and Jean-Marie Lehn. He is the only Nobel Prize laureate born in Korea other than Peace Prize laureate Kim Dae-jung.",TRUE,FALSE,WV
FP_new,Charles_J%2E_Pedersen,label,Charles J.Pedersen,,"Charles John Pedersen (Japanese: 安井 良男, October 3, 1904 – October 26, 1989) was an American organic chemist best known for describing methods of synthesizing crown ethers during his entire 42-year career as a chemist for DuPont at DuPont Experimental Station in Wilmington, Delaware and at DuPont's Jackson Laboratory in Deepwater, New Jersey. Often associated with Reed McNeil Izatt, Pedersen also shared the Nobel Prize in Chemistry in 1987 with Donald J. Cram and Jean-Marie Lehn. He is the only Nobel Prize laureate born in Korea other than Peace Prize laureate Kim Dae-jung.",FALSE,TRUE,
FN,Duncan_McFetridge,birthName,,Duncan McFetridge,"Duncan McFetridge (born 27 January 1952) is an Australian politician who represented the South Australian House of Assembly seat of Morphett for the Liberal Party from the 2002 election until 2018. Entering shadow cabinet in 2004, he was re-elected at the 2006, 2010 and 2014 elections, and holds the seat with a margin of 12.9 points. This was reduced to 7.7 points following the 2016 redistribution. McFetridge lost his shadow cabinet position in January 2017.",TRUE,TRUE,
FP_new,Charles_Morgan_%28Nottinghamshire_cricketer%29,label,Charles Morgan,,"Charles Morgan (7 February 1917 – 11 July 2001) was an English cricketer. Morgan was a right-handed batsman who bowled right-arm off break. He was born at Clay Cross, Derbyshire. Morgan made a single first-class appearance for Nottinghamshire against Middlesex in the 1946 County Championship at Trent Bridge. Nottinghamshire won the toss and elected to bat first, making 263 all out, during which Morgan was dismissed for a duck by Laurie Gray. He bowled 22 wicketless overs in Middlesex's first-innings of 484 all out, while in Nottinghamshire's second-innings of 182 he was the last man out, dismissed for 13 runs by Walter Robins. Middlesex won what was to be his only major appearance by an innings and 39 runs.",TRUE,FALSE,ICE
FN,E%2E_V%2E_K%2E_Sampath,birthName,,Erode Venkatappa Krishnasamy Sampath,"Erode Venkatappa Krishnasamy Sampath(c. 5 March 1926 – 23 February 1977), usually referred to as E. V. K. Sampath was a prominent politician from Tamil Nadu, India. He was an advocate of the Dravidian Movement of Periyar E. V. Ramasamy and was considered by some as his political heir. He later split from Periyar's Dravidar Kazhagam to form Dravida Munnetra Kazhagam (DMK) along with C. N. Annadurai. In spite of being one of the founders of DMK he later left and formed his own party, by the name, Tamil National Party. Nevertheless, he later merged his party with the Indian National Congress. He is a former Member of Parliament from the constituency of Namakkal",TRUE,TRUE,
FN,Edmond_Haxhinasto,birthName,,Edmond Haxhinasto,Edmond Haxhinasto (born 16 November 1966) is an Albanian politician who was Deputy Prime Minister of Albania from 2011 to 2013.,TRUE,TRUE,
FP_new,Charles_W%2E_Henderson,label,Charles William Henderson,,"Charles William Henderson (born August 26, 1948) is a retired Marine Corps Warrant Officer and an author based in Colorado. Henderson is best known for his 2 biographies, Marine Sniper: 93 Confirmed Kills and Silent Warrior about Marine Corps Sniper Carlos Hathcock.",TRUE,FALSE,WV
FP_new,Charles_W%2E_Henderson,label,Charles W.Henderson,,"Charles William Henderson (born August 26, 1948) is a retired Marine Corps Warrant Officer and an author based in Colorado. Henderson is best known for his 2 biographies, Marine Sniper: 93 Confirmed Kills and Silent Warrior about Marine Corps Sniper Carlos Hathcock.",FALSE,TRUE,
FN,Eman_Suleman,birthName,,Eman Suleman,"Eman Suleman (born 1 January 1992) is a Pakistani model and actress. She started her modeling career in 2017 and since then appeared in ramps and advertisements. She is also known for her role as Yasmeen in Sarmad Khoosat's Aakhri Station (2018). In 2019, she receives nomination for Best Emerging Model at 18th Lux Style Awards. Eman is a vocal feminist and has endorsed causes such as students' rights and the MeToo movement.",TRUE,TRUE,
FP_new,Charley_Bassett,label,Charley Bassett,,"Charles Edwin Bassett (February 9, 1863 in Central Falls, Rhode Island – May 28, 1942 in Pawtucket, Rhode Island), was a Major League Baseball infielder. He played all or part of nine seasons in the majors, from 1884-1892, for the Providence Grays, Kansas City Cowboys, Indianapolis Hoosiers, New York Giants, and Louisville Colonels.",TRUE,TRUE,
FN,Eric_Hobsbawm,birthName,,Eric John Ernest Hobsbawm,"Eric John Ernest Hobsbawm CH FRSL FBA (/ˈhɒbz.bɔːm/; 9 June 1917 – 1 October 2012) was a British historian of the rise of industrial capitalism, socialism, and nationalism. A life-long Marxist, his socio-political convictions influenced the character of his work. His best-known works include his tetralogy about what he called the ""long 19th century"" (The Age of Revolution: Europe 1789–1848, The Age of Capital: 1848–1875 and The Age of Empire: 1875–1914), The Age of Extremes on the short 20th century, and an edited volume that introduced the influential idea of ""invented traditions"".",TRUE,TRUE,
FP_new,Charlie_Heaton,label,Charlie Ross Heaton,,"Charlie Ross Heaton (born 6 February 1994) is an English actor. He first gained recognition for starring as Jonathan Byers in the Netflix science fiction horror series Stranger Things (2016–present). Beginning his career as a musician, Heaton appeared on British television before starring in Stranger Things and feature films like the 2016 indie thriller Shut In; he has since starred in the thriller films Marrowbone (2017) and The New Mutants (2020), among others.",TRUE,FALSE,WV
FP_new,Charlotte_D%27Alessio,label,Charlotte Briar Christina D'lessio,,"Charlotte Briar Christina D’Alessio (born Briar Christina D’Alessio; May 5, 1998) is a Canadian model and social media influencer. She was discovered at Coachella.",FALSE,FALSE,WV
FN,Eric_Parry,birthName,,Eric Owen Parry,"Eric Owen Parry RA (born 24 March 1952) is a British architect, designer, writer and educator. Parry is the founder and principal of Eric Parry Architects established in London in 1983. His built work includes the restoration and renewal of St Martin-in-the-Fields in London, the Holburne Museum in Bath, 50 New Bond Street, 23 Savile Row, One Eagle Place in Piccadilly, Aldermanbury Square by London Wall, 30 Finsbury Square in London, and the London Stock Exchange. His projects also include a number of residential developments. Eric Parry's architectural work and design has been shown internationally on major exhibitions, including the Royal Academy of Arts, the British School at Rome, and the 2012 Venice Biennale of Architecture.",TRUE,TRUE,
FP_different,Charlotte_D%27Alessio,birthName,Charlotte Briar Christina D'lessio,Briar Christina D'Alessio,"Charlotte Briar Christina D’Alessio (born Briar Christina D’Alessio; May 5, 1998) is a Canadian model and social media influencer. She was discovered at Coachella.",FALSE,FALSE,WV
FP_new,Charlotte_D%27Alessio,label,Charlotte D'Alessio,,"Charlotte Briar Christina D’Alessio (born Briar Christina D’Alessio; May 5, 1998) is a Canadian model and social media influencer. She was discovered at Coachella.",FALSE,TRUE,
FP_different,Charlotte_D%27Alessio,birthName,Charlotte Briar Christina D'Alessio,Briar Christina D'Alessio,"Charlotte Briar Christina D’Alessio (born Briar Christina D’Alessio; May 5, 1998) is a Canadian model and social media influencer. She was discovered at Coachella.",TRUE,FALSE,WV
FN,Ernest_Lawson,birthName,,Ernest Lawson,"Ernest Lawson (March 22, 1873 – December 18, 1939) was a Canadian-American painter and exhibited his work at the Canadian Art Club and as a member of the American group The Eight, artists who formed a loose association in 1908 to protest the narrowness of taste and restrictive exhibition policies of the conservative, powerful National Academy of Design. Though Lawson was primarily a landscape painter, he also painted a small number of realistic urban scenes. His painting style is heavily influenced by the art of John Henry Twachtman, J. Alden Weir, and Alfred Sisley. Though considered a Canadian-American Impressionist, Lawson falls stylistically between Impressionism and realism.",TRUE,TRUE,
FN,Ernesto_Paglia,birthName,,Ernesto Paglia,"Ernesto Paglia (born 9 April 1959, in São Paulo) is a Brazilian television journalist currently working for Rede Globo. Studied Journalism at the School of Communications and Arts at the University of São Paulo. He began working at 19, while still in the third year of Journalism School, (which requires 4 years in Brazil). Paglia was hired as reporter by Jovem Pan radio, but lasted only 3 months in this first job. He was fired after taking part in a strike led by the Journalist Union of S.Paulo in May 1979.",TRUE,TRUE,
FP_new,Charlotte_D%27Alessio,label,Charlotte Briar Christina D'Alessio,,"Charlotte Briar Christina D’Alessio (born Briar Christina D’Alessio; May 5, 1998) is a Canadian model and social media influencer. She was discovered at Coachella.",FALSE,FALSE,WV
FN,Evelyn_S%2E_Lieberman,birthName,,Evelyn May Lieberman,"Evelyn May Lieberman (née Simonowitz; July 9, 1944 – December 12, 2015) was an American public affairs professional who, during the Clinton administration, became the first woman to serve as White House Deputy Chief of Staff, and was the first United States Under Secretary of State for Public Diplomacy and Public Affairs. From 2002 to 2015, Lieberman worked for the Smithsonian Institution, most recently as Senior Advisor and Assistant to the Secretary for external relations.",TRUE,TRUE,
FP_new,Charlotte_D%27Alessio,label,Charlotte Briar Christina D’Alessio,,"Charlotte Briar Christina D’Alessio (born Briar Christina D’Alessio; May 5, 1998) is a Canadian model and social media influencer. She was discovered at Coachella.",TRUE,FALSE,WV
FP_new,Christopher_T%2E_Hanson,birthDate,2020-06-08,,"Christopher T. Hanson is an American bureaucrat and the current chairman of the United States Nuclear Regulatory Commission (NRC). He was sworn as a NRC Commissioner on June 8, 2020, and was reaffirmed by President Biden. He was previously a staff member on the Senate Appropriations Committee, as well as a Department of Energy official. Previously he was a consultant at Booz Allen Hamilton, where he led energy projects for government and industry. President Biden designated Hanson as chairman of the NRC effective January 20, 2021.",TRUE,FALSE,WV
FN,F%C3%A9lix_Taunay%2C_Baron_of_Taunay,birthName,,Félix Émile Taunay,"Félix Émile Taunay, Baron of Taunay (March 1, 1795 – April 10, 1881), was a French Brazilian painter, and drawing and Greek teacher. He was the father of famous writer and politician Alfredo d'Escragnolle Taunay, the Viscount of Taunay.",TRUE,TRUE,
FN,Faras_Hamdan,birthName,,Faras Hamdan,"Faras Hamdan (Arabic: فارس حمدان; Hebrew: פארס חמדאן, 1910 – 29 November 1966) was an Israeli Arab politician who served as a member of the Knesset for the Agriculture and Development party between 1951 and 1959.",TRUE,TRUE,
FN,Faras_Hamdan,deathDate,,1966-11-29,"Faras Hamdan (Arabic: فارس حمدان; Hebrew: פארס חמדאן, 1910 – 29 November 1966) was an Israeli Arab politician who served as a member of the Knesset for the Agriculture and Development party between 1951 and 1959.",TRUE,TRUE,
FP_new,Christopher_T%2E_Hanson,birthYear,2020,,"Christopher T. Hanson is an American bureaucrat and the current chairman of the United States Nuclear Regulatory Commission (NRC). He was sworn as a NRC Commissioner on June 8, 2020, and was reaffirmed by President Biden. He was previously a staff member on the Senate Appropriations Committee, as well as a Department of Energy official. Previously he was a consultant at Booz Allen Hamilton, where he led energy projects for government and industry. President Biden designated Hanson as chairman of the NRC effective January 20, 2021.",TRUE,FALSE,WV
FP_new,Chuck_Bundrant,label,Chuck Bundrant,,"Charles Hardin Bundrant (January 31, 1942 – October 17, 2021) was an American billionaire businessman and the co-founder, chairman, and majority owner of Trident Seafoods. At his death, his net worth was estimated at US$1.3 billion.",TRUE,TRUE,
FP_new,Cleitus_the_Black,birthYear,375,,"Cleitus the Black (Greek: Κλεῖτος ὁ μέλας; c. 375 BC – 328 BC), was an officer of the Macedonian army led by Alexander the Great. He saved Alexander's life at the Battle of the Granicus in 334 BC and was killed by him in a drunken quarrel six years later. Cleitus was the son of Dropidas (who was the son of Critias) and brother of Alexander's nurse, Lanike. He would be given the epithet 'the Black' to distinguish him from Cleitus the White.",TRUE,FALSE,DFE
FN,Fern_Fitzgerald,birthName,,Fern Fitzgerald,"Fern Fitzgerald (born January 7, 1947 in Valley Stream, New York) is an American actress, best known for her recurring role as oil cartel businesswoman Marilee Stone in the CBS primetime soap opera Dallas from 1979 to 1989. She guest-starred in the number of other television series, like Archie Bunker's Place, Hill Street Blues, Hotel, Who's the Boss?, Life Goes On, and Seinfeld. In film, Fitzgerald appeared in The Beach Girls (1982). She also appeared in the original productions of Chicago and A Chorus Line on Broadway.",TRUE,TRUE,
FP_new,Cleitus_the_Black,deathYear,328,,"Cleitus the Black (Greek: Κλεῖτος ὁ μέλας; c. 375 BC – 328 BC), was an officer of the Macedonian army led by Alexander the Great. He saved Alexander's life at the Battle of the Granicus in 334 BC and was killed by him in a drunken quarrel six years later. Cleitus was the son of Dropidas (who was the son of Critias) and brother of Alexander's nurse, Lanike. He would be given the epithet 'the Black' to distinguish him from Cleitus the White.",TRUE,FALSE,DFE
FN,Fernando_Rivera_y_Moncada,birthName,,Fernando Javier Rivera y Moncada,"Fernando Javier Rivera y Moncada (c. 1725 – July 18, 1781) was a Mexican-born soldier of the Spanish Empire who served in The Californias (Las Californias), the far north-western frontier of New Spain. He participated in several early overland explorations and later served as third Governor of The Californias, from 1774–1777.",TRUE,TRUE,
FP_new,Cleitus_the_Black,deathYear,328 BC,,"Cleitus the Black (Greek: Κλεῖτος ὁ μέλας; c. 375 BC – 328 BC), was an officer of the Macedonian army led by Alexander the Great. He saved Alexander's life at the Battle of the Granicus in 334 BC and was killed by him in a drunken quarrel six years later. Cleitus was the son of Dropidas (who was the son of Critias) and brother of Alexander's nurse, Lanike. He would be given the epithet 'the Black' to distinguish him from Cleitus the White.",TRUE,FALSE,DFE
FN,Fikri_Demirel,birthName,,Fikri Demirel,"Fikri Demirel (born November 2, 1956) is a Turkish politician from the Justice and Development Party (AK Party) who serves as a Member of Parliament for the Yalova since 7 June 2015.",TRUE,TRUE,
FP_new,Cliff_Gedge,birthYear,1931,,Cliff Gedge was a former Australian professional soccer player who played as a full-back for Queensland clubs and the Australia national soccer team.,FALSE,FALSE,FH
FN,Fred_Peacock,birthName,,Frederick Halliday Peacock,"Frederick Halliday Peacock (November 23, 1916 – February 15, 2010) was a business man and former provincial level politician from Alberta, Canada. He served as a member of the Legislative Assembly of Alberta from 1971 until 1979.",TRUE,TRUE,
FP_new,Cliff_Gedge,birthYear,1935,,Cliff Gedge was a former Australian professional soccer player who played as a full-back for Queensland clubs and the Australia national soccer team.,FALSE,FALSE,FH
FP_new,Cliff_Gedge,birthYear,1961,,Cliff Gedge was a former Australian professional soccer player who played as a full-back for Queensland clubs and the Australia national soccer team.,FALSE,FALSE,FH
FP_new,Cliff_Gedge,birthYear,1904,,Cliff Gedge was a former Australian professional soccer player who played as a full-back for Queensland clubs and the Australia national soccer team.,FALSE,FALSE,FH
FN,Frederik_Jacobsen,birthName,,Frederik Jacobsen,"Frederik Jacobsen (12 September 1876 – 4 September 1922), was a Danish actor. He appeared in 27 films between 1911 and 1923.",TRUE,TRUE,
FP_new,Cliff_Gedge,birthYear,1943,,Cliff Gedge was a former Australian professional soccer player who played as a full-back for Queensland clubs and the Australia national soccer team.,FALSE,FALSE,FH
FP_new,Contact_Trio,birthYear,1970,,"Contact Trio was a jazz group from the Ruhr area of Germany that existed from 1970 to 1984. The band was one of the first professional jazz groups in the Ruhr area and released four albums. The founding members of the group included clarinetist Theo Jörgensmann, bassist Alois Kott, and drummer Michael Jüllich.",TRUE,TRUE,
FN,George_Montagu%2C_4th_Duke_of_Manchester,birthName,,George Montagu,"George Montagu, 4th Duke of Manchester PC (6 April 1737 – 2 September 1788) was a British politician and diplomat.",TRUE,TRUE,
FP_new,Contact_Trio,deathYear,1984,,"Contact Trio was a jazz group from the Ruhr area of Germany that existed from 1970 to 1984. The band was one of the first professional jazz groups in the Ruhr area and released four albums. The founding members of the group included clarinetist Theo Jörgensmann, bassist Alois Kott, and drummer Michael Jüllich.",TRUE,TRUE,
FP_new,Craig_Dally,birthYear,1996,,Craig Dally was a Republican member of the Pennsylvania House of Representatives for the 138th District. Dally was first elected in 1996 and was in office until 2010. Dally resigned on January 4 after being elected a judge for the 3rd District of the Northampton County Court of Common Pleas.,TRUE,FALSE,WV
FP_new,Craig_Dally,deathYear,2010,,Craig Dally was a Republican member of the Pennsylvania House of Representatives for the 138th District. Dally was first elected in 1996 and was in office until 2010. Dally resigned on January 4 after being elected a judge for the 3rd District of the Northampton County Court of Common Pleas.,TRUE,FALSE,WV
FP_new,Dani_Lorenzo,label,Dani,,"Daniel ""Dani"" Lorenzo Guerrero (born 5 April 2003) is a Spanish footballer who plays as an attacking midfielder for Málaga CF.",TRUE,FALSE,ICE
FP_new,Dani_Lorenzo,label,Dani Lorenzo,,"Daniel ""Dani"" Lorenzo Guerrero (born 5 April 2003) is a Spanish footballer who plays as an attacking midfielder for Málaga CF.",TRUE,TRUE,
FN,Georgi_Yumatov,birthName,,Georgi Aleksandrovich Yumatov,"Georgi Aleksandrovich Yumatov (Russian: Гeopгий Алeксандpoвич Юматов, IPA: [ɡʲɪˈorɡʲɪj jʊˈmatəf]; 11 March 1926 – 6 October 1997) was a Soviet and Russian film actor. He appeared in 72 films between 1946 and 1994. He was a People’s Artist of the RSFSR (1982).",TRUE,TRUE,
FP_new,Dani_Lorenzo,label,Dani Lorenzo Guerrero,,"Daniel ""Dani"" Lorenzo Guerrero (born 5 April 2003) is a Spanish footballer who plays as an attacking midfielder for Málaga CF.",TRUE,FALSE,LCE
FP_new,Dani_Lorenzo,label,Dani Guerrero,,"Daniel ""Dani"" Lorenzo Guerrero (born 5 April 2003) is a Spanish footballer who plays as an attacking midfielder for Málaga CF.",TRUE,FALSE,MCE
FP_new,Daphne_Brooker,label,Daphne Elizabeth Brooker,,"Daphne Elizabeth Brooker (née Beacon, 8 June 1927 – 2 February 2012) was a British model, costume designer, and a professor and head of fashion at Kingston University for three decades, where she had ""a leading role in the teaching of fashion"".",TRUE,FALSE,WV
FP_new,Daphne_Brooker,label,Daphne Brooker,,"Daphne Elizabeth Brooker (née Beacon, 8 June 1927 – 2 February 2012) was a British model, costume designer, and a professor and head of fashion at Kingston University for three decades, where she had ""a leading role in the teaching of fashion"".",TRUE,TRUE,
FN,Gertrude_Poe,birthName,,Gertrude Louise Poe,"Gertrude Louise Poe (September 21, 1915 – July 13, 2017) was an American journalist, lawyer, real estate agent, insurance agent, and radio broadcaster who served as the editor of Laurel Leader in Laurel, Maryland from 1939 to 1980. She was known as ""Maryland's First Lady of Journalism.""",TRUE,TRUE,
FP_new,Daphne_Brooker,label,Daphne Brookeer,,"Daphne Elizabeth Brooker (née Beacon, 8 June 1927 – 2 February 2012) was a British model, costume designer, and a professor and head of fashion at Kingston University for three decades, where she had ""a leading role in the teaching of fashion"".",FALSE,TRUE,
FP_new,Dariusz_Dziekanowski,label,Dariusz Paweł Dziekanowski,,"Dariusz Paweł Dziekanowski (born 30 September 1962) is a Polish football player, coach and commentator. He was known as Jacki Dziekanowski during his time playing in the Scottish and English leagues. He started his career at Polonia Warsaw, between 1973–79, throughout the youth set-up and into a very young first team, but went to Gwardia Warszawa from 1979–83.",TRUE,FALSE,WV
FN,Golam_Samdani_Koraishi,birthName,,Golam Samdani Quraishy,Golam Samdani Quraishy (Bengali: গোলাম সামদানী কোরায়শী; 5 April 1929 – 11 October 1991) was a Bangladeshi poet and writer. He was given Independence Day Award posthumously in 2017 by the Government of Bangladesh.,TRUE,TRUE,
FP_new,Dariusz_Dziekanowski,label,Dariusz Dziekanowski,,"Dariusz Paweł Dziekanowski (born 30 September 1962) is a Polish football player, coach and commentator. He was known as Jacki Dziekanowski during his time playing in the Scottish and English leagues. He started his career at Polonia Warsaw, between 1973–79, throughout the youth set-up and into a very young first team, but went to Gwardia Warszawa from 1979–83.",TRUE,TRUE,
FN,Gordon_Persons,birthName,,Seth Gordon Persons,"Seth Gordon Persons (February 5, 1902 – May 29, 1965) was an American Democratic politician who was the 43rd Governor of Alabama from 1951 to 1955. He was born and died in Montgomery, Alabama. The Dauphin Island Bridge south of Mobile is formally named for him. The Gordon Persons Building is a six floor, 60,000 square foot state government office building in Montgomery. After leaving office as governor, Persons never sought statewide public office again, but he made an unsuccessful run for circuit judge late in life.",TRUE,TRUE,
FP_new,Dave_Coskunian,birthYear,1935,,"Davit ""Dave Coskunian"" Çoşkun was a Turkish-American soccer player of Armenian descent who earned three caps with the U.S. national team. He played one season in the National Professional Soccer League and one in the North American Soccer League.",FALSE,FALSE,FH
FP_new,Dave_Coskunian,birthYear,1915,,"Davit ""Dave Coskunian"" Çoşkun was a Turkish-American soccer player of Armenian descent who earned three caps with the U.S. national team. He played one season in the National Professional Soccer League and one in the North American Soccer League.",FALSE,FALSE,FH
FP_new,Dave_Coskunian,birthYear,1925,,"Davit ""Dave Coskunian"" Çoşkun was a Turkish-American soccer player of Armenian descent who earned three caps with the U.S. national team. He played one season in the National Professional Soccer League and one in the North American Soccer League.",FALSE,FALSE,FH
FP_new,Dave_Coskunian,birthYear,1961,,"Davit ""Dave Coskunian"" Çoşkun was a Turkish-American soccer player of Armenian descent who earned three caps with the U.S. national team. He played one season in the National Professional Soccer League and one in the North American Soccer League.",FALSE,FALSE,FH
FP_new,David_Hickinbottom,birthYear,1964,,"David Hickinbottom is a British figure skater who competed in ice dance. Partnered with Janet Sawbridge, he won bronze at the 1964 World Figure Skating Championships and silver at the 1965 World Figure Skating Championships.",TRUE,FALSE,FH
FN,Gudrun_Brendel-Fischer,birthName,,Gudrun Brendel-Fischer,"Gudrun Brendel-Fischer (born June 17, 1959 in Bayreuth, Germany) is a German politician, representative of the Christian Social Union of Bavaria. She is a representative of the district of Bayreuth in the Bavarian State Parliament.",TRUE,TRUE,
FN,Gudrun_Dorothea_R%C3%A6der,birthName,,Gudrun Dorothea Ræder,"Gudrun Dorothea Ræder (née Martius; 21 April 1908 – 26 September 1998) was a Norwegian diplomat. She was the first female Norwegian diplomat, serving at the legation in London.",TRUE,TRUE,
FP_new,David_Hickinbottom,birthYear,1949,,"David Hickinbottom is a British figure skater who competed in ice dance. Partnered with Janet Sawbridge, he won bronze at the 1964 World Figure Skating Championships and silver at the 1965 World Figure Skating Championships.",FALSE,FALSE,FH
FP_new,David_Winning,birthYear,1925,,"David Winning is a Canadian-American film and television director, screenwriter, producer, editor, and occasional actor. Although Winning has worked in numerous film and TV genres, his name is most commonly associated with science fiction, thrillers and drama.",FALSE,FALSE,FH
FN,Gustav_Vigeland,birthName,,Adolf Gustav Thorsen,"Gustav Vigeland (11 April 1869 – 12 March 1943), born as Adolf Gustav Thorsen, was a Norwegian sculptor. Gustav Vigeland occupies a special position among Norwegian sculptors, both in the power of his creative imagination and in his productivity. He is most associated with the Vigeland installation (Vigelandsanlegget) in Frogner Park, Oslo. He was also the designer of the Nobel Peace Prize medal.",TRUE,TRUE,
FP_new,David_Winning,birthYear,1947,,"David Winning is a Canadian-American film and television director, screenwriter, producer, editor, and occasional actor. Although Winning has worked in numerous film and TV genres, his name is most commonly associated with science fiction, thrillers and drama.",FALSE,FALSE,FH
FN,Harold_Soref,birthName,,Harold Benjamin Soref,"Harold Benjamin Soref (18 December 1916—14 March 1993) was a Conservative Member of Parliament (MP) in the United Kingdom for Ormskirk, Lancashire, first elected at the 1970 general election. He subsequently lost the seat to Labour in February 1974. Soref was a leading member of the Conservative Monday Club.",TRUE,TRUE,
FN,Harry_Livermore,deathYear,,1989,Sir Harry Livermore (1908–1989) was a Liverpool solicitor and local politician who served as Lord Mayor of Liverpool.,TRUE,TRUE,
FN,Harvey_Morgan,birthName,,Harvey Bland Morgan,"Harvey Bland Morgan (born August 18, 1930) is an American politician. From 1980–2012 he served in the Virginia House of Delegates, representing the 98th district on the Middle Peninsula. He is a member of the Republican Party.",TRUE,TRUE,
FP_new,David_Winning,birthYear,1943,,"David Winning is a Canadian-American film and television director, screenwriter, producer, editor, and occasional actor. Although Winning has worked in numerous film and TV genres, his name is most commonly associated with science fiction, thrillers and drama.",FALSE,FALSE,FH
FP_new,David_Winning,birthYear,1949,,"David Winning is a Canadian-American film and television director, screenwriter, producer, editor, and occasional actor. Although Winning has worked in numerous film and TV genres, his name is most commonly associated with science fiction, thrillers and drama.",FALSE,FALSE,FH
FP_new,David_Winning,birthYear,1935,,"David Winning is a Canadian-American film and television director, screenwriter, producer, editor, and occasional actor. Although Winning has worked in numerous film and TV genres, his name is most commonly associated with science fiction, thrillers and drama.",FALSE,FALSE,FH
FN,Henry_Bourne_Joy,birthName,,Henry Bourne Joy,"Henry Bourne Joy (November 23, 1864 – November 6, 1936) was an American businessman and President of the Packard Motor Car Company. He was a major developer of automotive activities as well as being a social activist. Joy was also a prominent figure on both sides of prohibition during that turbulent era.",TRUE,TRUE,
FP_new,David_Winning,birthYear,1961,,"David Winning is a Canadian-American film and television director, screenwriter, producer, editor, and occasional actor. Although Winning has worked in numerous film and TV genres, his name is most commonly associated with science fiction, thrillers and drama.",FALSE,FALSE,FH
FP_new,DeAndre_Wright,label,DeAndre Scott Wright,,"DeAndre Scott Wright (born April 13, 1986) is an American football cornerback who is currently a free agent. He was drafted by the New York Giants in the sixth round of the 2009 NFL Draft. He played college football at New Mexico. Wright has also been a member of the Detroit Lions, Minnesota Vikings and Cleveland Browns.he now coaches the stars defense",TRUE,FALSE,WV
FP_new,DeAndre_Wright,label,DeAndre Wright,,"DeAndre Scott Wright (born April 13, 1986) is an American football cornerback who is currently a free agent. He was drafted by the New York Giants in the sixth round of the 2009 NFL Draft. He played college football at New Mexico. Wright has also been a member of the Detroit Lions, Minnesota Vikings and Cleveland Browns.he now coaches the stars defense",TRUE,TRUE,
FP_new,Denise_Poirier,birthName,Denise Poirier,,"Denise Poirier is an American actress. She is best known for playing the character of Æon Flux in the MTV animated series of the same name. She also had prominent roles in Reign: The Conqueror, HBO's Spawn, and the 1998 Urban Vision Entertainment dub of Golgo 13: Queen Bee, the Vampire Hunter D video game, as well as guest appearances on Seinfeld, Frasier, Murphy Brown, and 3rd Rock from the Sun.",TRUE,TRUE,
FP_new,Denise_Poirier,birthYear,1961,,"Denise Poirier is an American actress. She is best known for playing the character of Æon Flux in the MTV animated series of the same name. She also had prominent roles in Reign: The Conqueror, HBO's Spawn, and the 1998 Urban Vision Entertainment dub of Golgo 13: Queen Bee, the Vampire Hunter D video game, as well as guest appearances on Seinfeld, Frasier, Murphy Brown, and 3rd Rock from the Sun.",FALSE,FALSE,FH
FP_new,Denise_Poirier,birthYear,1998,,"Denise Poirier is an American actress. She is best known for playing the character of Æon Flux in the MTV animated series of the same name. She also had prominent roles in Reign: The Conqueror, HBO's Spawn, and the 1998 Urban Vision Entertainment dub of Golgo 13: Queen Bee, the Vampire Hunter D video game, as well as guest appearances on Seinfeld, Frasier, Murphy Brown, and 3rd Rock from the Sun.",TRUE,FALSE,FH
FN,Henry_Cass,birthName,,Henry Cass,"Henry Cass (24 June 1903 – 15 March 1989) was a British director, particularly prolific in film in the horror and comedy genres. Previously an actor, he was also a prolific stage director of classical theatre at the Old Vic in the 1930s. In 1923, Lee DeForest filmed Cass for a short film Henry Cass Demonstration Film made in DeForest's Phonofilm sound-on-film process. The film was previewed at the Engineers Society of New York on 12 April 1923, and premiered at the Rivoli Theatre in New York on 15 April 1923 with 17 other short Phonofilms. He was married to the actress Joan Hopkins.",TRUE,TRUE,
FN,Hernando_Molina_Ara%C3%BAjo,birthName,,Hernando César Molina Araújo,"Hernando César Molina Araújo (born August 28, 1961 in Valledupar) is a Colombian politician. Son of Hernando Molina Céspedes and Consuelo Araújo, he studied at the Colegio Nacional Loperena in Valledupar and later studied Law in the, but dropped out. He declares himself a self-taught man. Molina was governor of the Colombian Department of Cesar for the period 2004–2007, a term which he did not complete due to his involvement in the Parapolitica scandal. he was called to testify on May 17, 2007 at the Office of the Attorney General of Colombia.",TRUE,TRUE,
FP_new,Denise_Poirier,birthYear,1935,,"Denise Poirier is an American actress. She is best known for playing the character of Æon Flux in the MTV animated series of the same name. She also had prominent roles in Reign: The Conqueror, HBO's Spawn, and the 1998 Urban Vision Entertainment dub of Golgo 13: Queen Bee, the Vampire Hunter D video game, as well as guest appearances on Seinfeld, Frasier, Murphy Brown, and 3rd Rock from the Sun.",FALSE,FALSE,FH
FP_new,Derek_Armstrong_%28politician%29,label,Derek W.Armstrong,,"Derek W. Armstrong (born August 17, 1980) is an American Republican politician and a former member of the Nevada Assembly representing District 21. He won the 2014 Republican primary against Andrew Coates. Armstrong defeated incumbent Andy Eisen. He lost reelection in 2016. Armstrong is a lawyer and veteran of the United States Marine Corps.",FALSE,FALSE,ICE
FP_new,Desmond_Lee_%28basketball%29,label,Desmond Lee,,"Desmond Lee (born March 3, 1990) is an American professional basketball player for the Moncton Magic of the National Basketball League of Canada. He played college basketball for New Mexico Junior College and NC State.",TRUE,FALSE,ICE
FN,Ines_Castellani_Fantoni_Benaglio,deathDate,,1897-05-06,"Ines Castellani Fantoni Benaglio, also known by the pseudonym of Memini (1849 Pavia - 6 May 1897 Azzate), was an Italian writer. She lived in Florence and Milan. She made her debut as a writer in 1880, with Estella and Nemorino. She wrote for magazines, including Perseveranza, La Gazzetta Provinciale and Vita Intimate. She wrote numerous novels, which attracted the attention of Anna Radius Zuccari, and they were friends. She married the poet Luigi Benaglio.",TRUE,TRUE,
FP_new,Don_Pardo,label,Don Pardo,,"Dominick George ""Don"" Pardo (February 22, 1918 – August 18, 2014) was an American radio and television announcer whose career spanned more than seven decades. A member of the Television Hall of Fame, Pardo was noted for his 70-year tenure with NBC, working as the announcer for early incarnations of such notable shows as The Price Is Right, Jackpot, Jeopardy!, Three on a Match, Winning Streak and NBC Nightly News. His longest, and best-known, announcing job was for NBC's Saturday Night Live, a job he held for 38 seasons, from the show's debut in 1975 until 1981 and then 1982 until his death in 2014.",TRUE,TRUE,
FP_new,Don_Pardo,label,Don,,"Dominick George ""Don"" Pardo (February 22, 1918 – August 18, 2014) was an American radio and television announcer whose career spanned more than seven decades. A member of the Television Hall of Fame, Pardo was noted for his 70-year tenure with NBC, working as the announcer for early incarnations of such notable shows as The Price Is Right, Jackpot, Jeopardy!, Three on a Match, Winning Streak and NBC Nightly News. His longest, and best-known, announcing job was for NBC's Saturday Night Live, a job he held for 38 seasons, from the show's debut in 1975 until 1981 and then 1982 until his death in 2014.",TRUE,FALSE,ICE
FP_new,Douglas_Lima_%28water_polo%29,label,Douglas Lima,,Douglas Lima (born 31 March 1932) is a Brazilian water polo player. He competed in the men's tournament at the 1952 Summer Olympics.,TRUE,FALSE,ICE
FP_different,E%2E_V%2E_K%2E_Sampath,label,Erode Venkatappa Krishnasamy Sampath,E.V.K.Sampath,"Erode Venkatappa Krishnasamy Sampath(c. 5 March 1926 – 23 February 1977), usually referred to as E. V. K. Sampath was a prominent politician from Tamil Nadu, India. He was an advocate of the Dravidian Movement of Periyar E. V. Ramasamy and was considered by some as his political heir. He later split from Periyar's Dravidar Kazhagam to form Dravida Munnetra Kazhagam (DMK) along with C. N. Annadurai. In spite of being one of the founders of DMK he later left and formed his own party, by the name, Tamil National Party. Nevertheless, he later merged his party with the Indian National Congress. He is a former Member of Parliament from the constituency of Namakkal",TRUE,FALSE,WV
FP_new,Edwin_Abbott_%28public_servant%29,label,Edwin Abbott,,"Edwin Abbott CBE (21 November 1878 – 1 September 1947) was a senior Australian public servant. Between 1933 and 1944, he was Controller-General of the Department of Trade and Customs.",TRUE,FALSE,ICE
FP_new,Edwin_Abbott_%28public_servant%29,label,Edwin Abbott CBE,,"Edwin Abbott CBE (21 November 1878 – 1 September 1947) was a senior Australian public servant. Between 1933 and 1944, he was Controller-General of the Department of Trade and Customs.",TRUE,FALSE,ICE
FP_different,Eli_Fantasy,birthName,Eli Fantasy,Elinnette Rodríguez Calderín,"Elinnette Rodríguez Calderín (Yauco, Puerto Rico, October 14, 1994), with stage name Eli Fantasy, is a Puerto Rican urban singer and model. Eliennette represented her native Yauco at the Miss Universe Puerto Rico pageant in 2015 where she won the Miss Amistad award. In 2016, she transitioned to the world of exotic dance to the music industry. Her musical career began with a video entitled La Peseta, characterized by its humorous content, urban rhythm and the colorful presence that Eli Fantasy possesses.",TRUE,FALSE,WV
FP_different,Eli_Fantasy,birthName,Einnette Rodríguez Calderín,Elinnette Rodríguez Calderín,"Elinnette Rodríguez Calderín (Yauco, Puerto Rico, October 14, 1994), with stage name Eli Fantasy, is a Puerto Rican urban singer and model. Eliennette represented her native Yauco at the Miss Universe Puerto Rico pageant in 2015 where she won the Miss Amistad award. In 2016, she transitioned to the world of exotic dance to the music industry. Her musical career began with a video entitled La Peseta, characterized by its humorous content, urban rhythm and the colorful presence that Eli Fantasy possesses.",FALSE,FALSE,TMI
FN,Ingrid_Wilhite,birthName,,Ingrid Joy Wilhite,"Ingrid Joy Wilhite (May 4, 1959 – January 15, 2008) was an American filmmaker and musician.",TRUE,TRUE,
FP_different,Empress_Jit%C5%8D,deathDate,0703-01-13,0703-01-13,"Empress Jitō (持統天皇, Jitō-tennō, 645 – 13 January 703) was the 41st monarch of Japan, according to the traditional order of succession. Jitō's reign spanned the years from 686 through 697. In the history of Japan, Jitō was the third of eight women to take on the role of empress regnant. The two female monarchs before Jitō were Suiko and Kōgyoku/Saimei. The five women sovereigns reigning after Jitō were Genmei, Genshō, Kōken/Shōtoku, Meishō, and Go-Sakuramachi.",TRUE,TRUE,
FP_different,Empress_Jit%C5%8D,birthYear,645,6401,"Empress Jitō (持統天皇, Jitō-tennō, 645 – 13 January 703) was the 41st monarch of Japan, according to the traditional order of succession. Jitō's reign spanned the years from 686 through 697. In the history of Japan, Jitō was the third of eight women to take on the role of empress regnant. The two female monarchs before Jitō were Suiko and Kōgyoku/Saimei. The five women sovereigns reigning after Jitō were Genmei, Genshō, Kōken/Shōtoku, Meishō, and Go-Sakuramachi.",TRUE,TRUE,
FP_different,Empress_Jit%C5%8D,deathYear,703,7001,"Empress Jitō (持統天皇, Jitō-tennō, 645 – 13 January 703) was the 41st monarch of Japan, according to the traditional order of succession. Jitō's reign spanned the years from 686 through 697. In the history of Japan, Jitō was the third of eight women to take on the role of empress regnant. The two female monarchs before Jitō were Suiko and Kōgyoku/Saimei. The five women sovereigns reigning after Jitō were Genmei, Genshō, Kōken/Shōtoku, Meishō, and Go-Sakuramachi.",TRUE,TRUE,
FN,Ioan_Culcer,birthName,,Ioan Culcer,"Ioan Culcer (29 July 1853 – September 1928) was a Wallachian-born Romanian military leader and politician. Culcer served as a lieutenant during the Romanian War of Independence (1877–1878) and as a general during the Second Balkan War and World War I. In early 1918, he served as Minister for Public Works in the First Averescu cabinet.",TRUE,TRUE,
FP_new,Eric_Hobsbawm,label,Eric Hobsbawm,,"Eric John Ernest Hobsbawm CH FRSL FBA (/ˈhɒbz.bɔːm/; 9 June 1917 – 1 October 2012) was a British historian of the rise of industrial capitalism, socialism, and nationalism. A life-long Marxist, his socio-political convictions influenced the character of his work. His best-known works include his tetralogy about what he called the ""long 19th century"" (The Age of Revolution: Europe 1789–1848, The Age of Capital: 1848–1875 and The Age of Empire: 1875–1914), The Age of Extremes on the short 20th century, and an edited volume that introduced the influential idea of ""invented traditions"".",TRUE,TRUE,
FP_new,Eric_L%2E_Mansfield,birthYear,1961,,"Eric L. Mansfield is a physician and a former Democratic member of the North Carolina Senate representing the 21st Senate district (Cumberland County). After one term in the legislature, Sen. Mansfield ran for Lieutenant Governor of North Carolina in the 2012 election. He lost the Democratic primary to former state Rep. Linda Coleman on May 8, 2012. After the 2012 election, Mansfield announced that he would run for chairman of the North Carolina Democratic Party.",FALSE,FALSE,FH
FP_new,Eric_L%2E_Mansfield,birthYear,1947,,"Eric L. Mansfield is a physician and a former Democratic member of the North Carolina Senate representing the 21st Senate district (Cumberland County). After one term in the legislature, Sen. Mansfield ran for Lieutenant Governor of North Carolina in the 2012 election. He lost the Democratic primary to former state Rep. Linda Coleman on May 8, 2012. After the 2012 election, Mansfield announced that he would run for chairman of the North Carolina Democratic Party.",FALSE,FALSE,FH
FN,J%2E_A%2E_Bayona,birthName,,Juan Antonio García Bayona,"Juan Antonio García Bayona (born 9 May 1975) is a Spanish film director. He directed the 2007 horror film The Orphanage, the 2012 drama film The Impossible, and the 2016 fantasy drama film A Monster Calls. Bayona's latest film is the 2018 science fiction adventure film Jurassic World: Fallen Kingdom, the fifth installment of the Jurassic Park film series. He has also directed television commercials and music videos. He directed the first two episodes of The Lord of the Rings: The Rings of Power.",TRUE,TRUE,
FP_new,Eric_L%2E_Mansfield,birthYear,2012,,"Eric L. Mansfield is a physician and a former Democratic member of the North Carolina Senate representing the 21st Senate district (Cumberland County). After one term in the legislature, Sen. Mansfield ran for Lieutenant Governor of North Carolina in the 2012 election. He lost the Democratic primary to former state Rep. Linda Coleman on May 8, 2012. After the 2012 election, Mansfield announced that he would run for chairman of the North Carolina Democratic Party.",TRUE,FALSE,WV
FP_new,Eric_L%2E_Mansfield,birthYear,1921,,"Eric L. Mansfield is a physician and a former Democratic member of the North Carolina Senate representing the 21st Senate district (Cumberland County). After one term in the legislature, Sen. Mansfield ran for Lieutenant Governor of North Carolina in the 2012 election. He lost the Democratic primary to former state Rep. Linda Coleman on May 8, 2012. After the 2012 election, Mansfield announced that he would run for chairman of the North Carolina Democratic Party.",FALSE,FALSE,FH
FN,Jack_Martin_Smith,birthName,,Jack Martin Smith,"Jack Martin Smith (January 2, 1911 - November 7, 1993) was a highly successful Hollywood art director with over 130 films to his credit and nine Academy Award nominations which ultimately yielded three Oscars.",TRUE,TRUE,
FP_new,Eric_L%2E_Mansfield,birthYear,1925,,"Eric L. Mansfield is a physician and a former Democratic member of the North Carolina Senate representing the 21st Senate district (Cumberland County). After one term in the legislature, Sen. Mansfield ran for Lieutenant Governor of North Carolina in the 2012 election. He lost the Democratic primary to former state Rep. Linda Coleman on May 8, 2012. After the 2012 election, Mansfield announced that he would run for chairman of the North Carolina Democratic Party.",FALSE,FALSE,FH
FP_new,Eric_L%2E_Mansfield,birthYear,1949,,"Eric L. Mansfield is a physician and a former Democratic member of the North Carolina Senate representing the 21st Senate district (Cumberland County). After one term in the legislature, Sen. Mansfield ran for Lieutenant Governor of North Carolina in the 2012 election. He lost the Democratic primary to former state Rep. Linda Coleman on May 8, 2012. After the 2012 election, Mansfield announced that he would run for chairman of the North Carolina Democratic Party.",FALSE,FALSE,FH
FN,James_Seay,birthName,,James Seay,"James Seay (September 9, 1914 – October 10, 1992) was an American character actor who often played minor supporting roles as government officials.",TRUE,TRUE,
FP_new,Eric_L%2E_Mansfield,birthYear,1932,,"Eric L. Mansfield is a physician and a former Democratic member of the North Carolina Senate representing the 21st Senate district (Cumberland County). After one term in the legislature, Sen. Mansfield ran for Lieutenant Governor of North Carolina in the 2012 election. He lost the Democratic primary to former state Rep. Linda Coleman on May 8, 2012. After the 2012 election, Mansfield announced that he would run for chairman of the North Carolina Democratic Party.",FALSE,FALSE,FH
FP_different,Ethel_M%2E_Dell,birthName,Ethel May Dell Savage,Ethel May Dell,"Ethel May Dell Savage (2 August 1881 – 17 September 1939) was a British writer, known by her pen name, Ethel M. Dell, of over 30 popular romance novels and several short stories from 1911 to 1939.",TRUE,TRUE,
FN,James_William_Moore,birthName,,James William Moore,"James William Moore (February 12, 1818 – September 17, 1877) was an American judge and politician from Montgomery County, Kentucky. He represented Kentucky in the Confederate States Congress during the American Civil War. Moore was born in Montgomery County, Kentucky. Moore served as a Kentucky state court judge from 1851 to 1858. In 1861 he became a delegate to the Kentucky Secessionist Convention and represented the state in the First Confederate Congress and the Second Confederate Congress from 1862 to 1865. James Moore died on September 17, 1877, and was buried in Machpelah Cemetery.",TRUE,TRUE,
FN,Jean-Jacques_Rousseau,birthName,,Jean-Jacques Rousseau,"Jean-Jacques Rousseau (UK: /ˈruːsoʊ/, US: /ruːˈsoʊ/ French: [ʒɑ̃ ʒak ʁuso]; 28 June 1712 – 2 July 1778) was a Genevan philosopher, writer, and composer. His political philosophy influenced the progress of the Age of Enlightenment throughout Europe, as well as aspects of the French Revolution and the development of modern political, economic, and educational thought.",TRUE,TRUE,
FN,Jes%C3%BAs_Rafael_Soto,birthName,,Jesús Rafael Soto,"Jesús Rafael Soto (June 5, 1923 – January 17, 2005) was a Venezuelan op and kinetic artist, a sculptor and a painter. His works can be found in the collections of the main museums of the world, including Tate (London), Museum Ludwig (Germany), Centre Georges Pompidou (Paris), Galleria Nazionale d’Arte Moderna (Roma) and MoMA (New York). One of the main museums of art in Venezuela, in his home town, has his name in tribute to him.",TRUE,TRUE,
FN,Jicka,birthName,,Jacques Kalaydjian,"Jacques Kalaydjian (January 1, 1926, Le Raincy, Paris, France - 15 May 2005) was a French artist of Armenian origin that was creating under the name of Jicka. During 1984-1988 he has been the author of Les Pieds Nickelés - the most popular French comics of the time. 
* v 
* t 
* e",TRUE,TRUE,
FP_different,Ethel_M%2E_Dell,birthName,Ethel M.Dell,Ethel May Dell,"Ethel May Dell Savage (2 August 1881 – 17 September 1939) was a British writer, known by her pen name, Ethel M. Dell, of over 30 popular romance novels and several short stories from 1911 to 1939.",FALSE,FALSE,WV
FP_new,Evan_Jager,label,Evan Reese Jager,,"Evan Reese Jager (born March 8, 1989) is an American distance runner. He is the current North American record holder in the 3000 m steeplechase with a time of 8:00.45, which makes him the 13th fastest performer in the history of the event. He is sponsored by Nike and is coached by Jerry Schumacher in the Bowerman Track Club. On August 17, 2016 Jager won the silver medal at the 2016 Rio Olympics for the Steeplechase.",TRUE,FALSE,LCE
FP_new,Evan_Jager,label,Evan Jager,,"Evan Reese Jager (born March 8, 1989) is an American distance runner. He is the current North American record holder in the 3000 m steeplechase with a time of 8:00.45, which makes him the 13th fastest performer in the history of the event. He is sponsored by Nike and is coached by Jerry Schumacher in the Bowerman Track Club. On August 17, 2016 Jager won the silver medal at the 2016 Rio Olympics for the Steeplechase.",TRUE,TRUE,
FN,Jicka,deathDate,,2005-05-15,"Jacques Kalaydjian (January 1, 1926, Le Raincy, Paris, France - 15 May 2005) was a French artist of Armenian origin that was creating under the name of Jicka. During 1984-1988 he has been the author of Les Pieds Nickelés - the most popular French comics of the time. 
* v 
* t 
* e",TRUE,TRUE,
FP_new,Evelyn_S%2E_Lieberman,label,Evelyn May Lieberman,,"Evelyn May Lieberman (née Simonowitz; July 9, 1944 – December 12, 2015) was an American public affairs professional who, during the Clinton administration, became the first woman to serve as White House Deputy Chief of Staff, and was the first United States Under Secretary of State for Public Diplomacy and Public Affairs. From 2002 to 2015, Lieberman worked for the Smithsonian Institution, most recently as Senior Advisor and Assistant to the Secretary for external relations.",TRUE,FALSE,WV
FP_new,Evelyn_S%2E_Lieberman,label,Evelyn S%2E Lieberman,,"Evelyn May Lieberman (née Simonowitz; July 9, 1944 – December 12, 2015) was an American public affairs professional who, during the Clinton administration, became the first woman to serve as White House Deputy Chief of Staff, and was the first United States Under Secretary of State for Public Diplomacy and Public Affairs. From 2002 to 2015, Lieberman worked for the Smithsonian Institution, most recently as Senior Advisor and Assistant to the Secretary for external relations.",TRUE,TRUE,
FP_new,Eyitope_Ogunbodede,label,Eyitope Ogungbenro Ogunbodede,,"Eyitope Ogungbenro Ogunbodede (born 23 January 1957) is a professor of Dentistry and the 11th substantial Vice Chancellor of Obafemi Awolowo University, Ile-Ife, Nigeria. He is also the founder of, the first dental museum in Africa commissioned in 2015 which contains relics of modern Nigerian dental history.",TRUE,FALSE,LCE
FN,Jina_Valentine,birthName,,Jina Valentine,"Jina Valentine (born November 9, 1979, in Berwyn, Pennsylvania) is a contemporary American visual artist whose work is informed by the techniques and strategies of American folk artists. She uses a variety of media to weave histories—including drawing, papermaking, found-object collage, and radical archiving.",TRUE,TRUE,
FP_new,Eyitope_Ogunbodede,label,Eyitope Ogungbenro,,"Eyitope Ogungbenro Ogunbodede (born 23 January 1957) is a professor of Dentistry and the 11th substantial Vice Chancellor of Obafemi Awolowo University, Ile-Ife, Nigeria. He is also the founder of, the first dental museum in Africa commissioned in 2015 which contains relics of modern Nigerian dental history.",TRUE,TRUE,
FP_new,F%C3%A9lix_Taunay%2C_Baron_of_Taunay,label,Félix Émile Taunay,,"Félix Émile Taunay, Baron of Taunay (March 1, 1795 – April 10, 1881), was a French Brazilian painter, and drawing and Greek teacher. He was the father of famous writer and politician Alfredo d'Escragnolle Taunay, the Viscount of Taunay.",TRUE,FALSE,ICE
FP_new,Faras_Hamdan,birthDate,1910-11-10,,"Faras Hamdan (Arabic: فارس حمدان; Hebrew: פארס חמדאן, 1910 – 29 November 1966) was an Israeli Arab politician who served as a member of the Knesset for the Agriculture and Development party between 1951 and 1959.",FALSE,FALSE,AC
FP_new,Faras_Hamdan,birthDate,1910-10-10,,"Faras Hamdan (Arabic: فارس حمدان; Hebrew: פארס חמדאן, 1910 – 29 November 1966) was an Israeli Arab politician who served as a member of the Knesset for the Agriculture and Development party between 1951 and 1959.",FALSE,FALSE,AC
FP_new,Fernando_Rivera_y_Moncada,label,Fernando Javier Rivera y Moncada,,"Fernando Javier Rivera y Moncada (c. 1725 – July 18, 1781) was a Mexican-born soldier of the Spanish Empire who served in The Californias (Las Californias), the far north-western frontier of New Spain. He participated in several early overland explorations and later served as third Governor of The Californias, from 1774–1777.",TRUE,FALSE,WV
FP_different,Flavio_Rog%C3%A9rio,label,Flávio Rogério,Flavio Rogério,"Flávio Rogério Ribeiro, sometimes known as just Flávio (born December 22, 1976 in Siqueira Campos) is a Brazilian former professional footballer who last played for Puebla of the Primera División de México. He is a Mexican naturalized citizen.",TRUE,FALSE,TMI
FP_new,Frances_Murray_%28suffragist%29,label,Frances Porter Murray,,"Frances Porter Murray (née Stoddard, 23 February 1843 – 3 April 1919) was a suffragist raised in Scotland, an advocate of women's education, a lecturer in Scottish music and a writer.",TRUE,FALSE,ICE
FP_new,Frances_Murray_%28suffragist%29,label,Frances Murray,,"Frances Porter Murray (née Stoddard, 23 February 1843 – 3 April 1919) was a suffragist raised in Scotland, an advocate of women's education, a lecturer in Scottish music and a writer.",TRUE,FALSE,ICE
FP_new,Franco_Sacchi,birthYear,1925,,"Franco Sacchi is an Italian filmmaker and editor. He is most notable as the director of critically acclaimed films This Is Nollywood, and Waiting for Armageddon.",FALSE,FALSE,FH
FN,Johanna_Gadski,birthName,,Johanna Emilia Agnes Gadski,"Johanna Emilia Agnes Gadski (15 June 1872 – 22 February 1932) was a German soprano. She was blessed with a secure, powerful, ringing voice, fine musicianship and an excellent technique. These attributes enabled her to enjoy a highly successful career in New York City and London, performing heavy dramatic roles in the German and Italian repertoires.",TRUE,TRUE,
FN,John_William_Polidori,birthName,,John William Polidori,"John William Polidori (7 September 1795 – 24 August 1821) was a British writer and physician. He is known for his associations with the Romantic movement and credited by some as the creator of the vampire genre of fantasy fiction. His most successful work was the short story ""The Vampyre"" (1819), the first published modern vampire story. Although the story was at first erroneously credited to Lord Byron, both Byron and Polidori affirmed that the author was Polidori.",TRUE,TRUE,
FP_new,Franco_Sacchi,birthYear,1955,,"Franco Sacchi is an Italian filmmaker and editor. He is most notable as the director of critically acclaimed films This Is Nollywood, and Waiting for Armageddon.",FALSE,FALSE,FH
FP_new,Franco_Sacchi,birthYear,1943,,"Franco Sacchi is an Italian filmmaker and editor. He is most notable as the director of critically acclaimed films This Is Nollywood, and Waiting for Armageddon.",FALSE,FALSE,FH
FP_new,Franco_Sacchi,birthYear,1949,,"Franco Sacchi is an Italian filmmaker and editor. He is most notable as the director of critically acclaimed films This Is Nollywood, and Waiting for Armageddon.",FALSE,FALSE,FH
FP_new,Franco_Sacchi,birthYear,1935,,"Franco Sacchi is an Italian filmmaker and editor. He is most notable as the director of critically acclaimed films This Is Nollywood, and Waiting for Armageddon.",FALSE,FALSE,FH
FP_new,Fred_Peacock,label,Fred Peacock,,"Frederick Halliday Peacock (November 23, 1916 – February 15, 2010) was a business man and former provincial level politician from Alberta, Canada. He served as a member of the Legislative Assembly of Alberta from 1971 until 1979.",TRUE,TRUE,
FP_new,Frederick_Bush,label,Frederick William Bush,,"Frederick William Bush (27 February 1852 – 8 January 1937) was an English cricketer. He was educated at Dulwich College. He played 22 first-class matches for Surrey between 1879 and 1897. He was a county cricketer for Surrey, Suffolk, and Shropshire (for which he appeared at five two day matches during 1904) while playing club cricket for Shrewsbury and Nesscliff. He was brother of another Surrey County cricketer, Harry Bush.",TRUE,FALSE,WV
FN,Jos%C3%A9_B%C3%B3dalo,birthName,,José Bódalo Zúffoli,"José Bódalo Zúffoli (March 24, 1916 – July 24, 1985) was an Argentine born Spanish film actor.",TRUE,TRUE,
FP_new,Frederick_Bush,label,Frederick Bush,,"Frederick William Bush (27 February 1852 – 8 January 1937) was an English cricketer. He was educated at Dulwich College. He played 22 first-class matches for Surrey between 1879 and 1897. He was a county cricketer for Surrey, Suffolk, and Shropshire (for which he appeared at five two day matches during 1904) while playing club cricket for Shrewsbury and Nesscliff. He was brother of another Surrey County cricketer, Harry Bush.",TRUE,TRUE,
FP_new,Gabriel_Faure_%28writer%29,label,Gabriel Faure,,"Gabriel Faure (15 May 1877 – 5 August 1962) was a French poet, novelist and essayist. He was the author of many books about Italy, and the editor of a book prefaced by Benito Mussolini. He won five prizes from the Académie française.",TRUE,FALSE,ICE
FN,Jos%C3%A9_Luis_Manzano,birthName,,José Luis Manzano,"José Luis Manzano (born March 9, 1956) is an Argentine businessman and former politician. He is currently a partner in the second largest multimedia group in his country, Grupo América, and has investments in several economic sectors, including energy, wine, and clothing. During his time in Argentine politics, Manzano was known as a power broker and negotiator and one of the architects of the success of the Menem government.",TRUE,TRUE,
FP_new,Gabriel_Faure_%28writer%29,deathDate,1962-08-05,,"Gabriel Faure (15 May 1877 – 5 August 1962) was a French poet, novelist and essayist. He was the author of many books about Italy, and the editor of a book prefaced by Benito Mussolini. He won five prizes from the Académie française.",TRUE,TRUE,
FN,Jules_Hochet,birthName,,Jules Louis Hochet,Jules Louis Hochet (17 March 1813 – 2 April 1867) was a French industrialist who managed an iron foundry and a railway line in the south of France.,TRUE,TRUE,
FP_new,Gary_P%2E_Dillon,label,Gary Paul,,"Gary Paul ""Doc"" Dillon (born May 16, 1943) is an American politician in the state of Indiana. Dillon was born in South Bend, Indiana. He attended Wabash College and the Indiana University School of Medicine and is a dermatologist. He served in the Indiana House of Representatives from 1998 to 2002 and in the Indiana State Senate from 2002 to 2010. He resides in Columbia City, Indiana.",TRUE,FALSE,WV
FN,Kainaat_Arora,birthName,,Kainaat Arora,"Kainaat Arora (born 2 December 1986) is an Indian actress who made her debut in the Bollywood 100 crore blockbuster comedy film Grand Masti as Marlow. She also appeared in Mankatha and Khatta Meetha, and sang in Malayalam films.",TRUE,TRUE,
FP_new,Gary_P%2E_Dillon,label,Gary Dillon,,"Gary Paul ""Doc"" Dillon (born May 16, 1943) is an American politician in the state of Indiana. Dillon was born in South Bend, Indiana. He attended Wabash College and the Indiana University School of Medicine and is a dermatologist. He served in the Indiana House of Representatives from 1998 to 2002 and in the Indiana State Senate from 2002 to 2010. He resides in Columbia City, Indiana.",TRUE,FALSE,MCE
FP_new,Gary_P%2E_Dillon,label,Gary P.Dillon,,"Gary Paul ""Doc"" Dillon (born May 16, 1943) is an American politician in the state of Indiana. Dillon was born in South Bend, Indiana. He attended Wabash College and the Indiana University School of Medicine and is a dermatologist. He served in the Indiana House of Representatives from 1998 to 2002 and in the Indiana State Senate from 2002 to 2010. He resides in Columbia City, Indiana.",FALSE,TRUE,
FP_new,Gary_P%2E_Dillon,label,Gary P%2E Dillon,,"Gary Paul ""Doc"" Dillon (born May 16, 1943) is an American politician in the state of Indiana. Dillon was born in South Bend, Indiana. He attended Wabash College and the Indiana University School of Medicine and is a dermatologist. He served in the Indiana House of Representatives from 1998 to 2002 and in the Indiana State Senate from 2002 to 2010. He resides in Columbia City, Indiana.",TRUE,FALSE,TMI
FP_new,Gary_P%2E_Dillon,label,Gary Paul Dillon,,"Gary Paul ""Doc"" Dillon (born May 16, 1943) is an American politician in the state of Indiana. Dillon was born in South Bend, Indiana. He attended Wabash College and the Indiana University School of Medicine and is a dermatologist. He served in the Indiana House of Representatives from 1998 to 2002 and in the Indiana State Senate from 2002 to 2010. He resides in Columbia City, Indiana.",TRUE,FALSE,MCE
FN,Karen_Mills,birthName,,Karen Gordon,"Karen Gordon Mills (born September 14, 1953) is an American businessperson and former government official who served as the 23rd Administrator of the U.S. Small Business Administration (SBA). She was nominated by President-elect Barack Obama on December 19, 2008, confirmed unanimously by the Senate on April 2, 2009, and sworn in on April 6, 2009. During her tenure, her office was elevated to the rank of Cabinet-level officer, expanding her power on policy decisions and granting her inclusion in the President's cabinet meetings. On February 11, 2013, she announced her resignation as Administrator and left the post on September 1, 2013.",TRUE,TRUE,
FP_new,George_Slicker,birthYear,1990,,"George Slicker is a former professional rugby league footballer who played in the 1990s. He played at representative level for Ireland, and at club level for Halifax (Heritage № 1085).",TRUE,FALSE,WV
FP_new,George_Slicker,birthYear,1085,,"George Slicker is a former professional rugby league footballer who played in the 1990s. He played at representative level for Ireland, and at club level for Halifax (Heritage № 1085).",TRUE,FALSE,WV
FP_new,Georgi_Yumatov,label,Georgi Aleksandrovich Yumatov,,"Georgi Aleksandrovich Yumatov (Russian: Гeopгий Алeксандpoвич Юматов, IPA: [ɡʲɪˈorɡʲɪj jʊˈmatəf]; 11 March 1926 – 6 October 1997) was a Soviet and Russian film actor. He appeared in 72 films between 1946 and 1994. He was a People’s Artist of the RSFSR (1982).",TRUE,FALSE,WV
FP_new,Georgi_Yumatov,label,Georgi Yumatov,,"Georgi Aleksandrovich Yumatov (Russian: Гeopгий Алeксандpoвич Юматов, IPA: [ɡʲɪˈorɡʲɪj jʊˈmatəf]; 11 March 1926 – 6 October 1997) was a Soviet and Russian film actor. He appeared in 72 films between 1946 and 1994. He was a People’s Artist of the RSFSR (1982).",TRUE,TRUE,
FN,Karloff_Lagarde,birthName,,Carlos Delucio Lagarde,"Carlos Delucio Lagarde (July 27, 1928 – August 31, 2007) is best known as Karloff Lagarde, a Mexican Luchador, or professional wrestler, who was immensely popular during the 1960s and 1970s. Through his career had faced most of Mexico's top stars of the 1950s, 1960s and 1970s including lucha libre legends such as El Santo, El Solitario, Mil Máscaras, Black Shadow, Huracán Ramírez, Gory Guerrero, Ray Mendoza and Perro Aguayo. He was known as the ""king of the Welterweight"" due to him holding the Mexican National Welterweight Championship four times and the NWA World Welterweight Championship three times in his career. Lagarde teamed up with René Guajardo to form a tag team known as Los Rebeldes, considered to be one of the top five tag teams in Lucha libre history.",TRUE,TRUE,
FP_new,Gerard_de_Limesay,birthYear,1162,,"Gerard de Limesay, Lord of Wolverley, was a 12th-century English noble. He was the eldest son of Alan de Limesay. Gerard succeeded his father in 1162 and died circa 1185. Upon the death of his son John in 1193 and grandson Hugh in 1198, without issue, the barony of Limesay was split into moieties between Gerard's daughters.",TRUE,FALSE,WV
FN,Katie_Ghose,birthName,,Katie Sushila Ratna Ghose,"Katie Sushila Ratna Ghose (born July 1970) is a British charity chief executive and campaigner. In September 2019 she was appointed chief executive of KIDS, a national charity for disabled children and young people. She was previously Chief Executive of the Women's Aid Federation of England and the Electoral Reform Society.",TRUE,TRUE,
FP_new,Gerard_de_Limesay,deathYear,1185,,"Gerard de Limesay, Lord of Wolverley, was a 12th-century English noble. He was the eldest son of Alan de Limesay. Gerard succeeded his father in 1162 and died circa 1185. Upon the death of his son John in 1193 and grandson Hugh in 1198, without issue, the barony of Limesay was split into moieties between Gerard's daughters.",TRUE,TRUE,
FP_new,Gerard_de_Limesay,birthYear,1286,,"Gerard de Limesay, Lord of Wolverley, was a 12th-century English noble. He was the eldest son of Alan de Limesay. Gerard succeeded his father in 1162 and died circa 1185. Upon the death of his son John in 1193 and grandson Hugh in 1198, without issue, the barony of Limesay was split into moieties between Gerard's daughters.",FALSE,FALSE,FH
FP_new,Gertrude_Poe,label,Gertrude Louise Poe,,"Gertrude Louise Poe (September 21, 1915 – July 13, 2017) was an American journalist, lawyer, real estate agent, insurance agent, and radio broadcaster who served as the editor of Laurel Leader in Laurel, Maryland from 1939 to 1980. She was known as ""Maryland's First Lady of Journalism.""",TRUE,FALSE,WV
FP_new,Gertrude_Poe,label,Gertrude Poe,,"Gertrude Louise Poe (September 21, 1915 – July 13, 2017) was an American journalist, lawyer, real estate agent, insurance agent, and radio broadcaster who served as the editor of Laurel Leader in Laurel, Maryland from 1939 to 1980. She was known as ""Maryland's First Lady of Journalism.""",TRUE,TRUE,
FP_new,Ginger_Lees,label,Ginger Lees,,"Harry Riley ""Ginger"" Lees (1905-1982) was a former international motorcycle speedway rider who rode in the first ever Speedway World Championship final in 1936. He was born in Bury, England.",TRUE,TRUE,
FP_new,Ginger_Lees,label,Ginger,,"Harry Riley ""Ginger"" Lees (1905-1982) was a former international motorcycle speedway rider who rode in the first ever Speedway World Championship final in 1936. He was born in Bury, England.",TRUE,FALSE,ICE
FP_new,Golam_Samdani_Koraishi,label,Golam Samdani Quraishy,,Golam Samdani Quraishy (Bengali: গোলাম সামদানী কোরায়শী; 5 April 1929 – 11 October 1991) was a Bangladeshi poet and writer. He was given Independence Day Award posthumously in 2017 by the Government of Bangladesh.,TRUE,FALSE,WV
FP_new,Gordon_Coventry,label,Gordon Coventry,,"Gordon Richard James Coventry (25 September 1901 – 7 November 1968) was a former Australian rules footballer who played for Collingwood Football Club in the Victorian Football League (VFL). Accorded ""Legend"" status in the Australian Football Hall of Fame, Coventry was the first player to play 300 VFL games, the first to kick 100 goals in a VFL season, the only player ever to head the league's goal-kicking list in five consecutive seasons, and the first player to kick 1000 VFL goals, with his career total of 1299 VFL goals serving as a VFL/AFL competition record for over 60 seasons.",TRUE,TRUE,
FP_new,Grace_Daley,label,Grace Elizabeth Daley,,"Grace Elizabeth Daley (born June 26, 1978) is a retired African American professional women's basketball player, who is now an English teacher at Trinity Catholic High School in Ocala, Florida. Daley was born in Miami, Florida, and attended Tulane University, graduating in 2000. Following her collegiate career, she was selected 5th overall in the 2000 WNBA Draft by the Minnesota Lynx. She also played for the New York Liberty, Houston Comets and Phoenix Mercury.",TRUE,FALSE,WV
FN,Kim_Kyung-ju,birthName,,Kim Kyung Ju,"Kim Kyung Ju (born July 14, 1976) is a South Korean poet and performance artist.",TRUE,TRUE,
FP_new,Grace_Daley,label,Grace Daley,,"Grace Elizabeth Daley (born June 26, 1978) is a retired African American professional women's basketball player, who is now an English teacher at Trinity Catholic High School in Ocala, Florida. Daley was born in Miami, Florida, and attended Tulane University, graduating in 2000. Following her collegiate career, she was selected 5th overall in the 2000 WNBA Draft by the Minnesota Lynx. She also played for the New York Liberty, Houston Comets and Phoenix Mercury.",TRUE,TRUE,
FP_different,Gustav_Vigeland,birthName,Olaf Gustav Thorsen,Adolf Gustav Thorsen,"Gustav Vigeland (11 April 1869 – 12 March 1943), born as Adolf Gustav Thorsen, was a Norwegian sculptor. Gustav Vigeland occupies a special position among Norwegian sculptors, both in the power of his creative imagination and in his productivity. He is most associated with the Vigeland installation (Vigelandsanlegget) in Frogner Park, Oslo. He was also the designer of the Nobel Peace Prize medal.",FALSE,FALSE,FH
FP_new,Guy_Lejeune,birthYear,1900,,Guy Lejeune was a French tennis player. He competed in the men's doubles event at the 1900 Summer Olympics.,TRUE,FALSE,WV
FP_new,Habe_Haberling,label,Habe Haberling,,"Harold F. ""Habe"" Haberling (June 30, 1927 – February 22, 1961) was an American race car driver. A competitor in the NASCAR Sportsman Modified Series, he died in an accident while practicing for the 250 mile Sportsman Modified race at Daytona in 1961.",TRUE,TRUE,
FN,KJ_Apa,birthName,,Savae Keneti James Fitzgerald Apa,"Savae Keneti James Fitzgerald Apa, Moata'a (born 17 June 1997) is a New Zealand actor, singer and musician. He has received various accolades, including a Saturn Award and nominations for an MTV Movie & TV Award, two People's Choice Awards and two Teen Choice Awards, and was appointed the matai title of Savae chief of his village Moata'a in 2022.",TRUE,TRUE,
FN,Koutoub_Moustapha_Sano,birthName,,Koutoub Moustapha Sano,"Koutoub Moustapha Sano (born April 10, 1966) is a politician and academic from Guinea. He served as minister of the office of the president of Guinea and diplomatic advisor to the president. He holds a doctorate in law.",TRUE,TRUE,
FP_new,Habe_Haberling,label,Habe,,"Harold F. ""Habe"" Haberling (June 30, 1927 – February 22, 1961) was an American race car driver. A competitor in the NASCAR Sportsman Modified Series, he died in an accident while practicing for the 250 mile Sportsman Modified race at Daytona in 1961.",TRUE,FALSE,ICE
FP_new,Hachisuka_Iemasa,birthDate,1558-02-02,,"Hachisuka Iemasa (蜂須賀 家政, 1558 – February 2, 1639) was a Japanese daimyō of the early Edo period. Iemasa, the son of Hachisuka Masakatsu or Koroku, was the founder of the Tokushima Domain. He was one of some daimyo who have bad terms with Ishida Mitsunari. His father was a retainer of Hideyoshi. But later Iemasa served both Oda Nobunaga and Toyotomi Hideyoshi, taking part in the Battle of Yamazaki 1582, Invasion of Shikoku 1585 and Hideyoshi's Korean campaign 1592-1598.",FALSE,FALSE,AC
FP_new,Hachisuka_Iemasa,birthDate,1558-05-58,,"Hachisuka Iemasa (蜂須賀 家政, 1558 – February 2, 1639) was a Japanese daimyō of the early Edo period. Iemasa, the son of Hachisuka Masakatsu or Koroku, was the founder of the Tokushima Domain. He was one of some daimyo who have bad terms with Ishida Mitsunari. His father was a retainer of Hideyoshi. But later Iemasa served both Oda Nobunaga and Toyotomi Hideyoshi, taking part in the Battle of Yamazaki 1582, Invasion of Shikoku 1585 and Hideyoshi's Korean campaign 1592-1598.",FALSE,FALSE,AC
FP_new,Hamako_Mori,birthName,Hamako Mori Grandma,,"Hamako Mori (born 18 February 1930), better known by her online alias Gamer Grandma, is a Japanese video game YouTuber and esports player. She is known to have been playing video and esports games for nearly 4 decades. In May 2020, she was declared as the oldest ever gaming YouTuber in the world at the age of 90. She was praised and became an internet sensation for her gaming skills despite her age factor.",FALSE,FALSE,MCE
FP_new,Harold_Soref,label,Harold Benjamin Soref,,"Harold Benjamin Soref (18 December 1916—14 March 1993) was a Conservative Member of Parliament (MP) in the United Kingdom for Ormskirk, Lancashire, first elected at the 1970 general election. He subsequently lost the seat to Labour in February 1974. Soref was a leading member of the Conservative Monday Club.",TRUE,FALSE,WV
FP_new,Harold_Soref,label,Harold Soref,,"Harold Benjamin Soref (18 December 1916—14 March 1993) was a Conservative Member of Parliament (MP) in the United Kingdom for Ormskirk, Lancashire, first elected at the 1970 general election. He subsequently lost the seat to Labour in February 1974. Soref was a leading member of the Conservative Monday Club.",TRUE,TRUE,
FP_new,Harvey_Morgan,label,Harvey Bland Morgan,,"Harvey Bland Morgan (born August 18, 1930) is an American politician. From 1980–2012 he served in the Virginia House of Delegates, representing the 98th district on the Middle Peninsula. He is a member of the Republican Party.",TRUE,FALSE,WV
FP_new,Harvey_Morgan,label,Harvey Morgan,,"Harvey Bland Morgan (born August 18, 1930) is an American politician. From 1980–2012 he served in the Virginia House of Delegates, representing the 98th district on the Middle Peninsula. He is a member of the Republican Party.",TRUE,TRUE,
FP_new,Henry_Cheeseman,label,Henry Albert Cheeseman,,Henry Albert Cheeseman (20 December 1875 – 18 September 1956) was an Australian rules footballer who played with Geelong in the Victorian Football League (VFL).,TRUE,FALSE,WV
FP_new,Henry_Cheeseman,label,Henry Cheeseman,,Henry Albert Cheeseman (20 December 1875 – 18 September 1956) was an Australian rules footballer who played with Geelong in the Victorian Football League (VFL).,TRUE,TRUE,
FP_new,Henry_Harris_%28Australian_cricketer%29,label,Henry Vere Poulett-Harris,,"Henry Vere Poulett-Harris (22 April 1865 – 7 March 1933) was an Australian cricket player, runner, footballer, gold prospector and gold mine owner. Vere Poulett-Harris played five first-class cricket matches for the Tasmania and Western Australia cricket teams between 1883 and 1899. One early news report described him as a ""sterling cricketer and footballer"" whilst another described him as a ""sterling batsman and good field."" In 1911, he was called as a witness to testify during Chaffinch Mine Conspiracy trial.",TRUE,FALSE,WV
FP_new,Henry_Harris_%28Australian_cricketer%29,deathDate,1933-03-07,,"Henry Vere Poulett-Harris (22 April 1865 – 7 March 1933) was an Australian cricket player, runner, footballer, gold prospector and gold mine owner. Vere Poulett-Harris played five first-class cricket matches for the Tasmania and Western Australia cricket teams between 1883 and 1899. One early news report described him as a ""sterling cricketer and footballer"" whilst another described him as a ""sterling batsman and good field."" In 1911, he was called as a witness to testify during Chaffinch Mine Conspiracy trial.",TRUE,TRUE,
FP_new,Henry_Harris_%28Australian_cricketer%29,deathYear,1933,,"Henry Vere Poulett-Harris (22 April 1865 – 7 March 1933) was an Australian cricket player, runner, footballer, gold prospector and gold mine owner. Vere Poulett-Harris played five first-class cricket matches for the Tasmania and Western Australia cricket teams between 1883 and 1899. One early news report described him as a ""sterling cricketer and footballer"" whilst another described him as a ""sterling batsman and good field."" In 1911, he was called as a witness to testify during Chaffinch Mine Conspiracy trial.",TRUE,TRUE,
FP_new,Hernando_Molina_Ara%C3%BAjo,label,Hernando César Molina Araújo,,"Hernando César Molina Araújo (born August 28, 1961 in Valledupar) is a Colombian politician. Son of Hernando Molina Céspedes and Consuelo Araújo, he studied at the Colegio Nacional Loperena in Valledupar and later studied Law in the, but dropped out. He declares himself a self-taught man. Molina was governor of the Colombian Department of Cesar for the period 2004–2007, a term which he did not complete due to his involvement in the Parapolitica scandal. he was called to testify on May 17, 2007 at the Office of the Attorney General of Colombia.",TRUE,FALSE,WV
FP_new,Hernando_Molina_Ara%C3%BAjo,label,Hernando Molina Araújo,,"Hernando César Molina Araújo (born August 28, 1961 in Valledupar) is a Colombian politician. Son of Hernando Molina Céspedes and Consuelo Araújo, he studied at the Colegio Nacional Loperena in Valledupar and later studied Law in the, but dropped out. He declares himself a self-taught man. Molina was governor of the Colombian Department of Cesar for the period 2004–2007, a term which he did not complete due to his involvement in the Parapolitica scandal. he was called to testify on May 17, 2007 at the Office of the Attorney General of Colombia.",TRUE,TRUE,
FP_new,Hilda_Strike,label,Hilda Gwendolyn Strike,,"Hilda Gwendolyn Strike (later Sisson, September 1, 1910 – March 9, 1989) was a Canadian track athlete and Olympic medalist. She was born in Montreal and died in Ottawa. Competing in the 1932 Summer Olympics, she won a silver medal in the 4×100 metre relay and a silver medal in the 100 metre losing to Stanisława Walasiewicz. At the end of the year, she was named Canada's outstanding female athlete of the year by The Canadian Press. In 1972, she was inducted into Canada's Sports Hall of Fame.",TRUE,FALSE,WV
FP_new,Hilda_Strike,label,Hilda Strike,,"Hilda Gwendolyn Strike (later Sisson, September 1, 1910 – March 9, 1989) was a Canadian track athlete and Olympic medalist. She was born in Montreal and died in Ottawa. Competing in the 1932 Summer Olympics, she won a silver medal in the 4×100 metre relay and a silver medal in the 100 metre losing to Stanisława Walasiewicz. At the end of the year, she was named Canada's outstanding female athlete of the year by The Canadian Press. In 1972, she was inducted into Canada's Sports Hall of Fame.",TRUE,TRUE,
FN,Lance_Barber,birthName,,Lance Barber,"Lance Barber (born June 29, 1973) is an American actor. He is best known for playing George Cooper, Sr. on the CBS sitcom Young Sheldon (2017–present), as well as Bill Ponderosa on the FX show It's Always Sunny in Philadelphia.",TRUE,TRUE,
FP_new,Hilda_Strike,birthName,Hilda Gwendolyn Strike,,"Hilda Gwendolyn Strike (later Sisson, September 1, 1910 – March 9, 1989) was a Canadian track athlete and Olympic medalist. She was born in Montreal and died in Ottawa. Competing in the 1932 Summer Olympics, she won a silver medal in the 4×100 metre relay and a silver medal in the 100 metre losing to Stanisława Walasiewicz. At the end of the year, she was named Canada's outstanding female athlete of the year by The Canadian Press. In 1972, she was inducted into Canada's Sports Hall of Fame.",TRUE,FALSE,WV
FP_new,Ian_Graham_%28footballer%2C_born_1940%29,label,Ian Graham,,Ian Graham (born 7 April 1940) is a former Australian rules footballer who played with Essendon in the Victorian Football League (VFL).,TRUE,FALSE,ICE
FN,Lee_Greenwood,birthName,,Melvin Lee Greenwood,"Melvin Lee Greenwood (born October 27, 1942) is an American country music singer-songwriter. He also plays the saxophone. Active since 1962, he has released more than 20 major-label albums and has charted more than 35 singles on the Billboard country music charts.",TRUE,TRUE,
FP_new,Ian_MacPherson_%28historian%29,label,Ian MacPherson,,"Ian MacPherson (1939 – November 16, 2013) was a Canadian historian, and a supporter of the co-operative movement. MacPherson was born in Toronto, Ontario.",TRUE,FALSE,ICE
FP_new,Imah_Dumagay,birthName,Fatimah Dumagay,,"Imah Dumagay (born Fatimah Dumagay) is GCC's first Filipina stand-up comedian based in Dubai, UAE.",TRUE,TRUE,
FP_new,Imah_Dumagay,birthYear,1944,,"Imah Dumagay (born Fatimah Dumagay) is GCC's first Filipina stand-up comedian based in Dubai, UAE.",FALSE,FALSE,FH
FN,Li_Jiahang,birthName,,Lǐ Jiāháng,"Li Jiahang (Chinese: 李佳航; pinyin: Lǐ Jiāháng; born March 8, 1987) is a Chinese actor.",TRUE,TRUE,
FP_new,Imah_Dumagay,birthYear,1926,,"Imah Dumagay (born Fatimah Dumagay) is GCC's first Filipina stand-up comedian based in Dubai, UAE.",FALSE,FALSE,FH
FP_new,Imah_Dumagay,birthYear,1924,,"Imah Dumagay (born Fatimah Dumagay) is GCC's first Filipina stand-up comedian based in Dubai, UAE.",FALSE,FALSE,FH
FP_new,Imah_Dumagay,birthYear,1925,,"Imah Dumagay (born Fatimah Dumagay) is GCC's first Filipina stand-up comedian based in Dubai, UAE.",FALSE,FALSE,FH
FP_new,Imah_Dumagay,birthYear,1935,,"Imah Dumagay (born Fatimah Dumagay) is GCC's first Filipina stand-up comedian based in Dubai, UAE.",FALSE,FALSE,FH
FP_new,Imah_Dumagay,birthYear,1955,,"Imah Dumagay (born Fatimah Dumagay) is GCC's first Filipina stand-up comedian based in Dubai, UAE.",FALSE,FALSE,FH
FN,Li_Jiahang,birthDate,,1987-03-08,"Li Jiahang (Chinese: 李佳航; pinyin: Lǐ Jiāháng; born March 8, 1987) is a Chinese actor.",TRUE,TRUE,
FP_new,Imah_Dumagay,birthYear,1961,,"Imah Dumagay (born Fatimah Dumagay) is GCC's first Filipina stand-up comedian based in Dubai, UAE.",FALSE,FALSE,FH
FP_new,In%C5%8D_Tadataka,birthDate,1745-02-11,,"Inō Tadataka (伊能 忠敬, February 11, 1745 - May 17, 1818) was a Japanese surveyor and cartographer. He is known for completing the first map of Japan using modern surveying techniques.",FALSE,TRUE,
FP_new,Ioan_Culcer,deathDate,1928-09-28,,"Ioan Culcer (29 July 1853 – September 1928) was a Wallachian-born Romanian military leader and politician. Culcer served as a lieutenant during the Romanian War of Independence (1877–1878) and as a general during the Second Balkan War and World War I. In early 1918, he served as Minister for Public Works in the First Averescu cabinet.",FALSE,FALSE,AC
FP_new,Ioan_Culcer,deathDate,1928-09-09,,"Ioan Culcer (29 July 1853 – September 1928) was a Wallachian-born Romanian military leader and politician. Culcer served as a lieutenant during the Romanian War of Independence (1877–1878) and as a general during the Second Balkan War and World War I. In early 1918, he served as Minister for Public Works in the First Averescu cabinet.",FALSE,FALSE,AC
FP_new,Ioan_Culcer,deathDate,1928-09-29,,"Ioan Culcer (29 July 1853 – September 1928) was a Wallachian-born Romanian military leader and politician. Culcer served as a lieutenant during the Romanian War of Independence (1877–1878) and as a general during the Second Balkan War and World War I. In early 1918, he served as Minister for Public Works in the First Averescu cabinet.",FALSE,FALSE,AC
FP_new,Ion_Creang%C4%83_%28jurist%29,label,Ion Creangă,,"Ion Creangă (born December 11, 1962 in Goteşti) is a Moldovan jurist and the head of the Legal Department of the Parliament of Moldova. Creangă was born in Goteşti, Cantemir District. He studied at the Moldova State University (1987–1992) and got his PhD in 2000. He is the head of the Legal Department of the Apparatus of the Parliament of Moldova. Also, he is secretary of the Commission for constitutional reform in Moldova.",TRUE,FALSE,ICE
FP_new,Isidor_Bieri,birthYear,1928,,Isidor Bieri was a Swiss wrestler. He competed in the men's Greco-Roman featherweight at the 1928 Summer Olympics.,TRUE,FALSE,WV
FN,Lina_Trivedi,birthName,,Lina Trivedi,"Lina Trivedi (born June 11, 1973) is an American entrepreneur, author, educator and civil servant. Her most noted writing credit is for authoring the first 136 poems of Beanie Babies. She is also credited for directing the world's first business to consumer Web site, which she did for Ty Inc., manufacturer of Beanie Babies. She is referred to as the woman who gave birth to the Internet and invented E-commerce. In effect, Beanie Babies evolved to become the world's first Internet sensation and Ty Warner became a billionaire.",TRUE,TRUE,
FP_new,Ivar_of_Limerick,birthYear,977,,"Ivar of Limerick (Irish: Ímar Luimnich, rí Gall; Ímar ua Ímair; Ímar Ua hÍmair, Ard Rí Gall Muman ocus Gáedel; Íomhar Mór; Old Norse: Ívarr [ˈiːˌwɑrː]; died 977), was the last Norse king of the city-state of Limerick, and penultimate King of the Foreigners of Munster, reigning during the rise to power of the Dál gCais and the fall of the Eóganachta.",TRUE,FALSE,WV
FN,Lorenz_Jaeger,birthName,,Lorenz Jaeger,"Lorenz Jaeger (23 September 1892 – 1 April 1975) was a German cardinal of the Roman Catholic Church, who served as Archbishop of Paderborn from 1941 to 1973, and was elevated to the cardinalate in 1965.",TRUE,TRUE,
FP_new,J%2E_A%2E_Bayona,label,J.Antonio García Bayona,,"Juan Antonio García Bayona (born 9 May 1975) is a Spanish film director. He directed the 2007 horror film The Orphanage, the 2012 drama film The Impossible, and the 2016 fantasy drama film A Monster Calls. Bayona's latest film is the 2018 science fiction adventure film Jurassic World: Fallen Kingdom, the fifth installment of the Jurassic Park film series. He has also directed television commercials and music videos. He directed the first two episodes of The Lord of the Rings: The Rings of Power.",TRUE,FALSE,WV
FP_new,J%2E_A%2E_Bayona,label,Juan Antonio García Bayona,,"Juan Antonio García Bayona (born 9 May 1975) is a Spanish film director. He directed the 2007 horror film The Orphanage, the 2012 drama film The Impossible, and the 2016 fantasy drama film A Monster Calls. Bayona's latest film is the 2018 science fiction adventure film Jurassic World: Fallen Kingdom, the fifth installment of the Jurassic Park film series. He has also directed television commercials and music videos. He directed the first two episodes of The Lord of the Rings: The Rings of Power.",TRUE,FALSE,WV
FP_new,Jace_Jung,label,Jace Andrew Jung,,"Jace Andrew Jung (born October 4, 2000) is an American baseball second baseman in the Detroit Tigers organization. He played college baseball for the Texas Tech Red Raiders.",TRUE,FALSE,WV
FN,Louis_Sve%C4%87enski,birthName,,Ljudevit Kohn,"Louis Svećenski (Croatian: Ljudevit ""Lujo"" Svećenski, born Ljudevit Kohn; November 7, 1862 – June 18, 1926) was notable Croatian - American violist - violinist and rector of the Boston Academy of Music. Svećenski is credited with the erection of Osijek memorial plaque in 1895, for his friend Franjo Krežma. He stayed in touch with his hometown and family until the day he died on June 18, 1926.",TRUE,TRUE,
FP_new,Jace_Jung,label,Jace Jung,,"Jace Andrew Jung (born October 4, 2000) is an American baseball second baseman in the Detroit Tigers organization. He played college baseball for the Texas Tech Red Raiders.",TRUE,TRUE,
FN,Lu_Shao-chuan,birthDate,,1997-03-24,"Lu Shao-chuan (Chinese: 呂紹全; Wade–Giles: Lǚ Shàoquán; born 24 March 1997) is a Taiwanese sports shooter. He competed in the 2014 Summer Youth Olympics, and grabbed the bronze medal in the mixed teams' 10m air rifle event partnered with Viktoriya Sukhorukova of Ukraine. He also competed at the 2014 and 2018 Asian Games. Teamed-up with Lin Ying-shin, they claimed the first gold medal for the Chinese Taipei contingent at the 2018 Games in the mixed 10 metre air rifle team event. He also won the bronze medal in the men's 10 m air rifle event. Lu placed fifth in the 2019 Asian Shooting Championships, and qualified for the 2020 Summer Olympics in Tokyo, becoming the first Taiwanese sports shooter to qualify for the Olympic 10-meter air rifle competition.",TRUE,TRUE,
FN,Maggie_Flecknoe,birthName,,Marguerite Kathryn Flecknoe,"Marguerite Kathryn Flecknoe is an American voice actress, radio personality, television host and producer.",TRUE,TRUE,
FP_new,Jace_Richdale,birthYear,1944,,"Jace Richdale is an American producer and writer. He served as co-executive producer for seasons 5 and 6 of The Simpsons and wrote the season five episode ""Burns' Heir"". He was a part of the Simpsons writing staff during seasons 5, 6, 9 and 10. Other writing credits include Dexter, Family Ties, Get a Life, and The Oblongs. He has also produced episodes of The Oblongs, Oliver Beene, and the movie Wiener Park. He was married to fellow writer Jennifer Crittenden for three years; they separated in 1998. He is now married to Allegra Growdon.",FALSE,FALSE,FH
FP_new,James_Bell_%28bishop%29,label,James Harold Bell,,James Harold Bell (born 20 November 1950) is a retired British Anglican bishop. He was the area Bishop of Ripon in the Diocese of Leeds.,TRUE,FALSE,WV
FP_new,James_Bell_%28bishop%29,label,James Bell,,James Harold Bell (born 20 November 1950) is a retired British Anglican bishop. He was the area Bishop of Ripon in the Diocese of Leeds.,TRUE,FALSE,ICE
FP_new,James_Campbell_%28land_commissioner%29,label,James Campbell,,"Lieutenant-Colonel James Campbell (1787 – 7 July 1858) was a lieutenant-colonel of the British army who distinguished himself in the Peninsular War. He emigrated to New Zealand and was appointed as a land commissioner, and later as Registrar of Deeds, in Canterbury.",TRUE,FALSE,ICE
FP_new,James_Campbell_%28land_commissioner%29,birthYear,1787,,"Lieutenant-Colonel James Campbell (1787 – 7 July 1858) was a lieutenant-colonel of the British army who distinguished himself in the Peninsular War. He emigrated to New Zealand and was appointed as a land commissioner, and later as Registrar of Deeds, in Canterbury.",TRUE,TRUE,
FP_new,James_F%2E_McCarthy,birthYear,1924,,"James F. McCarthy was an American football and baseball coach. He was the first head football coach a Manhattan College and he held that position for three seasons, from 1925 until 1927. His career coaching record at Manhattan was 9–12–2. This ranks him third at Manhattan in total wins and fourth at Manhattan in winning percentage. Manhattan College played intercollegiate football for the first time in 1924 and produced a record of 4–4 that year, but there was no declared coach.",TRUE,FALSE,WV
FP_new,James_F%2E_McCarthy,birthYear,1925,,"James F. McCarthy was an American football and baseball coach. He was the first head football coach a Manhattan College and he held that position for three seasons, from 1925 until 1927. His career coaching record at Manhattan was 9–12–2. This ranks him third at Manhattan in total wins and fourth at Manhattan in winning percentage. Manhattan College played intercollegiate football for the first time in 1924 and produced a record of 4–4 that year, but there was no declared coach.",TRUE,FALSE,WV
FP_new,James_Haydon,label,James Richard Barnaby Haydon,,"James Richard Barnaby Haydon (born 2 November 1973 in Amersham, Buckinghamshire), is a British former motorcycle racer. He raced in 250cc and 500cc Grand Prix, MotoGP, British Superbike and the World Superbike Championship. He retired in 2008.",TRUE,FALSE,WV
FP_new,James_Haydon,label,James Haydon,,"James Richard Barnaby Haydon (born 2 November 1973 in Amersham, Buckinghamshire), is a British former motorcycle racer. He raced in 250cc and 500cc Grand Prix, MotoGP, British Superbike and the World Superbike Championship. He retired in 2008.",TRUE,TRUE,
FP_new,Jason_Webster,label,Jason Webster,,"Jason Richmond Webster (born September 8, 1977) is a former American football cornerback. He played college football at Texas A&M and was drafted by the San Francisco 49ers in the second round of the 2000 NFL Draft. Webster was also a member of the Atlanta Falcons, Buffalo Bills and New England Patriots.",TRUE,TRUE,
FN,Manuel_Palaiologos,deathYear,,1513,"Manuel Palaiologos or Palaeologus (Greek: Μανουήλ Παλαιολόγος, romanized: Manouēl Palaiologos; 2 January 1455 – before 1513) was the youngest son of Thomas Palaiologos, a brother of Constantine XI Palaiologos, the final Byzantine emperor. Thomas took Manuel and the rest of his family to Corfu after the Fall of Constantinople in 1453 and the subsequent Ottoman invasion of the Morea in 1460. After Thomas's death in 1465, the children moved to Rome, where they were initially taken care of by Cardinal Bessarion and were provided with money and housing by the papacy.",TRUE,TRUE,
FP_new,Jason_Webster,label,Jason Richmond Webster,,"Jason Richmond Webster (born September 8, 1977) is a former American football cornerback. He played college football at Texas A&M and was drafted by the San Francisco 49ers in the second round of the 2000 NFL Draft. Webster was also a member of the Atlanta Falcons, Buffalo Bills and New England Patriots.",TRUE,FALSE,WV
FP_new,Jefferson_Souza_%28water_polo%29,label,Jefferson Souza,,Jefferson Souza (June 1908 – 1 December 1992) was a Brazilian water polo player. He competed in the men's tournament at the 1932 Summer Olympics.,TRUE,FALSE,ICE
FP_new,Jefferson_Souza_%28water_polo%29,birthDate,1908-06-06,,Jefferson Souza (June 1908 – 1 December 1992) was a Brazilian water polo player. He competed in the men's tournament at the 1932 Summer Olympics.,FALSE,FALSE,AC
FN,Mar%C3%ADa_Conesa,alias,,La Gatita Blanca,"María Conesa, also known as La Gatita Blanca (The White Kitten) (December 12, 1892 – September 9, 1978), was a Spanish-born Mexican stage, television, film actress and vedette. She was one of the principal stars of the Revue and Vaudeville in México and Latin America in the early 20th century.",TRUE,TRUE,
FP_new,Jefferson_Souza_%28water_polo%29,birthYear,1908,,Jefferson Souza (June 1908 – 1 December 1992) was a Brazilian water polo player. He competed in the men's tournament at the 1932 Summer Olympics.,TRUE,TRUE,
FP_new,Jefferson_Souza_%28water_polo%29,birthDate,1908-06-28,,Jefferson Souza (June 1908 – 1 December 1992) was a Brazilian water polo player. He competed in the men's tournament at the 1932 Summer Olympics.,FALSE,FALSE,AC
FP_new,Jefferson_Souza_%28water_polo%29,birthDate,1908-06-29,,Jefferson Souza (June 1908 – 1 December 1992) was a Brazilian water polo player. He competed in the men's tournament at the 1932 Summer Olympics.,FALSE,FALSE,AC
FP_new,Jefferson_Souza_%28water_polo%29,birthDate,1908-06-08,,Jefferson Souza (June 1908 – 1 December 1992) was a Brazilian water polo player. He competed in the men's tournament at the 1932 Summer Olympics.,FALSE,FALSE,AC
FP_new,Jeremy_Hefner,label,Jeremy Scott Hefner,,"Jeremy Scott Hefner (born March 11, 1986) is an American former professional baseball pitcher and pitching coach for the New York Mets of Major League Baseball (MLB). He played in MLB for the New York Mets, and has previously coached for the Minnesota Twins.",TRUE,FALSE,WV
FP_new,Jeremy_Hefner,label,Jeremy Hefner,,"Jeremy Scott Hefner (born March 11, 1986) is an American former professional baseball pitcher and pitching coach for the New York Mets of Major League Baseball (MLB). He played in MLB for the New York Mets, and has previously coached for the Minnesota Twins.",TRUE,TRUE,
FP_new,Jeremy_Lalrinnunga,birthYear,1929,,"Jeremy Lalrinnunga is an Indian weightlifter from Aizawl, Mizoram. He represented India in the 2018 Summer Youth Olympics in Buenos Aires. He won the gold medal in the Boys' 62kg category weightlifting with a lift of 274kg (124kg in snatch and 150kg in clean and jerk). It was India's first gold medal in the Youth Olympics Games. Jeremy won silver medal in Asian weightlifting championship. At the 2019 World Weightlifting Championships, Lalrinnunga finished at 21st rank at the Men's 67 kg event. He won gold in the 2022 Commonwealth Games, in the 67 kg category, with a game record lift of 140kg in snatch and 160kg in clean and jerk.",FALSE,FALSE,FH
FP_new,Jeremy_Lalrinnunga,birthYear,1925,,"Jeremy Lalrinnunga is an Indian weightlifter from Aizawl, Mizoram. He represented India in the 2018 Summer Youth Olympics in Buenos Aires. He won the gold medal in the Boys' 62kg category weightlifting with a lift of 274kg (124kg in snatch and 150kg in clean and jerk). It was India's first gold medal in the Youth Olympics Games. Jeremy won silver medal in Asian weightlifting championship. At the 2019 World Weightlifting Championships, Lalrinnunga finished at 21st rank at the Men's 67 kg event. He won gold in the 2022 Commonwealth Games, in the 67 kg category, with a game record lift of 140kg in snatch and 160kg in clean and jerk.",FALSE,FALSE,FH
FP_new,Jeremy_Lalrinnunga,birthYear,2018,,"Jeremy Lalrinnunga is an Indian weightlifter from Aizawl, Mizoram. He represented India in the 2018 Summer Youth Olympics in Buenos Aires. He won the gold medal in the Boys' 62kg category weightlifting with a lift of 274kg (124kg in snatch and 150kg in clean and jerk). It was India's first gold medal in the Youth Olympics Games. Jeremy won silver medal in Asian weightlifting championship. At the 2019 World Weightlifting Championships, Lalrinnunga finished at 21st rank at the Men's 67 kg event. He won gold in the 2022 Commonwealth Games, in the 67 kg category, with a game record lift of 140kg in snatch and 160kg in clean and jerk.",TRUE,FALSE,WV
FP_new,Jerry_Clower,label,Jerry Clower,,"Howard Gerald ""Jerry"" Clower (September 28, 1926 – August 24, 1998) was an American stand-up comedian. Born and raised in the state of Mississippi, Clower was best known for his stories of the rural South and was given the nickname ""The Mouth of Mississippi"".",TRUE,TRUE,
FP_new,Jerry_Clower,birthName,Howard Gerald,,"Howard Gerald ""Jerry"" Clower (September 28, 1926 – August 24, 1998) was an American stand-up comedian. Born and raised in the state of Mississippi, Clower was best known for his stories of the rural South and was given the nickname ""The Mouth of Mississippi"".",TRUE,FALSE,ICE
FN,Mar%C3%ADa_Conesa,birthName,,María Conesa,"María Conesa, also known as La Gatita Blanca (The White Kitten) (December 12, 1892 – September 9, 1978), was a Spanish-born Mexican stage, television, film actress and vedette. She was one of the principal stars of the Revue and Vaudeville in México and Latin America in the early 20th century.",TRUE,TRUE,
FP_new,Jhon_March%C3%A1n,label,Jhon Lorens Marchán Cordero,,Jhon Lorens Marchán Cordero (born 2 September 1998) is a Venezuelan footballer who plays as a winger for UTC on loan from Sporting Cristal.,TRUE,FALSE,WV
FN,Marilyn_McIntyre,birthName,,Marilyn McIntyre,"Marilyn McIntyre (born May 23, 1949) is an American television and film actress.",TRUE,TRUE,
FP_new,Jhon_March%C3%A1n,label,Jhon Lorens,,Jhon Lorens Marchán Cordero (born 2 September 1998) is a Venezuelan footballer who plays as a winger for UTC on loan from Sporting Cristal.,TRUE,FALSE,WV
FP_new,Jhon_March%C3%A1n,label,Jhon Marchán Cordero,,Jhon Lorens Marchán Cordero (born 2 September 1998) is a Venezuelan footballer who plays as a winger for UTC on loan from Sporting Cristal.,TRUE,FALSE,LCE
FN,Marina_Ladynina,birthName,,Marina Alekseyevna Ladynina,"Marina Alekseyevna Ladynina (Russian: Мари́на Алексе́евна Лады́нина; June 24 [o.s. 11], 1908 in Skotinino, Smolensk, Russian Empire – March 10, 2003 in Moscow, Russian Federation) was a popular Soviet film and theatre actress, best remembered for her leading roles in Tractor Drivers (1939), The Swine Girl and the Shepherd (1941), Six O'Clock after the War is Over (1944), Ballad of Siberia (1947) and Cossacks of the Kuban (1949), all directed by her husband Ivan Pyryev. In 1950 Ladynina was honoured with the People's Artist of the USSR title. She was a five-times Stalin Prize laureate.",TRUE,TRUE,
FN,Mark_Gasson,birthName,,Mark N.Gasson,"Mark N. Gasson is a British scientist and visiting research fellow at the Cybernetics Research Group, University of Reading, UK. He pioneered developments in direct neural interfaces between computer systems and the human nervous system, has developed brain–computer interfaces and is active in the research fields of human microchip implants, medical devices and digital identity. He is known for his experiments transmitting a computer virus into a human implant, and is credited with being the first human infected with a computer virus. He is currently based in Los Angeles, California.",FALSE,TRUE,
FP_new,Jim_Deines,label,Jim Deines,,"James Arnold Deines (born September 26, 1962 in Springdale, Arkansas) is a former basketball player. He is listed at 6'9"" and played forward/center for the Arizona State University Sun Devils. Entered the 1985 NBA Draft and was drafted by the Los Angeles Clippers in the 4th round (74th overall pick); however, he never got to play in the NBA. Deines instead played professionally in France for the rest of his basketball career. He became a naturalized French citizen in 1987 and was on the roster of the French National Team that placed fourth in the 1991 FIBA European Basketball Championship.",TRUE,TRUE,
FN,Mary_Cockburn_Mercer,deathYear,,1963,"Mary Cockburn Mercer (1882–1963), was an Australian painter. She spent the 1920s and 1930s in Europe, and the 1940s in Melbourne, Australia. Her final years were spent in France. She exhibited with the Contemporary Art Society in Australia.",TRUE,TRUE,
FN,Mashiho_Chiri,birthName,,Mashiho Chiri,"Mashiho Chiri (Japanese: 知里 真志保) (February 24, 1909 – June 9, 1961) was an Ainu linguist and anthropologist. He was best known for creating Ainu-Japanese dictionaries.",TRUE,TRUE,
FP_new,Jim_Maddin,birthYear,1937,,"Jim Maddin is a Canadian politician who was Mayor of Saskatoon, the largest city in the central Canadian province of Saskatchewan from 2000 to 2003, and mayor of the town of Asquith in west central Saskatchewan from 2009 to 2015.",FALSE,FALSE,FH
FP_new,Jim_Maddin,birthYear,2000,,"Jim Maddin is a Canadian politician who was Mayor of Saskatoon, the largest city in the central Canadian province of Saskatchewan from 2000 to 2003, and mayor of the town of Asquith in west central Saskatchewan from 2009 to 2015.",TRUE,FALSE,WV
FP_new,Jim_Maddin,birthYear,2003,,"Jim Maddin is a Canadian politician who was Mayor of Saskatoon, the largest city in the central Canadian province of Saskatchewan from 2000 to 2003, and mayor of the town of Asquith in west central Saskatchewan from 2009 to 2015.",TRUE,FALSE,WV
FP_new,Jim_Maddin,birthYear,1949,,"Jim Maddin is a Canadian politician who was Mayor of Saskatoon, the largest city in the central Canadian province of Saskatchewan from 2000 to 2003, and mayor of the town of Asquith in west central Saskatchewan from 2009 to 2015.",FALSE,FALSE,FH
FP_new,Jim_Maddin,deathYear,2015,,"Jim Maddin is a Canadian politician who was Mayor of Saskatoon, the largest city in the central Canadian province of Saskatchewan from 2000 to 2003, and mayor of the town of Asquith in west central Saskatchewan from 2009 to 2015.",TRUE,FALSE,WV
FP_new,Jo%C3%A3o_Carlos_de_Saldanha_Oliveira_e_Daun%2C_1st_Duke_of_Saldanha,label,João Carlos Gregório Domingos Vicente Francisco de Saldanha,,"João Carlos Gregório Domingos Vicente Francisco de Saldanha Oliveira e Daun, 1st Duke of Saldanha, (17 November 1790 – 20 November 1876; Portuguese pronunciation: [saɫˈdɐɲɐ]) was a Portuguese marshal and statesman.",TRUE,FALSE,WV
FP_new,Jo%C3%A3o_Carlos_de_Saldanha_Oliveira_e_Daun%2C_1st_Duke_of_Saldanha,label,João Carlos Gregório Domingos,,"João Carlos Gregório Domingos Vicente Francisco de Saldanha Oliveira e Daun, 1st Duke of Saldanha, (17 November 1790 – 20 November 1876; Portuguese pronunciation: [saɫˈdɐɲɐ]) was a Portuguese marshal and statesman.",TRUE,FALSE,ICE
FP_new,Jo%C3%A3o_Carlos_de_Saldanha_Oliveira_e_Daun%2C_1st_Duke_of_Saldanha,label,João Carlos Gregório Domingos Vicente Francisco de Saldanha Oliveira,,"João Carlos Gregório Domingos Vicente Francisco de Saldanha Oliveira e Daun, 1st Duke of Saldanha, (17 November 1790 – 20 November 1876; Portuguese pronunciation: [saɫˈdɐɲɐ]) was a Portuguese marshal and statesman.",TRUE,FALSE,WV
FN,Masud_Pathik,birthName,,Masud Pathik,"Masud Pathik (born 1 August 1979) is a Bangladeshi filmmaker, poet and lyricist. His feature films Nekabborer Mohaproyan (2014) won seven and Maya: The Lost Mother (2019) won eight Bangladesh National Film Awards. Individually, he won the Best Lyrics and Best Story awards. For his poetry, he won the 2013 HSBC Kali O Kalam award for his poem Ekaki Jomin.",TRUE,TRUE,
FP_new,Jo%C3%A3o_Carlos_de_Saldanha_Oliveira_e_Daun%2C_1st_Duke_of_Saldanha,birthName,João Carlos Gregório Domingos Vicente Francisco de Saldanha,,"João Carlos Gregório Domingos Vicente Francisco de Saldanha Oliveira e Daun, 1st Duke of Saldanha, (17 November 1790 – 20 November 1876; Portuguese pronunciation: [saɫˈdɐɲɐ]) was a Portuguese marshal and statesman.",TRUE,FALSE,ICE
FP_new,Jo%C3%A3o_Carlos_de_Saldanha_Oliveira_e_Daun%2C_1st_Duke_of_Saldanha,label,João Carlos Gregório Domingos Vicente Francisco de Saldanha Oliveira e Daun,,"João Carlos Gregório Domingos Vicente Francisco de Saldanha Oliveira e Daun, 1st Duke of Saldanha, (17 November 1790 – 20 November 1876; Portuguese pronunciation: [saɫˈdɐɲɐ]) was a Portuguese marshal and statesman.",TRUE,FALSE,WV
FP_new,Jo%C3%A3o_Carlos_de_Saldanha_Oliveira_e_Daun%2C_1st_Duke_of_Saldanha,label,"João Carlos Gregório Domingos Vicente Francisco de Saldanha Oliveira e Daun, 1st Duke of Saldanha",,"João Carlos Gregório Domingos Vicente Francisco de Saldanha Oliveira e Daun, 1st Duke of Saldanha, (17 November 1790 – 20 November 1876; Portuguese pronunciation: [saɫˈdɐɲɐ]) was a Portuguese marshal and statesman.",TRUE,FALSE,WV
FN,Meisam_Rezapour,birthDate,,1981-12-01,"Meisam Rezapour (Persian: میثم رضاپور; born December 1, 1981 in Tehran) is an Iranian football player.",TRUE,TRUE,
FP_new,Johanna_Gadski,label,Johanna Gadski,,"Johanna Emilia Agnes Gadski (15 June 1872 – 22 February 1932) was a German soprano. She was blessed with a secure, powerful, ringing voice, fine musicianship and an excellent technique. These attributes enabled her to enjoy a highly successful career in New York City and London, performing heavy dramatic roles in the German and Italian repertoires.",TRUE,TRUE,
FN,Mel_King,birthName,,Melvin Herbert King,"Melvin Herbert King (born 20 October 1928) is an American politician, community organizer, and educator, who holds the position of Senior Lecturer Emeritus at the Massachusetts Institute of Technology in their Department of Urban Studies and Planning. In 1973, King was elected as a member of the Massachusetts House of Representatives' 9th Suffolk district, a post he held until early 1983. King was the runner-up in the 1983 Boston mayoral election, against Raymond Flynn.",TRUE,TRUE,
FP_new,John_Davis_%28Pennsylvania_politician%29,label,John Davis,,"John Davis (August 7, 1788 – April 1, 1878) was a member of the U.S. House of Representatives from Pennsylvania.",TRUE,FALSE,ICE
FP_new,John_Glass_%28footballer%29,label,John Shaw Glass,,John Shaw Glass (5 November 1908 – 1991) was a Scottish footballer who played for Kilmarnock and Dumbarton.,TRUE,FALSE,ICE
FP_new,John_Glass_%28footballer%29,label,John Glass,,John Shaw Glass (5 November 1908 – 1991) was a Scottish footballer who played for Kilmarnock and Dumbarton.,TRUE,FALSE,ICE
FP_new,John_Glass_%28footballer%29,deathDate,1991-11-1991,,John Shaw Glass (5 November 1908 – 1991) was a Scottish footballer who played for Kilmarnock and Dumbarton.,FALSE,FALSE,IAC
FP_new,John_Glass_%28footballer%29,deathYear,1991,,John Shaw Glass (5 November 1908 – 1991) was a Scottish footballer who played for Kilmarnock and Dumbarton.,TRUE,TRUE,
FN,Melvin_Frank,birthName,,Melvin Frank,"Melvin Frank (13 August 1913 – 13 October 1988) was an American screenwriter, film producer and film director. He is known for his partnership with Norman Panama and their work on films such as Mr. Blandings Builds His Dream House (1948), White Christmas (1954), and The Court Jester (1956). He also directed films such as Buona Sera, Mrs. Campbell and A Touch of Class (1973).",TRUE,TRUE,
FP_new,John_Glass_%28footballer%29,deathDate,1991-11-01,,John Shaw Glass (5 November 1908 – 1991) was a Scottish footballer who played for Kilmarnock and Dumbarton.,FALSE,FALSE,AC
FP_new,John_Greason,label,John A.Greason,,"John A. Greason (July 29, 1851 – July 22, 1889) was an American professional baseball player from Washington, D.C. who pitched a total of seven games for the 1873 Washington Blue Legs of the National Association of Professional Base Ball Players. In his short one-season career, he started and completed all seven of his games, had a 1–6 win–loss record and a 5.86 ERA.",FALSE,FALSE,WV
FP_different,John_Henry_Pepper,label,John Henry Pepper,John Henry,"John Henry ""Professor"" Pepper (17 June 1821 – 25 March 1900) was a British scientist and inventor who toured the English-speaking world with his scientific demonstrations. He entertained the public, royalty, and fellow scientists with a wide range of technological innovations. He is primarily remembered for developing the projection technique known as Pepper's ghost, building a large-scale version of the concept by Henry Dircks. He also oversaw the introduction of evening lectures at the Royal Polytechnic Institution (University of Westminster) and wrote several important science education books, one of which is regarded as a significant step towards the understanding of continental drift. While in Australia he tried unsuccessfully to make it rain using electrical conduction and large expl",TRUE,TRUE,
FP_new,John_L%2E_Nau,birthYear,1931,,"John L. Nau, III is the Chairman and CEO of Silver Eagle Beverages, one of the largest Anheuser-Busch distributors in the nation. Silver Eagle employs more than 500 employees who service a territory that includes the greater San Antonio area in Bexar County and extends over 12 additional counties in southwest Texas. Silver Eagle Beverages distributes Grupo Modelo beers, a broad selection of national and local craft beers and several non-alcohol beverages and waters.",FALSE,FALSE,FH
FP_new,John_L%2E_Nau,birthYear,1943,,"John L. Nau, III is the Chairman and CEO of Silver Eagle Beverages, one of the largest Anheuser-Busch distributors in the nation. Silver Eagle employs more than 500 employees who service a territory that includes the greater San Antonio area in Bexar County and extends over 12 additional counties in southwest Texas. Silver Eagle Beverages distributes Grupo Modelo beers, a broad selection of national and local craft beers and several non-alcohol beverages and waters.",FALSE,FALSE,FH
FN,Micha%C5%82_Go%C5%82%C4%99biowski,birthName,,Michał Gołębiowski,"Michał Gołębiowski (born January 6, 1989) is a Polish writer, essayist, translator and scholar who works on history of literature and literary theory, born in Nowy Targ, Podhale. He studied at Jagiellonian University in Kraków, and wrote his doctoral thesis about ""the Patristic influences on Renaissance and Baroque religious ideas"". In 2016-2017, he was a holder of scholarship from the Ministry of Science and Higher Education. He describes himself as a Roman Catholic.",TRUE,TRUE,
FP_new,John_L%2E_Nau,birthYear,1935,,"John L. Nau, III is the Chairman and CEO of Silver Eagle Beverages, one of the largest Anheuser-Busch distributors in the nation. Silver Eagle employs more than 500 employees who service a territory that includes the greater San Antonio area in Bexar County and extends over 12 additional counties in southwest Texas. Silver Eagle Beverages distributes Grupo Modelo beers, a broad selection of national and local craft beers and several non-alcohol beverages and waters.",FALSE,FALSE,FH
FP_new,John_L%2E_Nau,birthYear,1961,,"John L. Nau, III is the Chairman and CEO of Silver Eagle Beverages, one of the largest Anheuser-Busch distributors in the nation. Silver Eagle employs more than 500 employees who service a territory that includes the greater San Antonio area in Bexar County and extends over 12 additional counties in southwest Texas. Silver Eagle Beverages distributes Grupo Modelo beers, a broad selection of national and local craft beers and several non-alcohol beverages and waters.",FALSE,FALSE,FH
FP_new,Johnny_Dixon,label,Johnny Dixon,,"John Thomas Dixon (10 December 1923 – 20 January 2009) was an English footballer who played as an inside forward. Born in Hebburn, Dixon played for Spennymoor United before he signed as a professional for Aston Villa shortly after the Second World War. Dixon had Alzheimer's disease, and died on 20 January 2009 in Good Hope Hospital, Sutton Coldfield.",TRUE,TRUE,
FP_new,Johnny_Dixon,label,Johnny Thomas Dixon,,"John Thomas Dixon (10 December 1923 – 20 January 2009) was an English footballer who played as an inside forward. Born in Hebburn, Dixon played for Spennymoor United before he signed as a professional for Aston Villa shortly after the Second World War. Dixon had Alzheimer's disease, and died on 20 January 2009 in Good Hope Hospital, Sutton Coldfield.",TRUE,FALSE,WV
FP_new,Jonathan_Grier,birthYear,1924,,"Jonathan Grier is a computer scientist, consultant, and entrepreneur. He is best known for his work on stochastic forensics and insider data theft. He has also contributed to computer security, digital forensics, and software development. Grier is an advisor to private clients in computer security, software development and information technology, and conducts training in computer security and forensics for private clients and the Department of Defense Cyber Crime Center.",FALSE,FALSE,FH
FN,Michelle_Kline,birthName,,Michelle Lynn Kline,"Michelle Lynn Kline (born 8 November 1968) is a former American female speed skater. She competed at the 1992 Winter Olympics and 1994 Winter Olympics representing United States. Just prior to the 1992 Winter Olympics (which was also her first Olympic event), she met with an accident in 1991 causing severe major injuries to her ribs and lungs along with other members when they were engaged in a trip from Chicago to Milwaukee. However, she recovered from the major injuries and was able to participate at the 1992 Winter Olympics.",TRUE,TRUE,
FP_new,Jonathan_Grier,birthYear,1921,,"Jonathan Grier is a computer scientist, consultant, and entrepreneur. He is best known for his work on stochastic forensics and insider data theft. He has also contributed to computer security, digital forensics, and software development. Grier is an advisor to private clients in computer security, software development and information technology, and conducts training in computer security and forensics for private clients and the Department of Defense Cyber Crime Center.",FALSE,FALSE,FH
FP_new,Jonathan_Grier,birthYear,2012,,"Jonathan Grier is a computer scientist, consultant, and entrepreneur. He is best known for his work on stochastic forensics and insider data theft. He has also contributed to computer security, digital forensics, and software development. Grier is an advisor to private clients in computer security, software development and information technology, and conducts training in computer security and forensics for private clients and the Department of Defense Cyber Crime Center.",FALSE,FALSE,FH
FP_new,Jonathan_Grier,birthYear,1990,,"Jonathan Grier is a computer scientist, consultant, and entrepreneur. He is best known for his work on stochastic forensics and insider data theft. He has also contributed to computer security, digital forensics, and software development. Grier is an advisor to private clients in computer security, software development and information technology, and conducts training in computer security and forensics for private clients and the Department of Defense Cyber Crime Center.",FALSE,FALSE,FH
FP_new,Jonathan_Grier,birthYear,1943,,"Jonathan Grier is a computer scientist, consultant, and entrepreneur. He is best known for his work on stochastic forensics and insider data theft. He has also contributed to computer security, digital forensics, and software development. Grier is an advisor to private clients in computer security, software development and information technology, and conducts training in computer security and forensics for private clients and the Department of Defense Cyber Crime Center.",FALSE,FALSE,FH
FP_new,Jonathan_Grier,birthYear,1949,,"Jonathan Grier is a computer scientist, consultant, and entrepreneur. He is best known for his work on stochastic forensics and insider data theft. He has also contributed to computer security, digital forensics, and software development. Grier is an advisor to private clients in computer security, software development and information technology, and conducts training in computer security and forensics for private clients and the Department of Defense Cyber Crime Center.",FALSE,FALSE,FH
FP_new,Jonathan_Grier,birthYear,1935,,"Jonathan Grier is a computer scientist, consultant, and entrepreneur. He is best known for his work on stochastic forensics and insider data theft. He has also contributed to computer security, digital forensics, and software development. Grier is an advisor to private clients in computer security, software development and information technology, and conducts training in computer security and forensics for private clients and the Department of Defense Cyber Crime Center.",FALSE,FALSE,FH
FP_new,Jonathan_Grier,birthYear,1953,,"Jonathan Grier is a computer scientist, consultant, and entrepreneur. He is best known for his work on stochastic forensics and insider data theft. He has also contributed to computer security, digital forensics, and software development. Grier is an advisor to private clients in computer security, software development and information technology, and conducts training in computer security and forensics for private clients and the Department of Defense Cyber Crime Center.",FALSE,FALSE,FH
FP_new,Jonathan_Grier,birthYear,1961,,"Jonathan Grier is a computer scientist, consultant, and entrepreneur. He is best known for his work on stochastic forensics and insider data theft. He has also contributed to computer security, digital forensics, and software development. Grier is an advisor to private clients in computer security, software development and information technology, and conducts training in computer security and forensics for private clients and the Department of Defense Cyber Crime Center.",FALSE,FALSE,FH
FP_new,Jos%C3%A9_Armenteros,label,José Alexis Armenteros,,"José Alexis Armenteros Suárez (born December 13, 1992) is a Cuban judoka. He competed at the 2016 Summer Olympics in the men's 100 kg event, in which he was eliminated in the third round by Ramadan Darwish.",TRUE,FALSE,WV
FP_new,Juan_C%C3%A1mara,label,Juan Juan del Carmen Cámara,,Juan del Carmen Cámara Mesa (Spanish pronunciation: [ˈxuaŋ ˈkamaɾa]; born 13 February 1994) is a Spanish professional footballer who plays as a winger for Polish club Jagiellonia Białystok.,TRUE,FALSE,SG
FP_new,Juan_C%C3%A1mara,label,Juan Cámara,,Juan del Carmen Cámara Mesa (Spanish pronunciation: [ˈxuaŋ ˈkamaɾa]; born 13 February 1994) is a Spanish professional footballer who plays as a winger for Polish club Jagiellonia Białystok.,TRUE,TRUE,
FN,Mika_Kanai,birthName,,Mika Kanai,"Mika Kanai (かない みか, Kanai Mika, born March 18, 1964) is a Japanese voice actress and singer. She is attached to Ken Production. She is best known for her roles in Idol Tenshi Yokoso Yoko (as Yoko Tanaka), Tanoshii Moomin Ikka (as the Snork Maiden), Goldfish Warning! (as Wapiko), Soreike! Anpanman (as Melonpanna), Yadamon (as Yadamon), After War Gundam X (as Tiffa Adill), Hare Tokidoki Buta (as Harebuta), Galaxy Angel (as Vanilla H and Normad), Higurashi When They Cry (as Satoko Hōjō), Tales of Phantasia (as Arche Klein), Uchi no 3 Shimai (as Sū), Sailor Moon S (as Mimet), Mysterious Theft Saint Tail (as Maju Sendo). She is currently the voice of Jigglypuff in the Pokémon and Super Smash Bros. series. She freelanced for the voice of Bonnie, also from the Pokémon series when her regular voic",TRUE,TRUE,
FP_new,Juan_C%C3%A1mara,label,Juan del Carmen Cámara,,Juan del Carmen Cámara Mesa (Spanish pronunciation: [ˈxuaŋ ˈkamaɾa]; born 13 February 1994) is a Spanish professional footballer who plays as a winger for Polish club Jagiellonia Białystok.,TRUE,FALSE,WV
FP_new,Jules_Hochet,label,Jules Hochet,,Jules Louis Hochet (17 March 1813 – 2 April 1867) was a French industrialist who managed an iron foundry and a railway line in the south of France.,TRUE,TRUE,
FP_new,Julian_Golley,label,Julian Golley,,Julian Quintin Patrick Golley (born 12 September 1971) is a male retired British triple jumper.,TRUE,TRUE,
FP_new,Karen_Mills,label,Karen Gordon Mills,,"Karen Gordon Mills (born September 14, 1953) is an American businessperson and former government official who served as the 23rd Administrator of the U.S. Small Business Administration (SBA). She was nominated by President-elect Barack Obama on December 19, 2008, confirmed unanimously by the Senate on April 2, 2009, and sworn in on April 6, 2009. During her tenure, her office was elevated to the rank of Cabinet-level officer, expanding her power on policy decisions and granting her inclusion in the President's cabinet meetings. On February 11, 2013, she announced her resignation as Administrator and left the post on September 1, 2013.",TRUE,FALSE,WV
FP_new,Karen_Mills,label,Karen Mills,,"Karen Gordon Mills (born September 14, 1953) is an American businessperson and former government official who served as the 23rd Administrator of the U.S. Small Business Administration (SBA). She was nominated by President-elect Barack Obama on December 19, 2008, confirmed unanimously by the Senate on April 2, 2009, and sworn in on April 6, 2009. During her tenure, her office was elevated to the rank of Cabinet-level officer, expanding her power on policy decisions and granting her inclusion in the President's cabinet meetings. On February 11, 2013, she announced her resignation as Administrator and left the post on September 1, 2013.",TRUE,TRUE,
FN,Mikhail_Akimov,birthName,,Mikhail Grigoroevich Akimov,"Mikhail Grigoroevich Akimov (1847–1915) was a Russian politician. After graduating from the University of Moscow, he entered the Ministry of Justice. He served as an Assistant Public Prosecutor in Kiev in 1881. It is known that he was on the roster of Senators in December 1905, because the Chairman of the Council of Ministers, Sergei Witte, chose him to be the successor of Sergey Manukhin from that list. He served as Minister of Justice in the Witte government for the remainder of Witte's tenure (April 1906). He was appointed to the Imperial State Council in 1906. He was eventually chosen as the Chairman of the Imperial State Council.",TRUE,TRUE,
FP_different,Karloff_Lagarde,birthName,Carlucio Lagoza,Carlos Delucio Lagarde,"Carlos Delucio Lagarde (July 27, 1928 – August 31, 2007) is best known as Karloff Lagarde, a Mexican Luchador, or professional wrestler, who was immensely popular during the 1960s and 1970s. Through his career had faced most of Mexico's top stars of the 1950s, 1960s and 1970s including lucha libre legends such as El Santo, El Solitario, Mil Máscaras, Black Shadow, Huracán Ramírez, Gory Guerrero, Ray Mendoza and Perro Aguayo. He was known as the ""king of the Welterweight"" due to him holding the Mexican National Welterweight Championship four times and the NWA World Welterweight Championship three times in his career. Lagarde teamed up with René Guajardo to form a tag team known as Los Rebeldes, considered to be one of the top five tag teams in Lucha libre history.",FALSE,FALSE,FH
FP_new,Katie_Ghose,label,Katie Ghose,,"Katie Sushila Ratna Ghose (born July 1970) is a British charity chief executive and campaigner. In September 2019 she was appointed chief executive of KIDS, a national charity for disabled children and young people. She was previously Chief Executive of the Women's Aid Federation of England and the Electoral Reform Society.",TRUE,TRUE,
FP_new,Katie_Ghose,birthDate,1970-07-1970,,"Katie Sushila Ratna Ghose (born July 1970) is a British charity chief executive and campaigner. In September 2019 she was appointed chief executive of KIDS, a national charity for disabled children and young people. She was previously Chief Executive of the Women's Aid Federation of England and the Electoral Reform Society.",FALSE,FALSE,IAC
FP_new,Katie_Ghose,birthDate,1970-07-21,,"Katie Sushila Ratna Ghose (born July 1970) is a British charity chief executive and campaigner. In September 2019 she was appointed chief executive of KIDS, a national charity for disabled children and young people. She was previously Chief Executive of the Women's Aid Federation of England and the Electoral Reform Society.",FALSE,FALSE,AC
FP_new,Katie_Ghose,birthDate,1970-07-70,,"Katie Sushila Ratna Ghose (born July 1970) is a British charity chief executive and campaigner. In September 2019 she was appointed chief executive of KIDS, a national charity for disabled children and young people. She was previously Chief Executive of the Women's Aid Federation of England and the Electoral Reform Society.",FALSE,FALSE,IAC
FP_new,Katie_Ghose,birthDate,1970-07-01,,"Katie Sushila Ratna Ghose (born July 1970) is a British charity chief executive and campaigner. In September 2019 she was appointed chief executive of KIDS, a national charity for disabled children and young people. She was previously Chief Executive of the Women's Aid Federation of England and the Electoral Reform Society.",FALSE,FALSE,AC
FP_new,Katie_Ghose,birthDate,1970-07-30,,"Katie Sushila Ratna Ghose (born July 1970) is a British charity chief executive and campaigner. In September 2019 she was appointed chief executive of KIDS, a national charity for disabled children and young people. She was previously Chief Executive of the Women's Aid Federation of England and the Electoral Reform Society.",FALSE,FALSE,AC
FN,Mikhail_Akimov,deathYear,,1915,"Mikhail Grigoroevich Akimov (1847–1915) was a Russian politician. After graduating from the University of Moscow, he entered the Ministry of Justice. He served as an Assistant Public Prosecutor in Kiev in 1881. It is known that he was on the roster of Senators in December 1905, because the Chairman of the Council of Ministers, Sergei Witte, chose him to be the successor of Sergey Manukhin from that list. He served as Minister of Justice in the Witte government for the remainder of Witte's tenure (April 1906). He was appointed to the Imperial State Council in 1906. He was eventually chosen as the Chairman of the Imperial State Council.",TRUE,TRUE,
FN,Munawar_Sultana,birthName,,Munawar Sultana,"Munawar Sultana (8 November 1924 – 15 September 2007) was an Indian cinema actress, who acted in Hindi films. She is cited as one of the ""popular"" actresses of the late 1940s to early 1950s period, along with Noor Jehan, Swarnalata and Ragini. Her specialty was playing a selfless woman, enduring the rough treatment meted by her husband and family, but who eventually ""brought her erring husband back home"".",TRUE,TRUE,
FP_new,Keegan_Meth,label,Keegan Orry Meth,,"Keegan Orry Meth (born 8 February 1988) is a Zimbabwean cricketer. He plays domestically for the Matabeleland Tuskers and has represented Zimbabwe in One Day Internationals (ODIs). An all-rounder, he bowls right-arm medium-fast and generally bats in the lower middle order.",TRUE,FALSE,WV
FN,Nettie_Stevens,birthName,,Nettie Maria Stevens,"Nettie Maria Stevens (July 7, 1861 – May 4, 1912) was an American geneticist who discovered sex chromosomes. In 1905, soon after the rediscovery of Mendel's paper on genetics in 1900, she observed that male mealworms produced two kinds of sperm, one with a large chromosome and one with a small chromosome. When the sperm with the large chromosome fertilized eggs, they produced female offspring, and when the sperm with the small chromosome fertilized eggs, they produced male offspring. The pair of sex chromosomes that she studied later became known as the X and Y chromosomes.",TRUE,TRUE,
FP_new,Keegan_Meth,label,Keegan Meth,,"Keegan Orry Meth (born 8 February 1988) is a Zimbabwean cricketer. He plays domestically for the Matabeleland Tuskers and has represented Zimbabwe in One Day Internationals (ODIs). An all-rounder, he bowls right-arm medium-fast and generally bats in the lower middle order.",TRUE,TRUE,
FP_new,Kefah_Mokbel,birthYear,2001,,"Professor Kefah Mokbel FRCS is the lead consultant breast surgeon at the London Breast Institute of the Princess Grace Hospital, Professor (Honorary) of Breast Cancer Surgery at Brunel University London, an honorary consultant breast surgeon at St George's Hospital. Kefah Mokbel is the founder and current president of Breast Cancer Hope; a UK-based charity ""dedicated to improving the quantity and quality of life in women diagnosed with breast cancer"".He was appointed as a substantive consultant breast surgeon at St George's Hospital NHS trust in February 2001.He was named in Tatler magazine's Best Doctors Guide as one of the featured ""Top Breast Surgeons"" in 2006, 2007 and 2013. In November 2010 he was named in the Times magazine's list of Britain's Top Doctors.",TRUE,FALSE,WV
FP_new,Kefah_Mokbel,birthYear,1997,,"Professor Kefah Mokbel FRCS is the lead consultant breast surgeon at the London Breast Institute of the Princess Grace Hospital, Professor (Honorary) of Breast Cancer Surgery at Brunel University London, an honorary consultant breast surgeon at St George's Hospital. Kefah Mokbel is the founder and current president of Breast Cancer Hope; a UK-based charity ""dedicated to improving the quantity and quality of life in women diagnosed with breast cancer"".He was appointed as a substantive consultant breast surgeon at St George's Hospital NHS trust in February 2001.He was named in Tatler magazine's Best Doctors Guide as one of the featured ""Top Breast Surgeons"" in 2006, 2007 and 2013. In November 2010 he was named in the Times magazine's list of Britain's Top Doctors.",FALSE,FALSE,FH
FP_new,Kelvin_Kampamba,label,Kelvin Mubanga Kampamba,,Kelvin Mubanga Kampamba (born 24 November 1996) is a Zambian footballer who plays as a midfielder for ZESCO United F.C. and the Zambia national team.,TRUE,FALSE,WV
FP_new,Kelvin_Kampamba,label,Kelvin Kampamba,,Kelvin Mubanga Kampamba (born 24 November 1996) is a Zambian footballer who plays as a midfielder for ZESCO United F.C. and the Zambia national team.,TRUE,TRUE,
FP_new,Kelvin_Langmead,label,Kelvin Steven Langmead,,"Kelvin Steven Langmead (born 23 March 1985) is an English professional footballer who plays for Banbury United. He began his career as a striker, but since September 2006 has been employed as a central defender.",TRUE,FALSE,WV
FP_new,Kelvin_Langmead,label,Kelvin Langmead,,"Kelvin Steven Langmead (born 23 March 1985) is an English professional footballer who plays for Banbury United. He began his career as a striker, but since September 2006 has been employed as a central defender.",TRUE,TRUE,
FP_new,Kim_Kuk-hyang_%28diver%29,label,Kim Kuk-hyang,,"Kim Kuk-hyang (Korean pronunciation: [kim.ɡu.kʰjaŋ] or [kim] [ku.kʰjaŋ]; born 4 April 1999) is a North Korean diver. Her main event is 10m platform. At the 2015 World Aquatics Championships, she became the first world champion in Team North Korea after winning the gold medal of women's 10m platform.",TRUE,FALSE,ICE
FN,Nicholas_Biwott,birthName,,Nicholas Kipyator Kiprono arap Biwott,"Nicholas Kipyator Kiprono arap Biwott (1940 – 11 July 2017) was a Kenyan businessman, politician and philanthropist. Biwott served as a civil servant, Member of Parliament and government minister, during which time he held eight senior ministerial positions during the presidency of Daniel arap Moi.",TRUE,TRUE,
FN,Nina_Etkin,birthName,,Nina Lilian Etkin,"Nina Lilian Etkin (June 13, 1948 – January 26, 2009) was an anthropologist and biologist. Etkin was noted for her work in medical anthropology, ethnobiology, and ethnopharmacology. She studied the relation between food and health for over thirty years. Her work involved complementary and alternative medicines for prevention and treatment in Hawai‘i; the use of ethnomedicines in Indonesia; and health issues in Nigeria. She won numerous grants and awards from national and international agencies and published several books as well as over 80 professional articles in peer reviewed journals.",TRUE,TRUE,
FN,Oleg_Zhokhov,birthName,,Oleg Viktorovich Zhokhov,"Oleg Viktorovich Zhokhov is a Russian businessman, CEO of ""MAG Group Russia"" which owns the largest landfill in Russia, ""MAG-1"", designed for disposal and processing of municipal solid waste (MSW), bulky and construction waste put into operation in 2012. Owner of «AMFG FZE» U.A.E., chairman at MAG Group International (Dubai, UAE), 2012–2016. CEO of SK «Agzho» Russia 2008–2012.",TRUE,TRUE,
FP_new,Kirsten_Tibballs,birthYear,2002,,"Kirsten Tibballs is an Australian pastry chef and chocolatier. Tibballs has represented Australia at world championships and as a judge for global competitions. In 2002 Tibballs founded Savour Chocolate and Patisserie School in Brunswick, Melbourne. Tibballs is the author of two cookbooks, a regular contributor to pastry publications and has featured on several television shows including MasterChef Australia. As one of the most followed female pastry chefs on Instagram, Tibballs is regularly referred to as the ‘Queen of Chocolate’ due to her contribution to the chocolate industry.",TRUE,FALSE,WV
FP_new,Kirsten_Tibballs,birthYear,1902,,"Kirsten Tibballs is an Australian pastry chef and chocolatier. Tibballs has represented Australia at world championships and as a judge for global competitions. In 2002 Tibballs founded Savour Chocolate and Patisserie School in Brunswick, Melbourne. Tibballs is the author of two cookbooks, a regular contributor to pastry publications and has featured on several television shows including MasterChef Australia. As one of the most followed female pastry chefs on Instagram, Tibballs is regularly referred to as the ‘Queen of Chocolate’ due to her contribution to the chocolate industry.",FALSE,FALSE,FH
FP_new,Kirsten_Tibballs,birthYear,1925,,"Kirsten Tibballs is an Australian pastry chef and chocolatier. Tibballs has represented Australia at world championships and as a judge for global competitions. In 2002 Tibballs founded Savour Chocolate and Patisserie School in Brunswick, Melbourne. Tibballs is the author of two cookbooks, a regular contributor to pastry publications and has featured on several television shows including MasterChef Australia. As one of the most followed female pastry chefs on Instagram, Tibballs is regularly referred to as the ‘Queen of Chocolate’ due to her contribution to the chocolate industry.",FALSE,FALSE,FH
FP_new,KJ_Apa,label,KJ Apa,,"Savae Keneti James Fitzgerald Apa, Moata'a (born 17 June 1997) is a New Zealand actor, singer and musician. He has received various accolades, including a Saturn Award and nominations for an MTV Movie & TV Award, two People's Choice Awards and two Teen Choice Awards, and was appointed the matai title of Savae chief of his village Moata'a in 2022.",TRUE,TRUE,
FN,Orn-anong_Panyawong,birthName,,Orn-anong,"Orn-anong (Thai: อรอนงค์ จิตรสุททร), nicknamed Orn (Thai: อร) (born December 27, 1972 in Chiang Mai, Thailand) is Miss Thailand 1992. She competed in Miss Universe 1992 pageant competition held in Thailand.",TRUE,TRUE,
FP_different,KJ_Apa,birthName,"KJ James Fitzgerald Apa, Moata'a",Savae Keneti James Fitzgerald Apa,"Savae Keneti James Fitzgerald Apa, Moata'a (born 17 June 1997) is a New Zealand actor, singer and musician. He has received various accolades, including a Saturn Award and nominations for an MTV Movie & TV Award, two People's Choice Awards and two Teen Choice Awards, and was appointed the matai title of Savae chief of his village Moata'a in 2022.",FALSE,FALSE,MCE
FP_different,KJ_Apa,birthName,"Savae Keneti James Fitzgerald Apa, Moata'a",Savae Keneti James Fitzgerald Apa,"Savae Keneti James Fitzgerald Apa, Moata'a (born 17 June 1997) is a New Zealand actor, singer and musician. He has received various accolades, including a Saturn Award and nominations for an MTV Movie & TV Award, two People's Choice Awards and two Teen Choice Awards, and was appointed the matai title of Savae chief of his village Moata'a in 2022.",TRUE,FALSE,LCE
FP_different,KJ_Apa,birthName,KJ Fitzgerald Apa,Savae Keneti James Fitzgerald Apa,"Savae Keneti James Fitzgerald Apa, Moata'a (born 17 June 1997) is a New Zealand actor, singer and musician. He has received various accolades, including a Saturn Award and nominations for an MTV Movie & TV Award, two People's Choice Awards and two Teen Choice Awards, and was appointed the matai title of Savae chief of his village Moata'a in 2022.",FALSE,FALSE,MCE
FP_new,Konstantin_Shafranov,label,Konstantin Vitalievich Shafranov,,"Konstantin Vitalievich Shafranov (Russian: Константи́н Вита́льевич Шафра́нов) (born September 11, 1968) is a Kazakhstani former professional ice hockey player who played five games in the National Hockey League. He played for the St. Louis Blues. In 1996, he won the Gary F. Longman Memorial Trophy as the best rookie in the International Hockey League (IHL). Two years later he was named to the IHL's end of season all-star team, as the second best right-wing in the league. He is currently the Fort Wayne Komets' Assistant Coach.",TRUE,FALSE,WV
FP_new,Konstantin_Shafranov,label,Konstantin Shafranov,,"Konstantin Vitalievich Shafranov (Russian: Константи́н Вита́льевич Шафра́нов) (born September 11, 1968) is a Kazakhstani former professional ice hockey player who played five games in the National Hockey League. He played for the St. Louis Blues. In 1996, he won the Gary F. Longman Memorial Trophy as the best rookie in the International Hockey League (IHL). Two years later he was named to the IHL's end of season all-star team, as the second best right-wing in the league. He is currently the Fort Wayne Komets' Assistant Coach.",TRUE,TRUE,
FN,Pat_Mountain_%28politician%29,birthName,,Patricia Ann Mountain,Patricia Ann Mountain is a British politician who served as the Interim Leader of the UK Independence Party (UKIP) from 2019 to 2020. Mountain also served as the Deputy Leader of UKIP from July to September 2020.,TRUE,TRUE,
FP_new,Konstantinos_Fostiropoulos,birthYear,2003,,"Konstantinos Fostiropoulos is a Greek physicist who has been working in Germany in the areas nano-materials, solid-state physics, molecular physics, astrophysics, and thermodynamics. From 2003 to 2016 he has been founder and head of the Organic Solar Cells Group at the Institute Heterogeneous Materials Systems within the Helmholtz-Zentrum Berlin. His scientific works include novel energy materials and photovoltaic device concepts, carbon clusters in the Interstellar Medium, and intermolecular forces of real gases.",TRUE,FALSE,WV
FP_new,Konstantinos_Fostiropoulos,birthYear,1944,,"Konstantinos Fostiropoulos is a Greek physicist who has been working in Germany in the areas nano-materials, solid-state physics, molecular physics, astrophysics, and thermodynamics. From 2003 to 2016 he has been founder and head of the Organic Solar Cells Group at the Institute Heterogeneous Materials Systems within the Helmholtz-Zentrum Berlin. His scientific works include novel energy materials and photovoltaic device concepts, carbon clusters in the Interstellar Medium, and intermolecular forces of real gases.",FALSE,FALSE,FH
FP_new,Konstantinos_Fostiropoulos,birthYear,2004,,"Konstantinos Fostiropoulos is a Greek physicist who has been working in Germany in the areas nano-materials, solid-state physics, molecular physics, astrophysics, and thermodynamics. From 2003 to 2016 he has been founder and head of the Organic Solar Cells Group at the Institute Heterogeneous Materials Systems within the Helmholtz-Zentrum Berlin. His scientific works include novel energy materials and photovoltaic device concepts, carbon clusters in the Interstellar Medium, and intermolecular forces of real gases.",FALSE,FALSE,FH
FP_new,Konstantinos_Fostiropoulos,birthYear,1935,,"Konstantinos Fostiropoulos is a Greek physicist who has been working in Germany in the areas nano-materials, solid-state physics, molecular physics, astrophysics, and thermodynamics. From 2003 to 2016 he has been founder and head of the Organic Solar Cells Group at the Institute Heterogeneous Materials Systems within the Helmholtz-Zentrum Berlin. His scientific works include novel energy materials and photovoltaic device concepts, carbon clusters in the Interstellar Medium, and intermolecular forces of real gases.",FALSE,FALSE,FH
FP_new,Konstantinos_Fostiropoulos,birthYear,1996,,"Konstantinos Fostiropoulos is a Greek physicist who has been working in Germany in the areas nano-materials, solid-state physics, molecular physics, astrophysics, and thermodynamics. From 2003 to 2016 he has been founder and head of the Organic Solar Cells Group at the Institute Heterogeneous Materials Systems within the Helmholtz-Zentrum Berlin. His scientific works include novel energy materials and photovoltaic device concepts, carbon clusters in the Interstellar Medium, and intermolecular forces of real gases.",FALSE,FALSE,FH
FP_new,Konstantinos_Konstantinou_%28footballer%29,label,Konstantinos Konstantinou,,Konstantinos Konstantinou (Greek: Κωνσταντίνος Κωνσταντίνου; born 8 October 1999) is a Cypriot football player who plays as a forward.,TRUE,FALSE,ICE
FP_new,Laurence_Rickard,label,Laurence Carl,,"Laurence Carl ""Larry"" Rickard (born 14 June 1975) is an English actor, writer, and comedian best known as a member of the British Horrible Histories troupe (in which he appears in the TV series Horrible Histories), Yonderland and Ghosts. He is also one half of the comedy writing/performance duo ""Larry and George"" with George Sawyer.",TRUE,FALSE,WV
FN,Paul_Germain,birthName,,Paul Lazarus Germain,"Paul Lazarus Germain (born June 6, 1959) is an American writer, director, and producer. Among the shows Germain has written, produced or directed are Rugrats, Recess, ""The Big Splash"" from Even Stevens, Lloyd in Space, and The Tracey Ullman Show. Germain (along with Arlene Klasky and Gábor Csupó) was one of the creators of the award-winning animated series Rugrats for Nickelodeon, and he was a primary creative force for the series. He left the show on its third season to team up with his Rugrats colleague Joe Ansolabehere, to create Disney's Recess and Lloyd in Space. Germain and Ansolabehere formed the television production company Paul & Joe Productions. They also worked on Pound Puppies for Discovery Family and Disney Junior's Goldie & Bear.",TRUE,TRUE,
FP_new,Laurence_Rickard,label,Laurence Rickard,,"Laurence Carl ""Larry"" Rickard (born 14 June 1975) is an English actor, writer, and comedian best known as a member of the British Horrible Histories troupe (in which he appears in the TV series Horrible Histories), Yonderland and Ghosts. He is also one half of the comedy writing/performance duo ""Larry and George"" with George Sawyer.",TRUE,TRUE,
FP_new,Lee_Greenwood,alias,Lee Greenwood,,"Melvin Lee Greenwood (born October 27, 1942) is an American country music singer-songwriter. He also plays the saxophone. Active since 1962, he has released more than 20 major-label albums and has charted more than 35 singles on the Billboard country music charts.",TRUE,TRUE,
FN,Paul_McDowell_%28actor%29,birthName,,Paul William McDowell,Paul William McDowell (15 August 1931 – 2 May 2016) was an English actor and writer who appeared in numerous television productions over a 40-year period.,TRUE,TRUE,
FN,Paul_Schulze,birthName,,Paul Schulze,"Paul Schulze (born June 12, 1962) is an American actor. He is known for appearing in The Sopranos, Nurse Jackie, 24 (2002–2004), and The Punisher (2017), and his films roles in Panic Room (2002), and Rambo (2008).",TRUE,TRUE,
FP_new,Leon_Flach,label,Leon Maximilian Flach,,"Leon Maximilian Flach (born February 28, 2001) is an American professional soccer player who plays as a midfielder and left-back for the Philadelphia Union of Major League Soccer.",TRUE,FALSE,WV
FP_new,Leon_Flach,label,Leon Flach,,"Leon Maximilian Flach (born February 28, 2001) is an American professional soccer player who plays as a midfielder and left-back for the Philadelphia Union of Major League Soccer.",TRUE,TRUE,
FP_new,Leslie_James_Pickering,birthYear,1961,,"Leslie James Pickering is an American activist and former spokesperson for the Earth Liberation Front Press Office advocating for political and social justice, human rights, and environmental protection.",FALSE,FALSE,FH
FP_new,Leslie_James_Pickering,birthYear,1935,,"Leslie James Pickering is an American activist and former spokesperson for the Earth Liberation Front Press Office advocating for political and social justice, human rights, and environmental protection.",FALSE,FALSE,FH
FP_new,Liam_Cleere,birthYear,1935,,Liam Cleere (born 1935) is an Irish retired hurler. At club level he played with Dicksboro and Bennettsbridge and was an All-Ireland Championship winner with the Kilkenny senior hurling team.,TRUE,TRUE,
FP_different,Louis_Sve%C4%87enski,birthDate,1861-11-07,1862-11-07,"Louis Svećenski (Croatian: Ljudevit ""Lujo"" Svećenski, born Ljudevit Kohn; November 7, 1862 – June 18, 1926) was notable Croatian - American violist - violinist and rector of the Boston Academy of Music. Svećenski is credited with the erection of Osijek memorial plaque in 1895, for his friend Franjo Krežma. He stayed in touch with his hometown and family until the day he died on June 18, 1926.",FALSE,FALSE,FH
FP_different,Louis_Sve%C4%87enski,birthYear,1861,1862,"Louis Svećenski (Croatian: Ljudevit ""Lujo"" Svećenski, born Ljudevit Kohn; November 7, 1862 – June 18, 1926) was notable Croatian - American violist - violinist and rector of the Boston Academy of Music. Svećenski is credited with the erection of Osijek memorial plaque in 1895, for his friend Franjo Krežma. He stayed in touch with his hometown and family until the day he died on June 18, 1926.",FALSE,FALSE,FH
FN,Pauline_Flanagan,birthName,,Pauline Flanagan,"Pauline Flanagan (29 June 1925 – 28 June 2003) was a Irish-born actress who had a long career on stage, she was best known in the United States for her role as Annie Colleary, on the television soap opera Ryan's Hope in 1979 and again in 1981. She later returned to the show as Sister Mary Joel.",TRUE,TRUE,
FN,Pia_Kj%C3%A6rsgaard,birthName,,Pia Merete Kjærsgaard,"Pia Merete Kjærsgaard (Danish pronunciation: [ˈpʰiːæ ˈkʰeˀɐ̯sˌkɒˀ]; born 23 February 1947) is a Danish politician who was Speaker of the Danish Parliament from 2015 to 2019, and former leader of the Danish People's Party. On 7 August 2012, Kjærsgaard announced her resignation from the leader position of the Danish People's Party. She appointed Kristian Thulesen Dahl as her successor, and he took office on 12 September 2012, promising to maintain the course laid out by Kjærsgaard.",TRUE,TRUE,
FP_different,Louis_Sve%C4%87enski,birthDate,1863-11-07,1862-11-07,"Louis Svećenski (Croatian: Ljudevit ""Lujo"" Svećenski, born Ljudevit Kohn; November 7, 1862 – June 18, 1926) was notable Croatian - American violist - violinist and rector of the Boston Academy of Music. Svećenski is credited with the erection of Osijek memorial plaque in 1895, for his friend Franjo Krežma. He stayed in touch with his hometown and family until the day he died on June 18, 1926.",FALSE,FALSE,FH
FP_different,Louis_Sve%C4%87enski,birthYear,1863,1862,"Louis Svećenski (Croatian: Ljudevit ""Lujo"" Svećenski, born Ljudevit Kohn; November 7, 1862 – June 18, 1926) was notable Croatian - American violist - violinist and rector of the Boston Academy of Music. Svećenski is credited with the erection of Osijek memorial plaque in 1895, for his friend Franjo Krežma. He stayed in touch with his hometown and family until the day he died on June 18, 1926.",FALSE,FALSE,FH
FP_different,Louis_Sve%C4%87enski,birthDate,1865-11-07,1862-11-07,"Louis Svećenski (Croatian: Ljudevit ""Lujo"" Svećenski, born Ljudevit Kohn; November 7, 1862 – June 18, 1926) was notable Croatian - American violist - violinist and rector of the Boston Academy of Music. Svećenski is credited with the erection of Osijek memorial plaque in 1895, for his friend Franjo Krežma. He stayed in touch with his hometown and family until the day he died on June 18, 1926.",FALSE,FALSE,FH
FP_different,Louis_Sve%C4%87enski,birthYear,1865,1862,"Louis Svećenski (Croatian: Ljudevit ""Lujo"" Svećenski, born Ljudevit Kohn; November 7, 1862 – June 18, 1926) was notable Croatian - American violist - violinist and rector of the Boston Academy of Music. Svećenski is credited with the erection of Osijek memorial plaque in 1895, for his friend Franjo Krežma. He stayed in touch with his hometown and family until the day he died on June 18, 1926.",FALSE,FALSE,FH
FP_different,Louis_Sve%C4%87enski,birthDate,1858-11-07,1862-11-07,"Louis Svećenski (Croatian: Ljudevit ""Lujo"" Svećenski, born Ljudevit Kohn; November 7, 1862 – June 18, 1926) was notable Croatian - American violist - violinist and rector of the Boston Academy of Music. Svećenski is credited with the erection of Osijek memorial plaque in 1895, for his friend Franjo Krežma. He stayed in touch with his hometown and family until the day he died on June 18, 1926.",FALSE,FALSE,FH
FP_different,Louis_Sve%C4%87enski,birthYear,1858,1862,"Louis Svećenski (Croatian: Ljudevit ""Lujo"" Svećenski, born Ljudevit Kohn; November 7, 1862 – June 18, 1926) was notable Croatian - American violist - violinist and rector of the Boston Academy of Music. Svećenski is credited with the erection of Osijek memorial plaque in 1895, for his friend Franjo Krežma. He stayed in touch with his hometown and family until the day he died on June 18, 1926.",FALSE,FALSE,FH
FP_new,Lowell_S%2E_Hawley,birthDate,1908-09-20,,Lowell S. Hawley (20 September 1908 - 6 May 2003) was an American writer.,FALSE,TRUE,
FP_new,Lowell_S%2E_Hawley,deathDate,2003-05-06,,Lowell S. Hawley (20 September 1908 - 6 May 2003) was an American writer.,FALSE,TRUE,
FP_new,Luis_L%C3%B3pez_%28footballer%2C_born_September_1993%29,label,Luis Aurelio López,,"Luis Aurelio López Fernández (born 13 September 1993), also known as Buba López, is a Honduran professional footballer who plays as a goalkeeper for Real España, whom he also captains, and the Honduras national team.",TRUE,FALSE,WV
FN,PJ_Bianco,birthName,,Patrick James Bianco,"Patrick James Bianco (born February 26, 1981), better known as PJ Bianco, is an American songwriter, record producer and artist developer from New Jersey. PJ is known for his early days development of The Jonas Brothers as the songwriter/producer behind their debut album & top 40 hit ""When You Look Me In The Eyes"" and most recently as a major collaborator of American band, A R I Z O N A. His recent notable songwriting/production credits include Avicii's ""Hold The Line"", A R I Z O N A's ""Oceans Away"", Axwell's ""Nobody Else"" and LP's ""Into The Wild"".",TRUE,TRUE,
FP_new,Luis_L%C3%B3pez_%28footballer%2C_born_September_1993%29,label,Luis López,,"Luis Aurelio López Fernández (born 13 September 1993), also known as Buba López, is a Honduran professional footballer who plays as a goalkeeper for Real España, whom he also captains, and the Honduras national team.",TRUE,FALSE,WV
FP_new,Luis_L%C3%B3pez_%28footballer%2C_born_September_1993%29,label,Luis Aurelio López Fernández,,"Luis Aurelio López Fernández (born 13 September 1993), also known as Buba López, is a Honduran professional footballer who plays as a goalkeeper for Real España, whom he also captains, and the Honduras national team.",TRUE,FALSE,WV
FP_new,Luis_Viana,label,Luis Alberto,,"Luis Alberto ""Lucho"" Viana (born 8 January 1962 in, Misiones) is an Argentine Justicialist Party politician. He was a member of the Argentine Senate representing Misiones Province in the majority block of the Front for Victory from 2005 to 2011.",TRUE,FALSE,WV
FP_new,Luis_Viana,label,Luis Viana,,"Luis Alberto ""Lucho"" Viana (born 8 January 1962 in, Misiones) is an Argentine Justicialist Party politician. He was a member of the Argentine Senate representing Misiones Province in the majority block of the Front for Victory from 2005 to 2011.",TRUE,TRUE,
FP_new,Maggie_Flecknoe,birthYear,1958,,"Marguerite Kathryn Flecknoe is an American voice actress, radio personality, television host and producer.",FALSE,FALSE,FH
FP_new,Maggie_Flecknoe,birthYear,1944,,"Marguerite Kathryn Flecknoe is an American voice actress, radio personality, television host and producer.",FALSE,FALSE,FH
FN,Princess_Guevarra,birthName,,Princess Guevarra,"Princess Guevarra, (born on March 7, 1999 in Imus, Cavite, Philippines), is a Filipino actress, and she is best known as one of the contestants in the 6th season of StarStruck, Guevarra signed a contract in GMA Artist Center in 2016.",TRUE,TRUE,
FP_new,Maggie_Flecknoe,birthYear,1928,,"Marguerite Kathryn Flecknoe is an American voice actress, radio personality, television host and producer.",FALSE,FALSE,FH
FN,Ralph_Willett_Miller,birthName,,Ralph Willett Miller,"Ralph Willett Miller (24 January 1762 – 14 May 1799) was an officer of the Royal Navy. He served during the American Revolutionary and the French Revolutionary Wars, eventually rising to the rank of Captain. He was one of Vice-Admiral Horatio Nelson's Band of Brothers at the Battle of the Nile in 1798.",TRUE,TRUE,
FP_new,Maggie_Flecknoe,birthDate,1944-05-08,,"Marguerite Kathryn Flecknoe is an American voice actress, radio personality, television host and producer.",FALSE,FALSE,FH
FP_new,Maggie_Flecknoe,birthYear,1942,,"Marguerite Kathryn Flecknoe is an American voice actress, radio personality, television host and producer.",FALSE,FALSE,FH
FP_new,Maggie_Flecknoe,birthYear,1949,,"Marguerite Kathryn Flecknoe is an American voice actress, radio personality, television host and producer.",FALSE,FALSE,FH
FN,Randolph_Townsend,birthName,,Randolph Townsend,"Randolph Townsend (born January 24, 1947 in Los Angeles, California) is an American Republican Party politician from Nevada. From 1982 to 2010, he served as a member of the Nevada Senate, representing Washoe County District 4 (map). He served from 2010 to 2014 as a member of the Nevada Gaming Commission. Townsend holds Bachelor's and master's degrees in Education from the University of Nevada, Reno.",TRUE,TRUE,
FP_new,Maggie_Flecknoe,birthYear,1935,,"Marguerite Kathryn Flecknoe is an American voice actress, radio personality, television host and producer.",FALSE,FALSE,FH
FP_new,Maggie_Flecknoe,birthYear,1953,,"Marguerite Kathryn Flecknoe is an American voice actress, radio personality, television host and producer.",FALSE,FALSE,FH
FP_new,Maggie_Flecknoe,birthYear,1961,,"Marguerite Kathryn Flecknoe is an American voice actress, radio personality, television host and producer.",FALSE,FALSE,FH
FP_new,Malaa,alias,Malaa,,"Malaa is a French electronic music DJ and producer, who is signed to Tchami's label Confession. He broke onto the electronic music scene through his single ""Notorious"", which was the second release on Confession. His identity is unknown as he appears in public as a balaclava-wearing man. His participation in the Pardon My French collective suggests he is French, as all other members are.",TRUE,TRUE,
FP_new,Malaa,birthYear,1922,,"Malaa is a French electronic music DJ and producer, who is signed to Tchami's label Confession. He broke onto the electronic music scene through his single ""Notorious"", which was the second release on Confession. His identity is unknown as he appears in public as a balaclava-wearing man. His participation in the Pardon My French collective suggests he is French, as all other members are.",FALSE,FALSE,FH
FP_new,Malaa,birthYear,1980,,"Malaa is a French electronic music DJ and producer, who is signed to Tchami's label Confession. He broke onto the electronic music scene through his single ""Notorious"", which was the second release on Confession. His identity is unknown as he appears in public as a balaclava-wearing man. His participation in the Pardon My French collective suggests he is French, as all other members are.",FALSE,FALSE,FH
FN,Randy_Boissonnault,birthName,,Randy Paul Andrew Boissonnault,"Randy Paul Andrew Boissonnault PC MP (born July 14, 1970) is a Canadian politician who has served as Minister of Tourism and Associate Minister of Finance since October 26, 2021. A member of the Liberal Party, he represents the riding of Edmonton Centre in the House of Commons. Boissonnault was initially elected as the Member of Parliament (MP) in the 2015 federal election and served until his defeat in 2019. He later went on to win back his seat in the 2021 federal election. He was one of five openly gay MPs elected in 2015 and the first to be elected from Alberta.",TRUE,TRUE,
FP_new,Malaa,birthYear,1975,,"Malaa is a French electronic music DJ and producer, who is signed to Tchami's label Confession. He broke onto the electronic music scene through his single ""Notorious"", which was the second release on Confession. His identity is unknown as he appears in public as a balaclava-wearing man. His participation in the Pardon My French collective suggests he is French, as all other members are.",FALSE,FALSE,FH
FP_new,Malaa,alias,Notorious,,"Malaa is a French electronic music DJ and producer, who is signed to Tchami's label Confession. He broke onto the electronic music scene through his single ""Notorious"", which was the second release on Confession. His identity is unknown as he appears in public as a balaclava-wearing man. His participation in the Pardon My French collective suggests he is French, as all other members are.",TRUE,FALSE,WV
FP_new,Malaa,birthYear,1987,,"Malaa is a French electronic music DJ and producer, who is signed to Tchami's label Confession. He broke onto the electronic music scene through his single ""Notorious"", which was the second release on Confession. His identity is unknown as he appears in public as a balaclava-wearing man. His participation in the Pardon My French collective suggests he is French, as all other members are.",FALSE,FALSE,FH
FN,Rapha%C3%ABl_Van_Dorpe,birthName,,Raphaël Van Dorpe,Raphaël Van Dorpe (1910 – 1996) was a Belgian architect. His work was part of the architecture event in the art competition at the 1932 Summer Olympics.,TRUE,TRUE,
FP_new,Malaa,birthYear,Malaa,,"Malaa is a French electronic music DJ and producer, who is signed to Tchami's label Confession. He broke onto the electronic music scene through his single ""Notorious"", which was the second release on Confession. His identity is unknown as he appears in public as a balaclava-wearing man. His participation in the Pardon My French collective suggests he is French, as all other members are.",TRUE,FALSE,WV
FP_new,Malaa,birthYear,1988,,"Malaa is a French electronic music DJ and producer, who is signed to Tchami's label Confession. He broke onto the electronic music scene through his single ""Notorious"", which was the second release on Confession. His identity is unknown as he appears in public as a balaclava-wearing man. His participation in the Pardon My French collective suggests he is French, as all other members are.",FALSE,FALSE,FH
FP_new,Malaa,birthYear,1949,,"Malaa is a French electronic music DJ and producer, who is signed to Tchami's label Confession. He broke onto the electronic music scene through his single ""Notorious"", which was the second release on Confession. His identity is unknown as he appears in public as a balaclava-wearing man. His participation in the Pardon My French collective suggests he is French, as all other members are.",FALSE,FALSE,FH
FP_new,Malaa,birthYear,1935,,"Malaa is a French electronic music DJ and producer, who is signed to Tchami's label Confession. He broke onto the electronic music scene through his single ""Notorious"", which was the second release on Confession. His identity is unknown as he appears in public as a balaclava-wearing man. His participation in the Pardon My French collective suggests he is French, as all other members are.",FALSE,FALSE,FH
FP_new,Malaa,birthYear,2000,,"Malaa is a French electronic music DJ and producer, who is signed to Tchami's label Confession. He broke onto the electronic music scene through his single ""Notorious"", which was the second release on Confession. His identity is unknown as he appears in public as a balaclava-wearing man. His participation in the Pardon My French collective suggests he is French, as all other members are.",FALSE,FALSE,FH
FP_different,Mar%C3%ADa_Conesa,birthName,La Gatita Blanca,María Conesa,"María Conesa, also known as La Gatita Blanca (The White Kitten) (December 12, 1892 – September 9, 1978), was a Spanish-born Mexican stage, television, film actress and vedette. She was one of the principal stars of the Revue and Vaudeville in México and Latin America in the early 20th century.",TRUE,FALSE,WV
FN,Raymond_J%2E_Saulnier,birthName,,Raymond Joseph Saulnier,"Raymond Joseph Saulnier (September 20, 1908 – April 30, 2009) was an American economist who served as the chairman of the Council of Economic Advisers from 1956 to 1961 under President Dwight D. Eisenhower.",TRUE,TRUE,
FP_new,Margo_%28singer%29,label,Margo,,Margo (born Margaret Catherine O'Donnell; 6 February 1951) is an Irish singer. She rose to prominence during the 1960s in the Irish country music scene and has had a long career since.,TRUE,FALSE,ICE
FP_new,Margo_%28singer%29,label,Margo Kargo,,Margo (born Margaret Catherine O'Donnell; 6 February 1951) is an Irish singer. She rose to prominence during the 1960s in the Irish country music scene and has had a long career since.,FALSE,FALSE,AC
FP_new,Margo_%28singer%29,birthName,Margaret Catherine O'Donnell,,Margo (born Margaret Catherine O'Donnell; 6 February 1951) is an Irish singer. She rose to prominence during the 1960s in the Irish country music scene and has had a long career since.,TRUE,TRUE,
FP_new,Marina_Ladynina,label,Marina Ladynina,,"Marina Alekseyevna Ladynina (Russian: Мари́на Алексе́евна Лады́нина; June 24 [o.s. 11], 1908 in Skotinino, Smolensk, Russian Empire – March 10, 2003 in Moscow, Russian Federation) was a popular Soviet film and theatre actress, best remembered for her leading roles in Tractor Drivers (1939), The Swine Girl and the Shepherd (1941), Six O'Clock after the War is Over (1944), Ballad of Siberia (1947) and Cossacks of the Kuban (1949), all directed by her husband Ivan Pyryev. In 1950 Ladynina was honoured with the People's Artist of the USSR title. She was a five-times Stalin Prize laureate.",TRUE,TRUE,
FP_new,Marina_Ladynina,birthDate,1908-06-24,,"Marina Alekseyevna Ladynina (Russian: Мари́на Алексе́евна Лады́нина; June 24 [o.s. 11], 1908 in Skotinino, Smolensk, Russian Empire – March 10, 2003 in Moscow, Russian Federation) was a popular Soviet film and theatre actress, best remembered for her leading roles in Tractor Drivers (1939), The Swine Girl and the Shepherd (1941), Six O'Clock after the War is Over (1944), Ballad of Siberia (1947) and Cossacks of the Kuban (1949), all directed by her husband Ivan Pyryev. In 1950 Ladynina was honoured with the People's Artist of the USSR title. She was a five-times Stalin Prize laureate.",FALSE,TRUE,
FP_new,Mark_Aslett,birthYear,2007,,"Mark Aslett is an English-American businessman. He became chairman, president and chief executive officer of Mercury Systems in 2007.",TRUE,FALSE,WV
FP_new,Mark_Aslett,birthYear,1907,,"Mark Aslett is an English-American businessman. He became chairman, president and chief executive officer of Mercury Systems in 2007.",FALSE,FALSE,FH
FP_new,Mark_Aslett,birthYear,1977,,"Mark Aslett is an English-American businessman. He became chairman, president and chief executive officer of Mercury Systems in 2007.",FALSE,FALSE,FH
FN,Rebecca_Walker,birthName,,Rebecca Leventhal,"Rebecca Walker (born November 17, 1969, as Rebecca Leventhal) is an American writer, feminist, and activist. Walker has been regarded as one of the prominent voices of Third Wave Feminism, and the coiner of the term ""third wave"", since publishing a 1992 article on feminism in Ms. magazine called ""Becoming the Third Wave"", in which she proclaimed: ""I am the Third Wave."" Walker does extensive writing and speaking about gender, racial, economic, and social justice at universities around the United States and internationally.",TRUE,TRUE,
FP_new,Mark_Aslett,birthYear,1935,,"Mark Aslett is an English-American businessman. He became chairman, president and chief executive officer of Mercury Systems in 2007.",FALSE,FALSE,FH
FP_new,Mark_Eggleston,label,Mark Andrew Eggleston,,"Mark Andrew Eggleston (born 14 December 1963) is an English former cricket umpire who stood in nine first-class matches and 10 List A matches between 2009 and 2013. He also stood as an umpire in the match between Australia Women and New Zealand in the Women's T20 Quadrangular Series in England in 2011, and in the 4th ODI between England Women and India Women in 2012. Born in Blackburn, Lancashire, Eggleston began his umpiring career in the Lancashire League, and served in the league until 2009, before returning in 2014.",TRUE,FALSE,WV
FN,Reginald_Stourton,alias,,Sir Reginald Stourton,"Sir Reginald Stourton of Stourton, Wiltshire (born 1434) was an English knight.",TRUE,TRUE,
FP_new,Mark_Eggleston,label,Mark Eggleston,,"Mark Andrew Eggleston (born 14 December 1963) is an English former cricket umpire who stood in nine first-class matches and 10 List A matches between 2009 and 2013. He also stood as an umpire in the match between Australia Women and New Zealand in the Women's T20 Quadrangular Series in England in 2011, and in the 4th ODI between England Women and India Women in 2012. Born in Blackburn, Lancashire, Eggleston began his umpiring career in the Lancashire League, and served in the league until 2009, before returning in 2014.",TRUE,TRUE,
FN,Ron_Hendren,birthName,,Ralph C Hendren,"Ron Hendren, born Ralph C Hendren (Born August 3, 1945) is a journalist and television personality. He is best known as one of the original hosts of Entertainment Tonight, joining the syndicated television show at its debut in 1981.",TRUE,TRUE,
FP_new,Mark_Gasson,label,Mark N.Gasson,,"Mark N. Gasson is a British scientist and visiting research fellow at the Cybernetics Research Group, University of Reading, UK. He pioneered developments in direct neural interfaces between computer systems and the human nervous system, has developed brain–computer interfaces and is active in the research fields of human microchip implants, medical devices and digital identity. He is known for his experiments transmitting a computer virus into a human implant, and is credited with being the first human infected with a computer virus. He is currently based in Los Angeles, California.",FALSE,FALSE,WV
FP_new,Mark_Gasson,birthYear,1925,,"Mark N. Gasson is a British scientist and visiting research fellow at the Cybernetics Research Group, University of Reading, UK. He pioneered developments in direct neural interfaces between computer systems and the human nervous system, has developed brain–computer interfaces and is active in the research fields of human microchip implants, medical devices and digital identity. He is known for his experiments transmitting a computer virus into a human implant, and is credited with being the first human infected with a computer virus. He is currently based in Los Angeles, California.",FALSE,FALSE,FH
FP_new,Mark_Gasson,birthYear,1908,,"Mark N. Gasson is a British scientist and visiting research fellow at the Cybernetics Research Group, University of Reading, UK. He pioneered developments in direct neural interfaces between computer systems and the human nervous system, has developed brain–computer interfaces and is active in the research fields of human microchip implants, medical devices and digital identity. He is known for his experiments transmitting a computer virus into a human implant, and is credited with being the first human infected with a computer virus. He is currently based in Los Angeles, California.",FALSE,FALSE,FH
FP_new,Mark_Gasson,birthYear,1957,,"Mark N. Gasson is a British scientist and visiting research fellow at the Cybernetics Research Group, University of Reading, UK. He pioneered developments in direct neural interfaces between computer systems and the human nervous system, has developed brain–computer interfaces and is active in the research fields of human microchip implants, medical devices and digital identity. He is known for his experiments transmitting a computer virus into a human implant, and is credited with being the first human infected with a computer virus. He is currently based in Los Angeles, California.",FALSE,FALSE,FH
FP_new,Mark_Gasson,label,Mark Gasson,,"Mark N. Gasson is a British scientist and visiting research fellow at the Cybernetics Research Group, University of Reading, UK. He pioneered developments in direct neural interfaces between computer systems and the human nervous system, has developed brain–computer interfaces and is active in the research fields of human microchip implants, medical devices and digital identity. He is known for his experiments transmitting a computer virus into a human implant, and is credited with being the first human infected with a computer virus. He is currently based in Los Angeles, California.",TRUE,TRUE,
FP_new,Mark_Gasson,birthYear,1943,,"Mark N. Gasson is a British scientist and visiting research fellow at the Cybernetics Research Group, University of Reading, UK. He pioneered developments in direct neural interfaces between computer systems and the human nervous system, has developed brain–computer interfaces and is active in the research fields of human microchip implants, medical devices and digital identity. He is known for his experiments transmitting a computer virus into a human implant, and is credited with being the first human infected with a computer virus. He is currently based in Los Angeles, California.",FALSE,FALSE,FH
FP_new,Mark_Gasson,birthYear,1949,,"Mark N. Gasson is a British scientist and visiting research fellow at the Cybernetics Research Group, University of Reading, UK. He pioneered developments in direct neural interfaces between computer systems and the human nervous system, has developed brain–computer interfaces and is active in the research fields of human microchip implants, medical devices and digital identity. He is known for his experiments transmitting a computer virus into a human implant, and is credited with being the first human infected with a computer virus. He is currently based in Los Angeles, California.",FALSE,FALSE,FH
FP_new,Mark_Gasson,birthYear,1935,,"Mark N. Gasson is a British scientist and visiting research fellow at the Cybernetics Research Group, University of Reading, UK. He pioneered developments in direct neural interfaces between computer systems and the human nervous system, has developed brain–computer interfaces and is active in the research fields of human microchip implants, medical devices and digital identity. He is known for his experiments transmitting a computer virus into a human implant, and is credited with being the first human infected with a computer virus. He is currently based in Los Angeles, California.",FALSE,FALSE,FH
FP_new,Mark_Gasson,birthYear,1955,,"Mark N. Gasson is a British scientist and visiting research fellow at the Cybernetics Research Group, University of Reading, UK. He pioneered developments in direct neural interfaces between computer systems and the human nervous system, has developed brain–computer interfaces and is active in the research fields of human microchip implants, medical devices and digital identity. He is known for his experiments transmitting a computer virus into a human implant, and is credited with being the first human infected with a computer virus. He is currently based in Los Angeles, California.",FALSE,FALSE,FH
FP_new,Mark_Gasson,birthYear,1961,,"Mark N. Gasson is a British scientist and visiting research fellow at the Cybernetics Research Group, University of Reading, UK. He pioneered developments in direct neural interfaces between computer systems and the human nervous system, has developed brain–computer interfaces and is active in the research fields of human microchip implants, medical devices and digital identity. He is known for his experiments transmitting a computer virus into a human implant, and is credited with being the first human infected with a computer virus. He is currently based in Los Angeles, California.",FALSE,FALSE,FH
FN,Russell_Simmons,birthName,,Russell Wendell Simmons,"Russell Wendell Simmons (born October 4, 1957) is an American entrepreneur and record executive. He co-founded the hip-hop label Def Jam Recordings, and created the clothing fashion lines Phat Farm, Argyleculture, and Tantris. Simmons' net worth was estimated at $340 million in 2011. Simmons has been living in Bali for five years. According to Simmons, Ubud, Bali looks like ""yoga and vegan Disneyland"". Simmons has lived life as a vegetarian for nearly 20 years. Simmons promotes a plant-based diet and a yogic lifestyle.",TRUE,TRUE,
FP_new,Martin_A%2E_Miller,birthYear,1938,,"Martin A. Miller is an American historian of modern Russia, psychoanalysis, and terrorism.",FALSE,FALSE,FH
FP_new,Martin_A%2E_Miller,birthYear,1986,,"Martin A. Miller is an American historian of modern Russia, psychoanalysis, and terrorism.",FALSE,FALSE,FH
FP_new,Martin_A%2E_Miller,birthYear,1958,,"Martin A. Miller is an American historian of modern Russia, psychoanalysis, and terrorism.",FALSE,FALSE,FH
FP_new,Martin_A%2E_Miller,birthYear,1961,,"Martin A. Miller is an American historian of modern Russia, psychoanalysis, and terrorism.",FALSE,FALSE,FH
FP_new,Martin_A%2E_Miller,birthYear,1886,,"Martin A. Miller is an American historian of modern Russia, psychoanalysis, and terrorism.",FALSE,FALSE,FH
FP_new,Martin_A%2E_Miller,birthYear,1955,,"Martin A. Miller is an American historian of modern Russia, psychoanalysis, and terrorism.",FALSE,FALSE,FH
FP_new,Martin_Shovlin,birthYear,1960,,"Martin Shovlin (born 1960/1) is an Irish former Gaelic footballer who played for Naomh Ultan and the Donegal county team. He played against Armagh and scored a point in the 1990 Ulster final, won by Donegal. His performance led him to be awarded the Ulster GAA Writers' Player of the Year. Shovlin was still playing for Naomh Ultan as recently as 2021.",TRUE,TRUE,
FP_new,Mary_Hamilton_%28politician%29,label,Mary Agnes Hamilton,,"Mary Agnes Hamilton (née Adamson, 8 July 1882 – 10 February 1966) was a writer, journalist, broadcaster, civil servant, and the Labour Member of Parliament for Blackburn from 1929 to 1931.",TRUE,FALSE,WV
FP_new,Mary_Hamilton_%28politician%29,birthName,Mary Agnes Hamilton,,"Mary Agnes Hamilton (née Adamson, 8 July 1882 – 10 February 1966) was a writer, journalist, broadcaster, civil servant, and the Labour Member of Parliament for Blackburn from 1929 to 1931.",TRUE,FALSE,WV
FP_new,Mary_Hamilton_%28politician%29,label,Mary Hamilton,,"Mary Agnes Hamilton (née Adamson, 8 July 1882 – 10 February 1966) was a writer, journalist, broadcaster, civil servant, and the Labour Member of Parliament for Blackburn from 1929 to 1931.",TRUE,FALSE,ICE
FP_new,Mary_Hamilton_%28politician%29,birthName,Mary Agnes Adamson,,"Mary Agnes Hamilton (née Adamson, 8 July 1882 – 10 February 1966) was a writer, journalist, broadcaster, civil servant, and the Labour Member of Parliament for Blackburn from 1929 to 1931.",FALSE,FALSE,WV
FP_new,Matheus_Donelli,label,Matheus Planelles Donelli,,Matheus Planelles Donelli (born 17 May 2002) is a Brazilian professional footballer who plays as a goalkeeper for Corinthians.,TRUE,FALSE,WV
FP_new,Matheus_Donelli,label,Matheus Donelli,,Matheus Planelles Donelli (born 17 May 2002) is a Brazilian professional footballer who plays as a goalkeeper for Corinthians.,TRUE,TRUE,
FP_new,Maya_Banks,birthYear,1943,,"Maya Banks is an American bestselling author of erotic romance, romantic suspense, contemporary romance, and Scottish historical romance novels.",FALSE,FALSE,FH
FN,S%2E_James_Otero,birthName,,Samuel James Otero,"Samuel James Otero (born December 30, 1951) is a former United States District Judge of the United States District Court for the Central District of California.",TRUE,TRUE,
FP_new,Maya_Banks,birthYear,1949,,"Maya Banks is an American bestselling author of erotic romance, romantic suspense, contemporary romance, and Scottish historical romance novels.",FALSE,FALSE,FH
FP_new,Maya_Banks,birthYear,1935,,"Maya Banks is an American bestselling author of erotic romance, romantic suspense, contemporary romance, and Scottish historical romance novels.",FALSE,FALSE,FH
FP_new,Maya_Banks,birthYear,1961,,"Maya Banks is an American bestselling author of erotic romance, romantic suspense, contemporary romance, and Scottish historical romance novels.",FALSE,FALSE,FH
FP_new,Mel_King,label,Mel King,,"Melvin Herbert King (born 20 October 1928) is an American politician, community organizer, and educator, who holds the position of Senior Lecturer Emeritus at the Massachusetts Institute of Technology in their Department of Urban Studies and Planning. In 1973, King was elected as a member of the Massachusetts House of Representatives' 9th Suffolk district, a post he held until early 1983. King was the runner-up in the 1983 Boston mayoral election, against Raymond Flynn.",TRUE,TRUE,
FN,Sally_McManus,birthName,,Sally McManus,"Sally McManus (born 31 July 1971) is an Australian trade unionist, feminist and political activist who has served as the Secretary of the Australian Council of Trade Unions (ACTU) since 2017. She is the first woman to hold the position of Secretary in the ACTU’s 90-year history. Prior to becoming Secretary she served as a Vice President and Campaigns Director. Before joining the ACTU, McManus was the Branch Secretary and an organiser with the Australian Services Union (ASU) in NSW and the ACT.",TRUE,TRUE,
FP_new,Mel_King,label,Mel Herbert King,,"Melvin Herbert King (born 20 October 1928) is an American politician, community organizer, and educator, who holds the position of Senior Lecturer Emeritus at the Massachusetts Institute of Technology in their Department of Urban Studies and Planning. In 1973, King was elected as a member of the Massachusetts House of Representatives' 9th Suffolk district, a post he held until early 1983. King was the runner-up in the 1983 Boston mayoral election, against Raymond Flynn.",TRUE,FALSE,WV
FP_new,Michael_S%2E_Devany,birthYear,2014,,"Michael S. Devany is a former vice admiral in the NOAA Commissioned Officer Corps who last served as the deputy under secretary for operations at the National Oceanic and Atmospheric Administration from January 2, 2014 to April 2016. He previously served as director of the NOAA Commissioned Officer Corps from August 13, 2012 to January 1, 2014, succeeding RADM Jonathan W. Bailey. As deputy under secretary for operations, he was NOAA’s chief operating officer. VADM Devany was responsible for the day-to-day management of NOAA’s national and international operations for oceanic and atmospheric services, research, and coastal and marine stewardship. He is a key advisor to the under secretary of commerce for oceans and atmosphere/NOAA administrator on NOAA program and policy issues. Devany was",TRUE,FALSE,WV
FP_new,Michael_S%2E_Devany,birthYear,1942,,"Michael S. Devany is a former vice admiral in the NOAA Commissioned Officer Corps who last served as the deputy under secretary for operations at the National Oceanic and Atmospheric Administration from January 2, 2014 to April 2016. He previously served as director of the NOAA Commissioned Officer Corps from August 13, 2012 to January 1, 2014, succeeding RADM Jonathan W. Bailey. As deputy under secretary for operations, he was NOAA’s chief operating officer. VADM Devany was responsible for the day-to-day management of NOAA’s national and international operations for oceanic and atmospheric services, research, and coastal and marine stewardship. He is a key advisor to the under secretary of commerce for oceans and atmosphere/NOAA administrator on NOAA program and policy issues. Devany was",FALSE,FALSE,FH
FP_new,Michael_S%2E_Devany,birthYear,1932,,"Michael S. Devany is a former vice admiral in the NOAA Commissioned Officer Corps who last served as the deputy under secretary for operations at the National Oceanic and Atmospheric Administration from January 2, 2014 to April 2016. He previously served as director of the NOAA Commissioned Officer Corps from August 13, 2012 to January 1, 2014, succeeding RADM Jonathan W. Bailey. As deputy under secretary for operations, he was NOAA’s chief operating officer. VADM Devany was responsible for the day-to-day management of NOAA’s national and international operations for oceanic and atmospheric services, research, and coastal and marine stewardship. He is a key advisor to the under secretary of commerce for oceans and atmosphere/NOAA administrator on NOAA program and policy issues. Devany was",FALSE,FALSE,FH
FP_new,Michael_S%2E_Devany,birthYear,1961,,"Michael S. Devany is a former vice admiral in the NOAA Commissioned Officer Corps who last served as the deputy under secretary for operations at the National Oceanic and Atmospheric Administration from January 2, 2014 to April 2016. He previously served as director of the NOAA Commissioned Officer Corps from August 13, 2012 to January 1, 2014, succeeding RADM Jonathan W. Bailey. As deputy under secretary for operations, he was NOAA’s chief operating officer. VADM Devany was responsible for the day-to-day management of NOAA’s national and international operations for oceanic and atmospheric services, research, and coastal and marine stewardship. He is a key advisor to the under secretary of commerce for oceans and atmosphere/NOAA administrator on NOAA program and policy issues. Devany was",FALSE,FALSE,FH
FP_new,Michelle_Kline,label,Michelle Lynn Kline,,"Michelle Lynn Kline (born 8 November 1968) is a former American female speed skater. She competed at the 1992 Winter Olympics and 1994 Winter Olympics representing United States. Just prior to the 1992 Winter Olympics (which was also her first Olympic event), she met with an accident in 1991 causing severe major injuries to her ribs and lungs along with other members when they were engaged in a trip from Chicago to Milwaukee. However, she recovered from the major injuries and was able to participate at the 1992 Winter Olympics.",TRUE,FALSE,WV
FP_new,Michelle_Kline,label,Michelle Kline,,"Michelle Lynn Kline (born 8 November 1968) is a former American female speed skater. She competed at the 1992 Winter Olympics and 1994 Winter Olympics representing United States. Just prior to the 1992 Winter Olympics (which was also her first Olympic event), she met with an accident in 1991 causing severe major injuries to her ribs and lungs along with other members when they were engaged in a trip from Chicago to Milwaukee. However, she recovered from the major injuries and was able to participate at the 1992 Winter Olympics.",TRUE,TRUE,
FP_new,Mike_Kelly_%28Pennsylvania_politician%29,label,Mike Kelly Jr.,,"George Joseph ""Mike"" Kelly Jr. (born May 10, 1948) is an American politician and businessman who has been a U.S. representative since 2011 and is currently serving as representative for Pennsylvania's 16th congressional district. The district, numbered as the 3rd district from 2011 to 2019, is based in Erie and stretches from the northwest corner of the state to the outer northern suburbs of Pittsburgh.",TRUE,FALSE,MCE
FP_new,Mike_Kelly_%28Pennsylvania_politician%29,birthName,George Joseph,,"George Joseph ""Mike"" Kelly Jr. (born May 10, 1948) is an American politician and businessman who has been a U.S. representative since 2011 and is currently serving as representative for Pennsylvania's 16th congressional district. The district, numbered as the 3rd district from 2011 to 2019, is based in Erie and stretches from the northwest corner of the state to the outer northern suburbs of Pittsburgh.",TRUE,FALSE,ICE
FP_new,Mike_Kelly_%28Pennsylvania_politician%29,label,Mike Kelly Jr,,"George Joseph ""Mike"" Kelly Jr. (born May 10, 1948) is an American politician and businessman who has been a U.S. representative since 2011 and is currently serving as representative for Pennsylvania's 16th congressional district. The district, numbered as the 3rd district from 2011 to 2019, is based in Erie and stretches from the northwest corner of the state to the outer northern suburbs of Pittsburgh.",TRUE,FALSE,MCE
FP_new,Mike_McDermott_%28baseball%29,label,Mike Joseph McDermott,,"Michael Joseph McDermott (September 7, 1874 in St. Louis, Missouri – June 30, 1943 in St. Louis, Missouri), was a Major League Baseball pitcher. He played three seasons in the majors, 1895-1897, for the Louisville Colonels, Cleveland Spiders and St. Louis Browns.",TRUE,FALSE,WV
FP_new,Mike_McDermott_%28baseball%29,label,Mike McDermott,,"Michael Joseph McDermott (September 7, 1874 in St. Louis, Missouri – June 30, 1943 in St. Louis, Missouri), was a Major League Baseball pitcher. He played three seasons in the majors, 1895-1897, for the Louisville Colonels, Cleveland Spiders and St. Louis Browns.",TRUE,FALSE,ICE
FP_new,Mikhail_Akimov,label,Mikhail Akimov,,"Mikhail Grigoroevich Akimov (1847–1915) was a Russian politician. After graduating from the University of Moscow, he entered the Ministry of Justice. He served as an Assistant Public Prosecutor in Kiev in 1881. It is known that he was on the roster of Senators in December 1905, because the Chairman of the Council of Ministers, Sergei Witte, chose him to be the successor of Sergey Manukhin from that list. He served as Minister of Justice in the Witte government for the remainder of Witte's tenure (April 1906). He was appointed to the Imperial State Council in 1906. He was eventually chosen as the Chairman of the Imperial State Council.",TRUE,TRUE,
FP_new,Mikhail_Akimov,deathDate,1915-04-15,,"Mikhail Grigoroevich Akimov (1847–1915) was a Russian politician. After graduating from the University of Moscow, he entered the Ministry of Justice. He served as an Assistant Public Prosecutor in Kiev in 1881. It is known that he was on the roster of Senators in December 1905, because the Chairman of the Council of Ministers, Sergei Witte, chose him to be the successor of Sergey Manukhin from that list. He served as Minister of Justice in the Witte government for the remainder of Witte's tenure (April 1906). He was appointed to the Imperial State Council in 1906. He was eventually chosen as the Chairman of the Imperial State Council.",FALSE,FALSE,FH
FP_new,Muhammad_Yousuf_%28politician%29,label,Muhammad Yousaf,,"Qari Muhammad Yousaf (born 1 January 1952) is a Pakistani politician who had been a member of the National Assembly of Pakistan, from June 2013 to May 2018. Previously, he had been a member of the National Assembly from 2002 to 2007.",TRUE,FALSE,WV
FP_new,Muhammad_Yousuf_%28politician%29,birthName,Muhammad Muhammad Yousaf,,"Qari Muhammad Yousaf (born 1 January 1952) is a Pakistani politician who had been a member of the National Assembly of Pakistan, from June 2013 to May 2018. Previously, he had been a member of the National Assembly from 2002 to 2007.",FALSE,FALSE,SG
FP_new,Nazir_Bakrin,label,Nazir Bakrin,,Nazir Oladayo Temitope Olajide Bakrin (born 23 October 2002) is an English professional footballer currently playing as a defender for Charlton Athletic.,TRUE,TRUE,
FP_new,Neemias_Queta,label,Neemias Queta,,"Neemias Esdras Barbosa Queta (born 13 July 1999) is a Bissau-Guinean and Portuguese professional basketball player for the Sacramento Kings of the National Basketball Association (NBA), on a two-way contract with the Stockton Kings of the NBA G League. He started playing basketball in 2009 for F.C. Barreirense and later played college basketball for the Utah State Aggies. He was selected with the 39th overall pick in the 2021 NBA draft, being the first Portuguese player ever drafted. He became the first Portuguese citizen ever to play in the NBA on December 17, 2021.",TRUE,TRUE,
FN,Samuel_W_Hill,birthName,,Samuel W Hill,"Samuel W Hill, (November 6, 1815 – August 28, 1889) was an American surveyor, geologist and mining developer in Michigan's Copper Country.",TRUE,TRUE,
FP_new,Neemias_Queta,birthName,Neemias Esdras Barbosa Queta,,"Neemias Esdras Barbosa Queta (born 13 July 1999) is a Bissau-Guinean and Portuguese professional basketball player for the Sacramento Kings of the National Basketball Association (NBA), on a two-way contract with the Stockton Kings of the NBA G League. He started playing basketball in 2009 for F.C. Barreirense and later played college basketball for the Utah State Aggies. He was selected with the 39th overall pick in the 2021 NBA draft, being the first Portuguese player ever drafted. He became the first Portuguese citizen ever to play in the NBA on December 17, 2021.",TRUE,TRUE,
FP_new,Neemias_Queta,label,Neemias Esdras Barbosa Queta,,"Neemias Esdras Barbosa Queta (born 13 July 1999) is a Bissau-Guinean and Portuguese professional basketball player for the Sacramento Kings of the National Basketball Association (NBA), on a two-way contract with the Stockton Kings of the NBA G League. He started playing basketball in 2009 for F.C. Barreirense and later played college basketball for the Utah State Aggies. He was selected with the 39th overall pick in the 2021 NBA draft, being the first Portuguese player ever drafted. He became the first Portuguese citizen ever to play in the NBA on December 17, 2021.",TRUE,FALSE,WV
FP_new,Nettie_Stevens,label,Nettie Maria Stevens,,"Nettie Maria Stevens (July 7, 1861 – May 4, 1912) was an American geneticist who discovered sex chromosomes. In 1905, soon after the rediscovery of Mendel's paper on genetics in 1900, she observed that male mealworms produced two kinds of sperm, one with a large chromosome and one with a small chromosome. When the sperm with the large chromosome fertilized eggs, they produced female offspring, and when the sperm with the small chromosome fertilized eggs, they produced male offspring. The pair of sex chromosomes that she studied later became known as the X and Y chromosomes.",TRUE,FALSE,WV
FP_new,Nettie_Stevens,label,Nettie Stevens,,"Nettie Maria Stevens (July 7, 1861 – May 4, 1912) was an American geneticist who discovered sex chromosomes. In 1905, soon after the rediscovery of Mendel's paper on genetics in 1900, she observed that male mealworms produced two kinds of sperm, one with a large chromosome and one with a small chromosome. When the sperm with the large chromosome fertilized eggs, they produced female offspring, and when the sperm with the small chromosome fertilized eggs, they produced male offspring. The pair of sex chromosomes that she studied later became known as the X and Y chromosomes.",TRUE,TRUE,
FP_new,Nicholas_Biwott,label,Nicholas Kipyator Kiprono arap Biwott,,"Nicholas Kipyator Kiprono arap Biwott (1940 – 11 July 2017) was a Kenyan businessman, politician and philanthropist. Biwott served as a civil servant, Member of Parliament and government minister, during which time he held eight senior ministerial positions during the presidency of Daniel arap Moi.",TRUE,FALSE,WV
FN,Seika_Furuhata,birthName,,Seika Furuhata,"Seika Furuhata (古畑 星夏, Furuhata Seika, born July 8, 1996, in Tokyo, Japan) is a Japanese actress and model who is represented by LesPros Entertainment. She is an exclusive model for the magazines Seventeen and Nicola.",TRUE,TRUE,
FP_new,Nicholas_Biwott,label,Nicholas Biwott,,"Nicholas Kipyator Kiprono arap Biwott (1940 – 11 July 2017) was a Kenyan businessman, politician and philanthropist. Biwott served as a civil servant, Member of Parliament and government minister, during which time he held eight senior ministerial positions during the presidency of Daniel arap Moi.",TRUE,TRUE,
FP_new,Niko_Vakararawa,birthYear,2000,,Niko Vakararawa is a Fijian rugby league footballer who represented Fiji in the 2000 World Cup.,TRUE,FALSE,WV
FP_new,Nina_Etkin,label,Nina Etkin,,"Nina Lilian Etkin (June 13, 1948 – January 26, 2009) was an anthropologist and biologist. Etkin was noted for her work in medical anthropology, ethnobiology, and ethnopharmacology. She studied the relation between food and health for over thirty years. Her work involved complementary and alternative medicines for prevention and treatment in Hawai‘i; the use of ethnomedicines in Indonesia; and health issues in Nigeria. She won numerous grants and awards from national and international agencies and published several books as well as over 80 professional articles in peer reviewed journals.",TRUE,TRUE,
FP_new,Nur_Devlet,birthName,Nur Devlet,,"Nur Devlet (Crimean Tatar: Nur Devlet, نور دولت), was a khan of the Crimean Khanate (1466–1467, 1467–1469 and 1475–1476) and the son of Hacı I Giray, the founder of Crimean Khanate. Outline: In 1466 the first Crimean khan died. His son Nur Devlet became khan but was expelled by his brother Mengli. In 1475 the Turks invaded and put Nur Devlet on the throne. In 1478 the Turks replaced him with Mengli. Nur Devlet entered the Russian service. The Qasim Khanate was a Russian vassal. In 1486 its ruling house died out and Nur Devlet was made Qasim khan. In 1490 he gave the throne to his son and in 1503 he died after a long illness.",TRUE,TRUE,
FP_new,Nur_Devlet,birthYear,1466,,"Nur Devlet (Crimean Tatar: Nur Devlet, نور دولت), was a khan of the Crimean Khanate (1466–1467, 1467–1469 and 1475–1476) and the son of Hacı I Giray, the founder of Crimean Khanate. Outline: In 1466 the first Crimean khan died. His son Nur Devlet became khan but was expelled by his brother Mengli. In 1475 the Turks invaded and put Nur Devlet on the throne. In 1478 the Turks replaced him with Mengli. Nur Devlet entered the Russian service. The Qasim Khanate was a Russian vassal. In 1486 its ruling house died out and Nur Devlet was made Qasim khan. In 1490 he gave the throne to his son and in 1503 he died after a long illness.",TRUE,FALSE,WV
FP_new,Nur_Devlet,deathYear,1476,,"Nur Devlet (Crimean Tatar: Nur Devlet, نور دولت), was a khan of the Crimean Khanate (1466–1467, 1467–1469 and 1475–1476) and the son of Hacı I Giray, the founder of Crimean Khanate. Outline: In 1466 the first Crimean khan died. His son Nur Devlet became khan but was expelled by his brother Mengli. In 1475 the Turks invaded and put Nur Devlet on the throne. In 1478 the Turks replaced him with Mengli. Nur Devlet entered the Russian service. The Qasim Khanate was a Russian vassal. In 1486 its ruling house died out and Nur Devlet was made Qasim khan. In 1490 he gave the throne to his son and in 1503 he died after a long illness.",TRUE,FALSE,WV
FP_new,Nur_Devlet,deathYear,1478,,"Nur Devlet (Crimean Tatar: Nur Devlet, نور دولت), was a khan of the Crimean Khanate (1466–1467, 1467–1469 and 1475–1476) and the son of Hacı I Giray, the founder of Crimean Khanate. Outline: In 1466 the first Crimean khan died. His son Nur Devlet became khan but was expelled by his brother Mengli. In 1475 the Turks invaded and put Nur Devlet on the throne. In 1478 the Turks replaced him with Mengli. Nur Devlet entered the Russian service. The Qasim Khanate was a Russian vassal. In 1486 its ruling house died out and Nur Devlet was made Qasim khan. In 1490 he gave the throne to his son and in 1503 he died after a long illness.",TRUE,FALSE,WV
FP_new,Oleg_Zhokhov,label,Oleg Viktorovich Zhokhov,,"Oleg Viktorovich Zhokhov is a Russian businessman, CEO of ""MAG Group Russia"" which owns the largest landfill in Russia, ""MAG-1"", designed for disposal and processing of municipal solid waste (MSW), bulky and construction waste put into operation in 2012. Owner of «AMFG FZE» U.A.E., chairman at MAG Group International (Dubai, UAE), 2012–2016. CEO of SK «Agzho» Russia 2008–2012.",TRUE,FALSE,WV
FP_new,Oleg_Zhokhov,birthYear,2012,,"Oleg Viktorovich Zhokhov is a Russian businessman, CEO of ""MAG Group Russia"" which owns the largest landfill in Russia, ""MAG-1"", designed for disposal and processing of municipal solid waste (MSW), bulky and construction waste put into operation in 2012. Owner of «AMFG FZE» U.A.E., chairman at MAG Group International (Dubai, UAE), 2012–2016. CEO of SK «Agzho» Russia 2008–2012.",TRUE,FALSE,WV
FP_new,Oleg_Zhokhov,label,Oleg Zhokhov,,"Oleg Viktorovich Zhokhov is a Russian businessman, CEO of ""MAG Group Russia"" which owns the largest landfill in Russia, ""MAG-1"", designed for disposal and processing of municipal solid waste (MSW), bulky and construction waste put into operation in 2012. Owner of «AMFG FZE» U.A.E., chairman at MAG Group International (Dubai, UAE), 2012–2016. CEO of SK «Agzho» Russia 2008–2012.",TRUE,TRUE,
FN,Shirley_Dysart,birthName,,Shirley Theresa Dysart,"Shirley Theresa Dysart CM (née Britt, February 22, 1928 – December 14, 2016) was an American-born Canadian teacher and a politician in the province of New Brunswick. She attained a number of ""firsts"" in New Brunswick politics. She was the first female Liberal in serve in the Legislative Assembly of New Brunswick, the first woman to serve as the leader of a party in the provincial Legislature (1985), the first woman to be Minister of Education (1987–1991) and first woman to be Speaker (1991–1995).",TRUE,TRUE,
FN,Slavko_Perovi%C4%87,birthName,,Slavko Perović,"Slavko Perović (Montenegrin Cyrillic: Славко Перовић; born 2 August 1954) is a Montenegrin politician. He is best known as a co-founder and former leader of Liberal Alliance of Montenegro (LSCG), former party that was fighting for independence of Montenegro and promoting liberalism in Montenegro throughout the 1990s and early 2000s.",TRUE,TRUE,
FP_new,Oleg_Zhokhov,birthYear,1986,,"Oleg Viktorovich Zhokhov is a Russian businessman, CEO of ""MAG Group Russia"" which owns the largest landfill in Russia, ""MAG-1"", designed for disposal and processing of municipal solid waste (MSW), bulky and construction waste put into operation in 2012. Owner of «AMFG FZE» U.A.E., chairman at MAG Group International (Dubai, UAE), 2012–2016. CEO of SK «Agzho» Russia 2008–2012.",FALSE,FALSE,FH
FP_new,Oleg_Zhokhov,birthYear,1931,,"Oleg Viktorovich Zhokhov is a Russian businessman, CEO of ""MAG Group Russia"" which owns the largest landfill in Russia, ""MAG-1"", designed for disposal and processing of municipal solid waste (MSW), bulky and construction waste put into operation in 2012. Owner of «AMFG FZE» U.A.E., chairman at MAG Group International (Dubai, UAE), 2012–2016. CEO of SK «Agzho» Russia 2008–2012.",FALSE,FALSE,FH
FP_new,Oleg_Zhokhov,birthYear,1944,,"Oleg Viktorovich Zhokhov is a Russian businessman, CEO of ""MAG Group Russia"" which owns the largest landfill in Russia, ""MAG-1"", designed for disposal and processing of municipal solid waste (MSW), bulky and construction waste put into operation in 2012. Owner of «AMFG FZE» U.A.E., chairman at MAG Group International (Dubai, UAE), 2012–2016. CEO of SK «Agzho» Russia 2008–2012.",FALSE,FALSE,FH
FP_new,Oleg_Zhokhov,birthYear,1953,,"Oleg Viktorovich Zhokhov is a Russian businessman, CEO of ""MAG Group Russia"" which owns the largest landfill in Russia, ""MAG-1"", designed for disposal and processing of municipal solid waste (MSW), bulky and construction waste put into operation in 2012. Owner of «AMFG FZE» U.A.E., chairman at MAG Group International (Dubai, UAE), 2012–2016. CEO of SK «Agzho» Russia 2008–2012.",FALSE,FALSE,FH
FP_new,Oleg_Zhokhov,birthYear,1961,,"Oleg Viktorovich Zhokhov is a Russian businessman, CEO of ""MAG Group Russia"" which owns the largest landfill in Russia, ""MAG-1"", designed for disposal and processing of municipal solid waste (MSW), bulky and construction waste put into operation in 2012. Owner of «AMFG FZE» U.A.E., chairman at MAG Group International (Dubai, UAE), 2012–2016. CEO of SK «Agzho» Russia 2008–2012.",FALSE,FALSE,FH
FP_new,Ollie_Price,label,Ollie Price,,"Oliver Joseph Price (born 12 June 2001) is an English cricketer. He is the younger brother of fellow cricketer Tom Price. He was educated at Magdalen College School in Oxford before attending Durham University. He made his debut aged 17 for Oxfordshire in the minor counties competition. He made his first-class debut on 5 July 2021, for Gloucestershire in the 2021 County Championship. He made his List A debut on 12 August 2021, for Gloucestershire in the 2021 Royal London One-Day Cup. He made his Twenty20 debut on 29 May 2022, for Gloucestershire against the Sri Lanka Cricket Development XI during their tour of England.",TRUE,TRUE,
FP_new,Orn-anong_Panyawong,label,Orn-anong,,"Orn-anong (Thai: อรอนงค์ จิตรสุททร), nicknamed Orn (Thai: อร) (born December 27, 1972 in Chiang Mai, Thailand) is Miss Thailand 1992. She competed in Miss Universe 1992 pageant competition held in Thailand.",TRUE,FALSE,ICE
FP_new,Oumar_Ballo_%28football%29,label,Oumar Ballo,,Oumar Ballo (born 2 April 1991) is a Malian footballer.,TRUE,FALSE,ICE
FN,Stephen_Edward_Smith,birthName,,Stephen Edward Smith,"Stephen Edward Smith (September 24, 1927 – August 19, 1990) was the husband of Jean Ann Kennedy. He was a financial analyst and political strategist in the 1960 United States presidential campaign of his brother-in-law John F. Kennedy.",TRUE,TRUE,
FP_new,Park_Na-rae,birthName,Park Na-rae,,"Park Na-rae (Korean: 박나래; born on October 25, 1985) is a South Korean comedian, signed to JDB Entertainment.",TRUE,TRUE,
FP_new,Pat_Mountain_%28politician%29,label,Pat Mountain,,Patricia Ann Mountain is a British politician who served as the Interim Leader of the UK Independence Party (UKIP) from 2019 to 2020. Mountain also served as the Deputy Leader of UKIP from July to September 2020.,TRUE,FALSE,ICE
FP_new,Pat_Mountain_%28politician%29,birthYear,1929,,Patricia Ann Mountain is a British politician who served as the Interim Leader of the UK Independence Party (UKIP) from 2019 to 2020. Mountain also served as the Deputy Leader of UKIP from July to September 2020.,FALSE,FALSE,FH
FP_new,Pat_Mountain_%28politician%29,label,Patricia Ann Mountain,,Patricia Ann Mountain is a British politician who served as the Interim Leader of the UK Independence Party (UKIP) from 2019 to 2020. Mountain also served as the Deputy Leader of UKIP from July to September 2020.,TRUE,FALSE,WV
FN,Stewart_Cockburn,birthName,,Alexander Stewart Cockburn,"Alexander Stewart Cockburn AM (16 October 1921 – 6 July 2009) was an Australian journalist, commentator and author from Adelaide, South Australia.",TRUE,TRUE,
FP_new,Patricia_Poleo,birthYear,2006,,"Patricia Poleo (born in Caracas) is a Venezuelan journalist and the winner of the King of Spain Journalism Award for her investigation into the whereabouts of Peruvian dictator Alberto Fujimori's right-hand man, Vladimiro Montesinos. She is the daughter of the journalist Rafael Poleo, wife of the former student leader Nixon Moreno, a political scientist graduated from the University of the Andes, and former director of her father's newspaper, El Nuevo País. She is known for her work and opposition to the current government in Venezuela.",FALSE,FALSE,FH
FP_new,Patricia_Poleo,birthYear,2017,,"Patricia Poleo (born in Caracas) is a Venezuelan journalist and the winner of the King of Spain Journalism Award for her investigation into the whereabouts of Peruvian dictator Alberto Fujimori's right-hand man, Vladimiro Montesinos. She is the daughter of the journalist Rafael Poleo, wife of the former student leader Nixon Moreno, a political scientist graduated from the University of the Andes, and former director of her father's newspaper, El Nuevo País. She is known for her work and opposition to the current government in Venezuela.",FALSE,FALSE,FH
FN,Syed_Aman_Bachchan,alias,,Bachchan,"Syed Amanullah known by his professional name Syed Aman Bachchan or Bachchan is an Indian film producer in the Kannada film industry. Edegarike, a film produced by him and directed by Sumana Kittur, was the only Indian film selected for screening in Mumbai Women's International Film Festival, 2013.",TRUE,TRUE,
FP_new,Patricia_Poleo,birthYear,1985,,"Patricia Poleo (born in Caracas) is a Venezuelan journalist and the winner of the King of Spain Journalism Award for her investigation into the whereabouts of Peruvian dictator Alberto Fujimori's right-hand man, Vladimiro Montesinos. She is the daughter of the journalist Rafael Poleo, wife of the former student leader Nixon Moreno, a political scientist graduated from the University of the Andes, and former director of her father's newspaper, El Nuevo País. She is known for her work and opposition to the current government in Venezuela.",FALSE,FALSE,FH
FP_new,Patricia_Poleo,birthDate,1957-07-01,,"Patricia Poleo (born in Caracas) is a Venezuelan journalist and the winner of the King of Spain Journalism Award for her investigation into the whereabouts of Peruvian dictator Alberto Fujimori's right-hand man, Vladimiro Montesinos. She is the daughter of the journalist Rafael Poleo, wife of the former student leader Nixon Moreno, a political scientist graduated from the University of the Andes, and former director of her father's newspaper, El Nuevo País. She is known for her work and opposition to the current government in Venezuela.",FALSE,FALSE,FH
FP_new,Patricia_Poleo,birthYear,1957,,"Patricia Poleo (born in Caracas) is a Venezuelan journalist and the winner of the King of Spain Journalism Award for her investigation into the whereabouts of Peruvian dictator Alberto Fujimori's right-hand man, Vladimiro Montesinos. She is the daughter of the journalist Rafael Poleo, wife of the former student leader Nixon Moreno, a political scientist graduated from the University of the Andes, and former director of her father's newspaper, El Nuevo País. She is known for her work and opposition to the current government in Venezuela.",FALSE,FALSE,FH
FP_new,Patricia_Poleo,birthYear,1927,,"Patricia Poleo (born in Caracas) is a Venezuelan journalist and the winner of the King of Spain Journalism Award for her investigation into the whereabouts of Peruvian dictator Alberto Fujimori's right-hand man, Vladimiro Montesinos. She is the daughter of the journalist Rafael Poleo, wife of the former student leader Nixon Moreno, a political scientist graduated from the University of the Andes, and former director of her father's newspaper, El Nuevo País. She is known for her work and opposition to the current government in Venezuela.",FALSE,FALSE,FH
FP_new,Patricia_Poleo,birthYear,1935,,"Patricia Poleo (born in Caracas) is a Venezuelan journalist and the winner of the King of Spain Journalism Award for her investigation into the whereabouts of Peruvian dictator Alberto Fujimori's right-hand man, Vladimiro Montesinos. She is the daughter of the journalist Rafael Poleo, wife of the former student leader Nixon Moreno, a political scientist graduated from the University of the Andes, and former director of her father's newspaper, El Nuevo País. She is known for her work and opposition to the current government in Venezuela.",FALSE,FALSE,FH
FP_new,Patricia_Poleo,birthYear,1961,,"Patricia Poleo (born in Caracas) is a Venezuelan journalist and the winner of the King of Spain Journalism Award for her investigation into the whereabouts of Peruvian dictator Alberto Fujimori's right-hand man, Vladimiro Montesinos. She is the daughter of the journalist Rafael Poleo, wife of the former student leader Nixon Moreno, a political scientist graduated from the University of the Andes, and former director of her father's newspaper, El Nuevo País. She is known for her work and opposition to the current government in Venezuela.",FALSE,FALSE,FH
FP_new,Paul_Germain,label,Paul Lazarus Germain,,"Paul Lazarus Germain (born June 6, 1959) is an American writer, director, and producer. Among the shows Germain has written, produced or directed are Rugrats, Recess, ""The Big Splash"" from Even Stevens, Lloyd in Space, and The Tracey Ullman Show. Germain (along with Arlene Klasky and Gábor Csupó) was one of the creators of the award-winning animated series Rugrats for Nickelodeon, and he was a primary creative force for the series. He left the show on its third season to team up with his Rugrats colleague Joe Ansolabehere, to create Disney's Recess and Lloyd in Space. Germain and Ansolabehere formed the television production company Paul & Joe Productions. They also worked on Pound Puppies for Discovery Family and Disney Junior's Goldie & Bear.",TRUE,FALSE,WV
FP_new,Paul_Germain,label,Paul Germain,,"Paul Lazarus Germain (born June 6, 1959) is an American writer, director, and producer. Among the shows Germain has written, produced or directed are Rugrats, Recess, ""The Big Splash"" from Even Stevens, Lloyd in Space, and The Tracey Ullman Show. Germain (along with Arlene Klasky and Gábor Csupó) was one of the creators of the award-winning animated series Rugrats for Nickelodeon, and he was a primary creative force for the series. He left the show on its third season to team up with his Rugrats colleague Joe Ansolabehere, to create Disney's Recess and Lloyd in Space. Germain and Ansolabehere formed the television production company Paul & Joe Productions. They also worked on Pound Puppies for Discovery Family and Disney Junior's Goldie & Bear.",TRUE,TRUE,
FP_new,Paul_McDowell_%28actor%29,label,Paul William McDowell,,Paul William McDowell (15 August 1931 – 2 May 2016) was an English actor and writer who appeared in numerous television productions over a 40-year period.,TRUE,FALSE,WV
FP_new,Paul_McDowell_%28actor%29,deathDate,2016-05-02,,Paul William McDowell (15 August 1931 – 2 May 2016) was an English actor and writer who appeared in numerous television productions over a 40-year period.,TRUE,TRUE,
FP_new,Paul_McDowell_%28actor%29,label,Paul McDowell,,Paul William McDowell (15 August 1931 – 2 May 2016) was an English actor and writer who appeared in numerous television productions over a 40-year period.,TRUE,FALSE,ICE
FP_new,Peter_Jankowski,label,Peter F.Jankowski,,"Peter F. Jankowski (born January 8, 1964) is an American television, film producer and film developer. He is President and Chief Operating Officer of Dick Wolf's Wolf Entertainment, headquartered in Universal City, California. His work across both film and television have earned him an Academy Award, a Grammy Award, and a nomination for an Emmy Award. Jankowski has produced over 1900 episodes of television.",FALSE,FALSE,WV
FP_new,Peter_Jankowski,label,Peter Jankowski,,"Peter F. Jankowski (born January 8, 1964) is an American television, film producer and film developer. He is President and Chief Operating Officer of Dick Wolf's Wolf Entertainment, headquartered in Universal City, California. His work across both film and television have earned him an Academy Award, a Grammy Award, and a nomination for an Emmy Award. Jankowski has produced over 1900 episodes of television.",TRUE,TRUE,
FP_new,Petra_Lewis,birthYear,1931,,Petra Lewis is a Professor of Radiology and Obstetrics at Dartmouth College. She is a leader in radiology education.,FALSE,FALSE,FH
FP_new,Petra_Lewis,birthYear,1987,,Petra Lewis is a Professor of Radiology and Obstetrics at Dartmouth College. She is a leader in radiology education.,FALSE,FALSE,FH
FN,Syed_Aman_Bachchan,birthName,,Syed Amanullah,"Syed Amanullah known by his professional name Syed Aman Bachchan or Bachchan is an Indian film producer in the Kannada film industry. Edegarike, a film produced by him and directed by Sumana Kittur, was the only Indian film selected for screening in Mumbai Women's International Film Festival, 2013.",TRUE,TRUE,
FP_new,Petra_Lewis,birthYear,1946,,Petra Lewis is a Professor of Radiology and Obstetrics at Dartmouth College. She is a leader in radiology education.,FALSE,FALSE,FH
FP_new,Petra_Lewis,birthYear,1901,,Petra Lewis is a Professor of Radiology and Obstetrics at Dartmouth College. She is a leader in radiology education.,FALSE,FALSE,FH
FP_new,Petra_Lewis,birthYear,1925,,Petra Lewis is a Professor of Radiology and Obstetrics at Dartmouth College. She is a leader in radiology education.,FALSE,FALSE,FH
FP_new,Petra_Lewis,birthYear,1944,,Petra Lewis is a Professor of Radiology and Obstetrics at Dartmouth College. She is a leader in radiology education.,FALSE,FALSE,FH
FN,Terrance_Hanold,deathYear,,1996,"Terrance Hanold (1912–1996) was an American attorney, food industry executive, and President of the Pillsbury Company. Hanold was an orphan from the age of four after his parents died in an unknown fire. He was then adopted and moved to a farm family in Illinois where descendants still live to this day as cattle farmers. Hanold was a graduate of the University of Minnesota, the University of Minnesota Law School, and married to Ruth E. Hanold. Upon becoming Pillsbury President in 1967, Hanold diversified the management structure of the company. He travelled the United States to tend to the large Pillsbury operation. He also practiced law in Minnesota and left his papers to the University of Minnesota archives.",TRUE,TRUE,
FP_new,Petra_Lewis,birthYear,1935,,Petra Lewis is a Professor of Radiology and Obstetrics at Dartmouth College. She is a leader in radiology education.,FALSE,FALSE,FH
FP_new,Petra_Lewis,birthYear,1955,,Petra Lewis is a Professor of Radiology and Obstetrics at Dartmouth College. She is a leader in radiology education.,FALSE,FALSE,FH
FP_new,Petra_Lewis,birthYear,1961,,Petra Lewis is a Professor of Radiology and Obstetrics at Dartmouth College. She is a leader in radiology education.,FALSE,FALSE,FH
FN,Terry_Ward,deathYear,,1963,"Terence ""Terry"" Ward (10 December 1939 – 1963) was an English footballer who played in the Football League for Stoke City along with his brother Derrick.",TRUE,TRUE,
FP_new,Phil_Taylor_%28American_football%29,label,Phil Eugene Taylor Sr.,,"Phillip Eugene Taylor Sr. (born April 7, 1988) is a former American football nose tackle. He was drafted in the first round of the 2011 NFL Draft by the Cleveland Browns. He played college football at Penn State and Baylor.",TRUE,FALSE,WV
FP_new,Phil_Taylor_%28American_football%29,label,Phil Taylor Sr.,,"Phillip Eugene Taylor Sr. (born April 7, 1988) is a former American football nose tackle. He was drafted in the first round of the 2011 NFL Draft by the Cleveland Browns. He played college football at Penn State and Baylor.",TRUE,FALSE,WV
FP_new,Phil_Taylor_%28American_football%29,label,Phil Taylor,,"Phillip Eugene Taylor Sr. (born April 7, 1988) is a former American football nose tackle. He was drafted in the first round of the 2011 NFL Draft by the Cleveland Browns. He played college football at Penn State and Baylor.",TRUE,FALSE,ICE
FN,The_Brothers_Chaps,alias,,The Brothers Chaps,"Matthew ""Matt"" Alan Chapman (born November 1, 1976) and Michael ""Mike"" Raymond Chapman (born September 20, 1973), known collectively as The Brothers Chaps, are American writers, voice actors, directors, animators, producers and composers. They are best known as the creators of the animated series Homestar Runner.",TRUE,TRUE,
FP_new,Pia_Kj%C3%A6rsgaard,label,Pia Merete Kjærsgaard,,"Pia Merete Kjærsgaard (Danish pronunciation: [ˈpʰiːæ ˈkʰeˀɐ̯sˌkɒˀ]; born 23 February 1947) is a Danish politician who was Speaker of the Danish Parliament from 2015 to 2019, and former leader of the Danish People's Party. On 7 August 2012, Kjærsgaard announced her resignation from the leader position of the Danish People's Party. She appointed Kristian Thulesen Dahl as her successor, and he took office on 12 September 2012, promising to maintain the course laid out by Kjærsgaard.",TRUE,FALSE,WV
FP_new,Pia_Kj%C3%A6rsgaard,label,Pia Kjærsgaard,,"Pia Merete Kjærsgaard (Danish pronunciation: [ˈpʰiːæ ˈkʰeˀɐ̯sˌkɒˀ]; born 23 February 1947) is a Danish politician who was Speaker of the Danish Parliament from 2015 to 2019, and former leader of the Danish People's Party. On 7 August 2012, Kjærsgaard announced her resignation from the leader position of the Danish People's Party. She appointed Kristian Thulesen Dahl as her successor, and he took office on 12 September 2012, promising to maintain the course laid out by Kjærsgaard.",TRUE,TRUE,
FP_new,Pico%C4%9Flu_Osman,birthDate,1901-01-01,,"Picoğlu Osman (Turkish: [piˈdʒoːɫu ˈosman], 1901 – 31 May 1946) was a Turkish kemençe player from the Eastern Black Sea Region in Turkey. He was also a famous composer and he is thought to be one of the best kemençe players.",FALSE,FALSE,AC
FP_new,PJ_Bianco,alias,Patrick James Bianco,,"Patrick James Bianco (born February 26, 1981), better known as PJ Bianco, is an American songwriter, record producer and artist developer from New Jersey. PJ is known for his early days development of The Jonas Brothers as the songwriter/producer behind their debut album & top 40 hit ""When You Look Me In The Eyes"" and most recently as a major collaborator of American band, A R I Z O N A. His recent notable songwriting/production credits include Avicii's ""Hold The Line"", A R I Z O N A's ""Oceans Away"", Axwell's ""Nobody Else"" and LP's ""Into The Wild"".",TRUE,FALSE,WV
FP_new,PJ_Bianco,alias,PJ Bianco,,"Patrick James Bianco (born February 26, 1981), better known as PJ Bianco, is an American songwriter, record producer and artist developer from New Jersey. PJ is known for his early days development of The Jonas Brothers as the songwriter/producer behind their debut album & top 40 hit ""When You Look Me In The Eyes"" and most recently as a major collaborator of American band, A R I Z O N A. His recent notable songwriting/production credits include Avicii's ""Hold The Line"", A R I Z O N A's ""Oceans Away"", Axwell's ""Nobody Else"" and LP's ""Into The Wild"".",TRUE,TRUE,
FP_new,Princess_Xihai,birthYear,434,,"Princess Xihai (Chinese: 西海公主) (fl. 434) was a consort of the Qilian Khan of the Rouran Khaganate. She was born into the imperial clan of the Northern Wei, and was a cousin or sister of the Emperor Taiwu.",TRUE,FALSE,WV
FP_new,Randy_Boissonnault,label,Randy Boissonnault,,"Randy Paul Andrew Boissonnault PC MP (born July 14, 1970) is a Canadian politician who has served as Minister of Tourism and Associate Minister of Finance since October 26, 2021. A member of the Liberal Party, he represents the riding of Edmonton Centre in the House of Commons. Boissonnault was initially elected as the Member of Parliament (MP) in the 2015 federal election and served until his defeat in 2019. He later went on to win back his seat in the 2021 federal election. He was one of five openly gay MPs elected in 2015 and the first to be elected from Alberta.",TRUE,TRUE,
FP_new,Rapeepan_Pulsawat,birthYear,1935,,Rapeepan Pulsawat(Thai ระพีพันธุ์ พูลสวัสดิ์ ) is a Thai footballer. He plays for Thai League 4 clubside Nonthaburi.,FALSE,FALSE,FH
FP_new,Rapeepan_Pulsawat,birthYear,1936,,Rapeepan Pulsawat(Thai ระพีพันธุ์ พูลสวัสดิ์ ) is a Thai footballer. He plays for Thai League 4 clubside Nonthaburi.,FALSE,FALSE,FH
FP_new,Rapeepan_Pulsawat,birthYear,19ai,,Rapeepan Pulsawat(Thai ระพีพันธุ์ พูลสวัสดิ์ ) is a Thai footballer. He plays for Thai League 4 clubside Nonthaburi.,FALSE,FALSE,FH
FN,Todd_Pillion,birthName,,Todd Edward Pillion,"Todd Edward Pillion (born November 1, 1973) is an American dentist, business owner, and politician from the Commonwealth of Virginia. A member of the Republican Party, Pillion represents the 40th district in the Virginia Senate in Southwest Virginia. He previously represented the 4th district in the Virginia House of Delegates. Pillion is from Abingdon, Virginia.",TRUE,TRUE,
FP_new,Rapeepan_Pulsawat,birthYear,1901,,Rapeepan Pulsawat(Thai ระพีพันธุ์ พูลสวัสดิ์ ) is a Thai footballer. He plays for Thai League 4 clubside Nonthaburi.,FALSE,FALSE,FH
FP_new,Rapeepan_Pulsawat,birthYear,1953,,Rapeepan Pulsawat(Thai ระพีพันธุ์ พูลสวัสดิ์ ) is a Thai footballer. He plays for Thai League 4 clubside Nonthaburi.,FALSE,FALSE,FH
FP_new,Rapeepan_Pulsawat,birthYear,1961,,Rapeepan Pulsawat(Thai ระพีพันธุ์ พูลสวัสดิ์ ) is a Thai footballer. He plays for Thai League 4 clubside Nonthaburi.,FALSE,FALSE,FH
FP_new,Ray_Brown_%28wrestler%29,label,Ray Brown,,Ray Brown (born 16 February 1943) is an Australian wrestler. He competed in the men's freestyle featherweight at the 1964 Summer Olympics.,TRUE,FALSE,ICE
FN,Todor_Aleksiev,birthDate,,1983-04-21,"Todor Aleksiev (Bulgarian: Тодор Алексиев; born 21 April 1983) is a Bulgarian volleyball player who wears the No. 15 shirt in the national team which he has driven to major success in a number of competitions. Aleksiev won bronze medals with the national team in the 2006 FIVB Volleyball Men's World Championship, 2007 FIVB Men's World Cup and 2009 Men's European Volleyball Championship. He won the ""Best Scorer"" and the ""Best Receiver"" award at the 2012 FIVB World League. At club level, he plays in Bulgarian Volleyball League for.",TRUE,TRUE,
FN,Tomasz_Ganicz,birthName,,Tomasz Ganicz,"Tomasz Ganicz, ps. Polimerek (born 27 August 1966 in Łódź), is a Polish chemist, doctor habilitas of chemical sciences and professor extraordinarius at the Military University of Technology in Warsaw. He was the president of Wikimedia Polska (2007–2018).",TRUE,TRUE,
FP_new,Raymond_J%2E_Saulnier,label,Raymond Joseph Saulnier,,"Raymond Joseph Saulnier (September 20, 1908 – April 30, 2009) was an American economist who served as the chairman of the Council of Economic Advisers from 1956 to 1961 under President Dwight D. Eisenhower.",TRUE,FALSE,WV
FP_new,Reginald_Bainbrigge,birthYear,1529,,"Reginald Bainbrigge, D.D. was an academic in the sixteenth century. Bainbrigge was born in Middleton, and educated at St Catharine's College, Cambridge, graduating BA in 1508, M.A in 1510 and B.D in 1526. He held Livings at Downham, Stambourne, Brightlingsea, Steeple Bumpstead and Great Oakley. He was Fellow then Master of St Catharine's, holding office from 1529 until 1547. He died in 1555.",TRUE,FALSE,WV
FP_new,Reginald_Bainbrigge,deathYear,1555,,"Reginald Bainbrigge, D.D. was an academic in the sixteenth century. Bainbrigge was born in Middleton, and educated at St Catharine's College, Cambridge, graduating BA in 1508, M.A in 1510 and B.D in 1526. He held Livings at Downham, Stambourne, Brightlingsea, Steeple Bumpstead and Great Oakley. He was Fellow then Master of St Catharine's, holding office from 1529 until 1547. He died in 1555.",TRUE,TRUE,
FP_new,Reginald_Bainbrigge,birthYear,1586,,"Reginald Bainbrigge, D.D. was an academic in the sixteenth century. Bainbrigge was born in Middleton, and educated at St Catharine's College, Cambridge, graduating BA in 1508, M.A in 1510 and B.D in 1526. He held Livings at Downham, Stambourne, Brightlingsea, Steeple Bumpstead and Great Oakley. He was Fellow then Master of St Catharine's, holding office from 1529 until 1547. He died in 1555.",FALSE,FALSE,FH
FP_new,Reginald_Bainbrigge,birthYear,1508,,"Reginald Bainbrigge, D.D. was an academic in the sixteenth century. Bainbrigge was born in Middleton, and educated at St Catharine's College, Cambridge, graduating BA in 1508, M.A in 1510 and B.D in 1526. He held Livings at Downham, Stambourne, Brightlingsea, Steeple Bumpstead and Great Oakley. He was Fellow then Master of St Catharine's, holding office from 1529 until 1547. He died in 1555.",TRUE,FALSE,WV
FP_new,Reginald_Bainbrigge,birthYear,1535,,"Reginald Bainbrigge, D.D. was an academic in the sixteenth century. Bainbrigge was born in Middleton, and educated at St Catharine's College, Cambridge, graduating BA in 1508, M.A in 1510 and B.D in 1526. He held Livings at Downham, Stambourne, Brightlingsea, Steeple Bumpstead and Great Oakley. He was Fellow then Master of St Catharine's, holding office from 1529 until 1547. He died in 1555.",FALSE,FALSE,FH
FP_different,Ren%C3%A9_Hiddink,label,Renene Hiddink,Rene Hiddink,"Rene Hiddink (born 19 June 1955 in Heerenveen) is a Dutch retired footballer who now works as assistant coach of the Maldives national football team. Besides the Netherlands, he has managed in Rwanda, Madagascar, and the Maldives.",TRUE,FALSE,SG
FP_different,Ren%C3%A9_Hiddink,label,Ren Hiddink,Rene Hiddink,"Rene Hiddink (born 19 June 1955 in Heerenveen) is a Dutch retired footballer who now works as assistant coach of the Maldives national football team. Besides the Netherlands, he has managed in Rwanda, Madagascar, and the Maldives.",TRUE,FALSE,MCE
FP_new,Richard_Gingras,birthYear,1979,,"Richard Gingras is an American Internet executive and entrepreneur who has focused on emerging digital media since 1979, including efforts at Google, Apple Computer, Salon Media Group and the Public Broadcasting Service. He has been an outspoken proponent for journalistic innovation on the Internet.",TRUE,FALSE,WV
FP_new,Richard_Watson_%28cricketer%29,label,Richard Martin Watson,,"Richard Martin Watson (31 December 1921 – 1 October 1987) was an English cricketer who played first-class cricket for Derbyshire in 1947. Watson was born at Bakewell, Derbyshire. He was educated at Denstone College where he was in the cricket team from 1936 to 1939. He made his debut for Derbyshire in the 1947 season against Worcestershire in May when he was not out for 12 and took two catches. He played five more first-class games that season and also played in the Derbyshire second XI in 1947 and 1948. His best score of 25 not out was against the South Africans.",TRUE,FALSE,WV
FP_new,Richard_Watson_%28cricketer%29,label,Richard Watson,,"Richard Martin Watson (31 December 1921 – 1 October 1987) was an English cricketer who played first-class cricket for Derbyshire in 1947. Watson was born at Bakewell, Derbyshire. He was educated at Denstone College where he was in the cricket team from 1936 to 1939. He made his debut for Derbyshire in the 1947 season against Worcestershire in May when he was not out for 12 and took two catches. He played five more first-class games that season and also played in the Derbyshire second XI in 1947 and 1948. His best score of 25 not out was against the South Africans.",TRUE,FALSE,ICE
FP_new,Richie_Berrington,label,Richie Douglas Berrington,,"Richard Douglas Berrington (born 3 April 1987) is a Scottish cricketer. He played for Scotland in the 2006 Under-19 Cricket World Cup in Sri Lanka, and has since played first-class, One Day International, and List A cricket for Scotland. In June 2022, Berrington was named as the captain of the national team, after Kyle Coetzer stepped down from leading the side.",TRUE,FALSE,WV
FP_new,Richie_Berrington,label,Richie Berrington,,"Richard Douglas Berrington (born 3 April 1987) is a Scottish cricketer. He played for Scotland in the 2006 Under-19 Cricket World Cup in Sri Lanka, and has since played first-class, One Day International, and List A cricket for Scotland. In June 2022, Berrington was named as the captain of the national team, after Kyle Coetzer stepped down from leading the side.",TRUE,TRUE,
FP_new,Richie_Williams_%28basketball%29,label,Richie Lawrence Williams,,Richard Lawrence Williams (born 22 Aug 1987) is an American professional basketball player who last played for the Helsinki Seagulls of the Finnish Korisliiga. He signed with the team in June 2019.,TRUE,FALSE,WV
FP_new,Richie_Williams_%28basketball%29,label,Richie Williams,,Richard Lawrence Williams (born 22 Aug 1987) is an American professional basketball player who last played for the Helsinki Seagulls of the Finnish Korisliiga. He signed with the team in June 2019.,TRUE,FALSE,ICE
FP_new,Richie_Williams_%28basketball%29,label,Richie Williams Williams,,Richard Lawrence Williams (born 22 Aug 1987) is an American professional basketball player who last played for the Helsinki Seagulls of the Finnish Korisliiga. He signed with the team in June 2019.,TRUE,FALSE,SG
FP_new,Rick_Austin_%28baseball%29,label,Rick Gerald Austin,,"Rick Gerald Austin (born October 27, 1946) is a former Major League Baseball pitcher. He pitched parts of four seasons between 1970 and 1976. Austin attended Washington State University, where he played college baseball for the Cougars in 1967 and 1968. In a game against Gonzaga University on March 22, 1968, he pitched a perfect game. He was drafted by the Cleveland Indians in the first round of the secondary phase of the 1968 Major League Baseball Draft, and began his professional career with the AA Waterbury Indians. In 1968, Austin had a 1-8 win-loss record and a 2.73 earned run average (ERA), and in 1969 he split the season between Waterbury, the Indians' rookie team, and the Portland Beavers. With Portland, he had a 5-6 record and a 3.66 ERA in 16 games. After the season, he, along wi",TRUE,FALSE,WV
FP_new,Rick_Austin_%28baseball%29,label,Rick Austin,,"Rick Gerald Austin (born October 27, 1946) is a former Major League Baseball pitcher. He pitched parts of four seasons between 1970 and 1976. Austin attended Washington State University, where he played college baseball for the Cougars in 1967 and 1968. In a game against Gonzaga University on March 22, 1968, he pitched a perfect game. He was drafted by the Cleveland Indians in the first round of the secondary phase of the 1968 Major League Baseball Draft, and began his professional career with the AA Waterbury Indians. In 1968, Austin had a 1-8 win-loss record and a 2.73 earned run average (ERA), and in 1969 he split the season between Waterbury, the Indians' rookie team, and the Portland Beavers. With Portland, he had a 5-6 record and a 3.66 ERA in 16 games. After the season, he, along wi",TRUE,FALSE,ICE
FP_new,Robert_K%2E_Scott_%28diplomat%29,label,Robert K.Scott,,"Robert K. Scott (born June 5, 1963) is an American diplomat who served as the United States Ambassador to Malawi from 2019 to 2021.",FALSE,FALSE,ICE
FN,Trey_Ratcliff,birthName,,Trey Ratcliff,"Trey Ratcliff (born July 7, 1971) is an American photographer, public speaker and writer.",TRUE,TRUE,
FP_new,Rogvolod,birthYear,920,,"Rogvolod (Russian: Рогволод, romanized: Rogvolod; Belarusian: Рагвалод, romanized: Rahvałod; c. 920 – 978) was the first chronicled prince of Polotsk (945–978). In the Russian Primary Chronicle, he is known as Рогъволодъ, probably a slavicized version of the Old Norse name Ragnvald. The name has also been connected with the Russian words рог and володеть, from which the formation of the name may have come. He was a Varangian, unrelated to Vladimir the Great, and was established at Polotsk in the mid-10th century, most likely having come from overseas (i.e., from Scandinavia or the Southern Baltic). According to the Russian Primary Chronicle, Vladimir the Great sought an alliance with him in 980 by marrying his daughter Rogneda, but she refused, insulting his parentage, and married his brot",TRUE,TRUE,
FP_new,Rogvolod,deathYear,978,,"Rogvolod (Russian: Рогволод, romanized: Rogvolod; Belarusian: Рагвалод, romanized: Rahvałod; c. 920 – 978) was the first chronicled prince of Polotsk (945–978). In the Russian Primary Chronicle, he is known as Рогъволодъ, probably a slavicized version of the Old Norse name Ragnvald. The name has also been connected with the Russian words рог and володеть, from which the formation of the name may have come. He was a Varangian, unrelated to Vladimir the Great, and was established at Polotsk in the mid-10th century, most likely having come from overseas (i.e., from Scandinavia or the Southern Baltic). According to the Russian Primary Chronicle, Vladimir the Great sought an alliance with him in 980 by marrying his daughter Rogneda, but she refused, insulting his parentage, and married his brot",TRUE,TRUE,
FP_new,Rolando_Palacios,birthName,Cruz Rolando Palacios Castillo,,"Cruz Rolando Palacios Castillo (born 3 May 1987) is a Honduran sprinter who specializes in the 100 metres and 200 metres. He was born in Sambo Creek, a traditional Garífuna village. His personal best time is 10.22 seconds, achieved in July 2008 in Toluca. He competed in the 200 m event at the 2016 Summer Olympics in Rio de Janeiro. He finished 7th in his heat with a time of 21.32 seconds and did not qualify for the semifinals. He was the flagbearer for Honduras during the Parade of Nations. He set the 60 metres Honduran national record with a time of 6.62 seconds on 26 February 2009.",TRUE,TRUE,
FP_new,Rudra_Pratap,birthYear,1943,,"Rudra Pratap is an Indian academician and the vice-chancellor of Plaksha University, Mohali. Previously, he was a professor of Mechanical Engineering at the Indian Institute of Science (IISc), Bangalore. Among other research interests, he works in the field of Microelectromechanical systems (MEMS) and used to head India's first research lab in the field of Microelectromechanical systems, the CranesSci MEMS Lab at Indian Institute of Science, Bangalore. His book on MATLAB Getting Started with MATLAB 7 is popular among the students of engineering. He is also the Chair for the Centre of Nanoscience and Engineering (CeNSE).",FALSE,FALSE,FH
FP_new,Rudra_Pratap,birthYear,1907,,"Rudra Pratap is an Indian academician and the vice-chancellor of Plaksha University, Mohali. Previously, he was a professor of Mechanical Engineering at the Indian Institute of Science (IISc), Bangalore. Among other research interests, he works in the field of Microelectromechanical systems (MEMS) and used to head India's first research lab in the field of Microelectromechanical systems, the CranesSci MEMS Lab at Indian Institute of Science, Bangalore. His book on MATLAB Getting Started with MATLAB 7 is popular among the students of engineering. He is also the Chair for the Centre of Nanoscience and Engineering (CeNSE).",FALSE,FALSE,FH
FP_new,Rudra_Pratap,birthYear,1957,,"Rudra Pratap is an Indian academician and the vice-chancellor of Plaksha University, Mohali. Previously, he was a professor of Mechanical Engineering at the Indian Institute of Science (IISc), Bangalore. Among other research interests, he works in the field of Microelectromechanical systems (MEMS) and used to head India's first research lab in the field of Microelectromechanical systems, the CranesSci MEMS Lab at Indian Institute of Science, Bangalore. His book on MATLAB Getting Started with MATLAB 7 is popular among the students of engineering. He is also the Chair for the Centre of Nanoscience and Engineering (CeNSE).",FALSE,FALSE,FH
FP_new,Rudra_Pratap,birthYear,1925,,"Rudra Pratap is an Indian academician and the vice-chancellor of Plaksha University, Mohali. Previously, he was a professor of Mechanical Engineering at the Indian Institute of Science (IISc), Bangalore. Among other research interests, he works in the field of Microelectromechanical systems (MEMS) and used to head India's first research lab in the field of Microelectromechanical systems, the CranesSci MEMS Lab at Indian Institute of Science, Bangalore. His book on MATLAB Getting Started with MATLAB 7 is popular among the students of engineering. He is also the Chair for the Centre of Nanoscience and Engineering (CeNSE).",FALSE,FALSE,FH
FP_new,Rudra_Pratap,birthYear,1949,,"Rudra Pratap is an Indian academician and the vice-chancellor of Plaksha University, Mohali. Previously, he was a professor of Mechanical Engineering at the Indian Institute of Science (IISc), Bangalore. Among other research interests, he works in the field of Microelectromechanical systems (MEMS) and used to head India's first research lab in the field of Microelectromechanical systems, the CranesSci MEMS Lab at Indian Institute of Science, Bangalore. His book on MATLAB Getting Started with MATLAB 7 is popular among the students of engineering. He is also the Chair for the Centre of Nanoscience and Engineering (CeNSE).",FALSE,FALSE,FH
FP_new,Rudra_Pratap,birthYear,1935,,"Rudra Pratap is an Indian academician and the vice-chancellor of Plaksha University, Mohali. Previously, he was a professor of Mechanical Engineering at the Indian Institute of Science (IISc), Bangalore. Among other research interests, he works in the field of Microelectromechanical systems (MEMS) and used to head India's first research lab in the field of Microelectromechanical systems, the CranesSci MEMS Lab at Indian Institute of Science, Bangalore. His book on MATLAB Getting Started with MATLAB 7 is popular among the students of engineering. He is also the Chair for the Centre of Nanoscience and Engineering (CeNSE).",FALSE,FALSE,FH
FP_new,Rudra_Pratap,birthYear,1953,,"Rudra Pratap is an Indian academician and the vice-chancellor of Plaksha University, Mohali. Previously, he was a professor of Mechanical Engineering at the Indian Institute of Science (IISc), Bangalore. Among other research interests, he works in the field of Microelectromechanical systems (MEMS) and used to head India's first research lab in the field of Microelectromechanical systems, the CranesSci MEMS Lab at Indian Institute of Science, Bangalore. His book on MATLAB Getting Started with MATLAB 7 is popular among the students of engineering. He is also the Chair for the Centre of Nanoscience and Engineering (CeNSE).",FALSE,FALSE,FH
FP_new,Rudra_Pratap,birthYear,1961,,"Rudra Pratap is an Indian academician and the vice-chancellor of Plaksha University, Mohali. Previously, he was a professor of Mechanical Engineering at the Indian Institute of Science (IISc), Bangalore. Among other research interests, he works in the field of Microelectromechanical systems (MEMS) and used to head India's first research lab in the field of Microelectromechanical systems, the CranesSci MEMS Lab at Indian Institute of Science, Bangalore. His book on MATLAB Getting Started with MATLAB 7 is popular among the students of engineering. He is also the Chair for the Centre of Nanoscience and Engineering (CeNSE).",FALSE,FALSE,FH
FP_new,Russell_Simmons,label,Russell Simmons,,"Russell Wendell Simmons (born October 4, 1957) is an American entrepreneur and record executive. He co-founded the hip-hop label Def Jam Recordings, and created the clothing fashion lines Phat Farm, Argyleculture, and Tantris. Simmons' net worth was estimated at $340 million in 2011. Simmons has been living in Bali for five years. According to Simmons, Ubud, Bali looks like ""yoga and vegan Disneyland"". Simmons has lived life as a vegetarian for nearly 20 years. Simmons promotes a plant-based diet and a yogic lifestyle.",TRUE,TRUE,
FP_new,Russell_Simmons,alias,Russell Wendell Simmons,,"Russell Wendell Simmons (born October 4, 1957) is an American entrepreneur and record executive. He co-founded the hip-hop label Def Jam Recordings, and created the clothing fashion lines Phat Farm, Argyleculture, and Tantris. Simmons' net worth was estimated at $340 million in 2011. Simmons has been living in Bali for five years. According to Simmons, Ubud, Bali looks like ""yoga and vegan Disneyland"". Simmons has lived life as a vegetarian for nearly 20 years. Simmons promotes a plant-based diet and a yogic lifestyle.",TRUE,FALSE,WV
FP_new,Russell_Simmons,label,Russell Wendell Simmons,,"Russell Wendell Simmons (born October 4, 1957) is an American entrepreneur and record executive. He co-founded the hip-hop label Def Jam Recordings, and created the clothing fashion lines Phat Farm, Argyleculture, and Tantris. Simmons' net worth was estimated at $340 million in 2011. Simmons has been living in Bali for five years. According to Simmons, Ubud, Bali looks like ""yoga and vegan Disneyland"". Simmons has lived life as a vegetarian for nearly 20 years. Simmons promotes a plant-based diet and a yogic lifestyle.",TRUE,FALSE,WV
FP_new,Ry%C5%8Dma_Baba,birthName,Ryouma Baba,,"Ryouma Baba (馬場 良馬, Baba Ryōma, born December 15, 1984 in Chiba Prefecture) is a Japanese actor who is affiliated with Toki Entertainment. He played the role of Ryuji Iwasaki (Blue Buster) in the 2012 Super Sentai TV series Tokumei Sentai Go-Busters. His blood type is B.",TRUE,TRUE,
FP_new,Ry%C5%8Dma_Baba,birthName,Ryouma Baba Ryōma,,"Ryouma Baba (馬場 良馬, Baba Ryōma, born December 15, 1984 in Chiba Prefecture) is a Japanese actor who is affiliated with Toki Entertainment. He played the role of Ryuji Iwasaki (Blue Buster) in the 2012 Super Sentai TV series Tokumei Sentai Go-Busters. His blood type is B.",FALSE,FALSE,MCE
FP_different,Ry%C5%8Dma_Baba,label,Ryyouma Baba,Ryōma Baba,"Ryouma Baba (馬場 良馬, Baba Ryōma, born December 15, 1984 in Chiba Prefecture) is a Japanese actor who is affiliated with Toki Entertainment. He played the role of Ryuji Iwasaki (Blue Buster) in the 2012 Super Sentai TV series Tokumei Sentai Go-Busters. His blood type is B.",TRUE,FALSE,SG
FP_new,S%2E_James_Otero,label,S.James Otero,,"Samuel James Otero (born December 30, 1951) is a former United States District Judge of the United States District Court for the Central District of California.",TRUE,TRUE,
FN,Udaya_Soundari,birthName,,Udaya Soundari,"Udaya Soundari (born 28 April 1991), is a Singaporean Indian actress and television presenter. She has appeared in films such as Parandhu Sella Vaa (2016) and A Yellow Bird (2016). She is also the first person in Singapore to win three awards in one year at the Pradhana Vizha festival.",TRUE,TRUE,
FP_new,S%2E_James_Otero,label,S%2E James Otero,,"Samuel James Otero (born December 30, 1951) is a former United States District Judge of the United States District Court for the Central District of California.",TRUE,FALSE,TMI
FP_new,S%2E_James_Otero,label,S Samuel James Otero,,"Samuel James Otero (born December 30, 1951) is a former United States District Judge of the United States District Court for the Central District of California.",TRUE,FALSE,SG
FP_new,S%2E_James_Otero,label,S%2E_James Otero,,"Samuel James Otero (born December 30, 1951) is a former United States District Judge of the United States District Court for the Central District of California.",TRUE,FALSE,TMI
FP_new,S%2E_Thandayuthapani,label,S.Singaravelu Thandayuthapani,,"Singaravelu Thandayuthapani (Tamil: சிங்காரவேலு தண்டாயுதபாணி; born 7 August 1950) is a Sri Lankan Tamil teacher, civil servant, politician and provincial minister.",TRUE,FALSE,MCE
FP_new,S%2E_Thandayuthapani,label,S.Thanayuthapani,,"Singaravelu Thandayuthapani (Tamil: சிங்காரவேலு தண்டாயுதபாணி; born 7 August 1950) is a Sri Lankan Tamil teacher, civil servant, politician and provincial minister.",FALSE,TRUE,
FP_new,S%2E_Thandayuthapani,label,Saravelu Thandayuthapani,,"Singaravelu Thandayuthapani (Tamil: சிங்காரவேலு தண்டாயுதபாணி; born 7 August 1950) is a Sri Lankan Tamil teacher, civil servant, politician and provincial minister.",TRUE,FALSE,AC
FP_new,S%2E_Thandayuthapani,label,S%2E Thandayuthapani,,"Singaravelu Thandayuthapani (Tamil: சிங்காரவேலு தண்டாயுதபாணி; born 7 August 1950) is a Sri Lankan Tamil teacher, civil servant, politician and provincial minister.",TRUE,FALSE,TMI
FP_new,S%2E_Thandayuthapani,label,Sandayuthapani,,"Singaravelu Thandayuthapani (Tamil: சிங்காரவேலு தண்டாயுதபாணி; born 7 August 1950) is a Sri Lankan Tamil teacher, civil servant, politician and provincial minister.",FALSE,FALSE,FH
FP_new,S%2E_Thandayuthapani,label,S Singaravelu Thandayuthapani,,"Singaravelu Thandayuthapani (Tamil: சிங்காரவேலு தண்டாயுதபாணி; born 7 August 1950) is a Sri Lankan Tamil teacher, civil servant, politician and provincial minister.",TRUE,FALSE,MCE
FP_new,S%2E_Thandayuthapani,label,S%2E_Thandayuthapani,,"Singaravelu Thandayuthapani (Tamil: சிங்காரவேலு தண்டாயுதபாணி; born 7 August 1950) is a Sri Lankan Tamil teacher, civil servant, politician and provincial minister.",FALSE,FALSE,TMI
FP_new,Saint_Ursula,birthDate,1938-10-21,,"Saint Ursula (Latin for 'little female bear', German: Heilige Ursula) is a legendary Romano-British Christian saint who died on 21 October 383. Her feast day in the pre-1970 General Roman Calendar is 21 October. There is little information about her and the anonymous group of holy virgins who accompanied and, on an uncertain date, were killed along with her at Cologne. They remain in the Roman Martyrology, although their commemoration does not appear in the simplified Calendarium Romanum Generale (General Roman Calendar) of the 1970 Missale Romanum.",FALSE,FALSE,FH
FP_new,Saint_Ursula,birthYear,1938,,"Saint Ursula (Latin for 'little female bear', German: Heilige Ursula) is a legendary Romano-British Christian saint who died on 21 October 383. Her feast day in the pre-1970 General Roman Calendar is 21 October. There is little information about her and the anonymous group of holy virgins who accompanied and, on an uncertain date, were killed along with her at Cologne. They remain in the Roman Martyrology, although their commemoration does not appear in the simplified Calendarium Romanum Generale (General Roman Calendar) of the 1970 Missale Romanum.",FALSE,FALSE,FH
FP_new,Saint_Ursula,birthDate,19 383-10-21,,"Saint Ursula (Latin for 'little female bear', German: Heilige Ursula) is a legendary Romano-British Christian saint who died on 21 October 383. Her feast day in the pre-1970 General Roman Calendar is 21 October. There is little information about her and the anonymous group of holy virgins who accompanied and, on an uncertain date, were killed along with her at Cologne. They remain in the Roman Martyrology, although their commemoration does not appear in the simplified Calendarium Romanum Generale (General Roman Calendar) of the 1970 Missale Romanum.",FALSE,FALSE,FH
FP_new,Saint_Ursula,birthYear,19 383,,"Saint Ursula (Latin for 'little female bear', German: Heilige Ursula) is a legendary Romano-British Christian saint who died on 21 October 383. Her feast day in the pre-1970 General Roman Calendar is 21 October. There is little information about her and the anonymous group of holy virgins who accompanied and, on an uncertain date, were killed along with her at Cologne. They remain in the Roman Martyrology, although their commemoration does not appear in the simplified Calendarium Romanum Generale (General Roman Calendar) of the 1970 Missale Romanum.",FALSE,FALSE,FH
FP_new,Saint_Ursula,birthDate,0383-10-21,,"Saint Ursula (Latin for 'little female bear', German: Heilige Ursula) is a legendary Romano-British Christian saint who died on 21 October 383. Her feast day in the pre-1970 General Roman Calendar is 21 October. There is little information about her and the anonymous group of holy virgins who accompanied and, on an uncertain date, were killed along with her at Cologne. They remain in the Roman Martyrology, although their commemoration does not appear in the simplified Calendarium Romanum Generale (General Roman Calendar) of the 1970 Missale Romanum.",TRUE,FALSE,WV
FP_new,Saint_Ursula,birthYear,383,,"Saint Ursula (Latin for 'little female bear', German: Heilige Ursula) is a legendary Romano-British Christian saint who died on 21 October 383. Her feast day in the pre-1970 General Roman Calendar is 21 October. There is little information about her and the anonymous group of holy virgins who accompanied and, on an uncertain date, were killed along with her at Cologne. They remain in the Roman Martyrology, although their commemoration does not appear in the simplified Calendarium Romanum Generale (General Roman Calendar) of the 1970 Missale Romanum.",TRUE,FALSE,WV
FP_new,Salem_Al_Ketbi,birthYear,1929,,"Salem Al Ketbi is an Emirati political analyst, researcher and opinion writer. Al Ketbi has a Ph.D. in Public Law and Political Science from the Hassan II University, Casablanca, for his thesis titled ""Political and religious propaganda and leadership through the social media in the Arab World"" (Al-Diayah wa al-Qiyadah al-Siyasiah wa al-Diniyah Abra Shabakat al-Tawasul al-Ijtimai fi al-Mintaqah al-Arabiyah).",FALSE,FALSE,FH
FP_new,Salem_Al_Ketbi,birthYear,1986,,"Salem Al Ketbi is an Emirati political analyst, researcher and opinion writer. Al Ketbi has a Ph.D. in Public Law and Political Science from the Hassan II University, Casablanca, for his thesis titled ""Political and religious propaganda and leadership through the social media in the Arab World"" (Al-Diayah wa al-Qiyadah al-Siyasiah wa al-Diniyah Abra Shabakat al-Tawasul al-Ijtimai fi al-Mintaqah al-Arabiyah).",FALSE,FALSE,FH
FP_new,Salem_Al_Ketbi,birthYear,1886,,"Salem Al Ketbi is an Emirati political analyst, researcher and opinion writer. Al Ketbi has a Ph.D. in Public Law and Political Science from the Hassan II University, Casablanca, for his thesis titled ""Political and religious propaganda and leadership through the social media in the Arab World"" (Al-Diayah wa al-Qiyadah al-Siyasiah wa al-Diniyah Abra Shabakat al-Tawasul al-Ijtimai fi al-Mintaqah al-Arabiyah).",FALSE,FALSE,FH
FP_new,Salem_Al_Ketbi,birthYear,1902,,"Salem Al Ketbi is an Emirati political analyst, researcher and opinion writer. Al Ketbi has a Ph.D. in Public Law and Political Science from the Hassan II University, Casablanca, for his thesis titled ""Political and religious propaganda and leadership through the social media in the Arab World"" (Al-Diayah wa al-Qiyadah al-Siyasiah wa al-Diniyah Abra Shabakat al-Tawasul al-Ijtimai fi al-Mintaqah al-Arabiyah).",FALSE,FALSE,FH
FP_new,Salem_Al_Ketbi,birthYear,1949,,"Salem Al Ketbi is an Emirati political analyst, researcher and opinion writer. Al Ketbi has a Ph.D. in Public Law and Political Science from the Hassan II University, Casablanca, for his thesis titled ""Political and religious propaganda and leadership through the social media in the Arab World"" (Al-Diayah wa al-Qiyadah al-Siyasiah wa al-Diniyah Abra Shabakat al-Tawasul al-Ijtimai fi al-Mintaqah al-Arabiyah).",FALSE,FALSE,FH
FP_new,Salem_Al_Ketbi,birthYear,1935,,"Salem Al Ketbi is an Emirati political analyst, researcher and opinion writer. Al Ketbi has a Ph.D. in Public Law and Political Science from the Hassan II University, Casablanca, for his thesis titled ""Political and religious propaganda and leadership through the social media in the Arab World"" (Al-Diayah wa al-Qiyadah al-Siyasiah wa al-Diniyah Abra Shabakat al-Tawasul al-Ijtimai fi al-Mintaqah al-Arabiyah).",FALSE,FALSE,FH
FN,Vicente_Riva_Palacio,birthName,,Vicente Florencio Carlos Riva Palacio Guerrero,"Vicente Florencio Carlos Riva Palacio Guerrero better known as Vicente Riva Palacio (16 October 1832 in Mexico City – 22 November 1896 in Madrid) was a Mexican liberal politician, novelist, journalist, intellectual, and military leader. His father was Mariano Riva Palacio, a moderate liberal, and his mother was María de los Dolores Guerrero Hernández, daughter of independence hero and President of Mexico Vicente Guerrero and María de Guadalupe Hernández. Vicente's father worked for the Emperor Maximilian I of Mexico in Querétaro during the French intervention in Mexico.",TRUE,TRUE,
FP_new,Santa_Camar%C3%A3o,birthName,José Soares Santa,,"José Soares Santa (25 December 1902 – 5 April 1968), known as Santa Camarão (""Camarão"" being a family nickname meaning Shrimp in English) or Zé Santa in Portugal, and as Jose Santa or Joe Santa in the United States, was a Portuguese boxer. At 2.02 m (6 ft 8 in) he was one of the tallest heavyweight boxers in history.",TRUE,TRUE,
FP_new,Santa_Camar%C3%A3o,birthName,Jé Santa,,"José Soares Santa (25 December 1902 – 5 April 1968), known as Santa Camarão (""Camarão"" being a family nickname meaning Shrimp in English) or Zé Santa in Portugal, and as Jose Santa or Joe Santa in the United States, was a Portuguese boxer. At 2.02 m (6 ft 8 in) he was one of the tallest heavyweight boxers in history.",FALSE,FALSE,MCE
FP_new,Sarah_Doherty,birthYear,1932,,"Sarah Doherty is an amputee mountaineer, ski racer, motivational speaker, and entrepreneur who lost her right leg to a drunk driver at age 13. She was a member of the inaugural U.S. National Disabled Ski Team and was the first amputee to reach the summit of Denali. She is also a pediatric occupational therapist.",FALSE,FALSE,FH
FP_new,Sarah_Doherty,birthYear,1944,,"Sarah Doherty is an amputee mountaineer, ski racer, motivational speaker, and entrepreneur who lost her right leg to a drunk driver at age 13. She was a member of the inaugural U.S. National Disabled Ski Team and was the first amputee to reach the summit of Denali. She is also a pediatric occupational therapist.",FALSE,FALSE,FH
FP_new,Sarah_Doherty,birthYear,1886,,"Sarah Doherty is an amputee mountaineer, ski racer, motivational speaker, and entrepreneur who lost her right leg to a drunk driver at age 13. She was a member of the inaugural U.S. National Disabled Ski Team and was the first amputee to reach the summit of Denali. She is also a pediatric occupational therapist.",FALSE,FALSE,FH
FP_new,Sarah_Doherty,birthYear,1913,,"Sarah Doherty is an amputee mountaineer, ski racer, motivational speaker, and entrepreneur who lost her right leg to a drunk driver at age 13. She was a member of the inaugural U.S. National Disabled Ski Team and was the first amputee to reach the summit of Denali. She is also a pediatric occupational therapist.",FALSE,FALSE,FH
FP_new,Sarah_Doherty,birthYear,1935,,"Sarah Doherty is an amputee mountaineer, ski racer, motivational speaker, and entrepreneur who lost her right leg to a drunk driver at age 13. She was a member of the inaugural U.S. National Disabled Ski Team and was the first amputee to reach the summit of Denali. She is also a pediatric occupational therapist.",FALSE,FALSE,FH
FP_new,Se%C3%A1n_Cummings,deathDate,2011-02-06,,"Seán Cummings is a Canadian film and television industry professional and former playwright, actor, producer, and director from Vancouver, British Columbia, Canada. He was born in Ontario on January 17, 1968. Cummings' first full-length play, ""Chasing Home"" was produced at the Vancouver Playhouse by the Frank Theatre Company and the Vancouver Playhouse Theatre Company in Vancouver, BC in 2012. His first published work appears as the preface to C.E. Gatchalian's ""Crossing"" and other Plays - Lethe Press (Feb. 6 2011).",TRUE,FALSE,WV
FP_new,Se%C3%A1n_Cummings,deathYear,2011,,"Seán Cummings is a Canadian film and television industry professional and former playwright, actor, producer, and director from Vancouver, British Columbia, Canada. He was born in Ontario on January 17, 1968. Cummings' first full-length play, ""Chasing Home"" was produced at the Vancouver Playhouse by the Frank Theatre Company and the Vancouver Playhouse Theatre Company in Vancouver, BC in 2012. His first published work appears as the preface to C.E. Gatchalian's ""Crossing"" and other Plays - Lethe Press (Feb. 6 2011).",TRUE,FALSE,WV
FP_new,Se%C3%A1n_Kenny_%28politician%29,label,Seán Kenny,,"Seán Kenny (born 1 October 1942) is an Irish former Labour Party politician who served as a Teachta Dála (TD) for the Dublin North-East constituency from 1992 to 1997 and 2011 to 2016. He also served as Lord Mayor of Dublin from 1991 to 1992. A former executive officer in CIÉ, Kenny was elected to Dáil Éireann for Dublin North-East during the swing to Labour in the 1992 general election. During his time in the Dáil, he was a member of the Forum for Peace and Reconciliation and served as Chairman of the Social Affairs Committee.",TRUE,TRUE,
FP_new,Sean_Elliott,label,Sean Michael Elliott,,"Sean Michael Elliott (born February 2, 1968) is an American former professional basketball player who starred at small forward in both the college and professional ranks. He attended the University of Arizona, where he had a standout career as a two-time All-American, winner of the 1989 John R. Wooden Award, the 1989 Adolph Rupp Trophy, the 1989 NABC Player of the Year, 1989 AP Player of the Year, and two time Pac-12 Player of the Year (in 1988–1989). His #32 is retired by both the University of Arizona and the San Antonio Spurs.",TRUE,FALSE,WV
FP_new,Sean_Elliott,label,Sean Elliott,,"Sean Michael Elliott (born February 2, 1968) is an American former professional basketball player who starred at small forward in both the college and professional ranks. He attended the University of Arizona, where he had a standout career as a two-time All-American, winner of the 1989 John R. Wooden Award, the 1989 Adolph Rupp Trophy, the 1989 NABC Player of the Year, 1989 AP Player of the Year, and two time Pac-12 Player of the Year (in 1988–1989). His #32 is retired by both the University of Arizona and the San Antonio Spurs.",TRUE,TRUE,
FP_new,Seleucus_V_Philometor,birthYear,126,,"The Seleucid king Seleucus V Philometor (Greek: Σέλευκος Ε΄ ὁ Φιλομήτωρ; 126/125 BC), ruler of the Hellenistic Seleucid kingdom, was the eldest son of Demetrius II Nicator and Cleopatra Thea. The epithet Philometor means ""mother-loving"" and in the Hellenistic world usually indicated that the mother acted as co-regent for the prince.",TRUE,FALSE,DFE
FP_new,Seleucus_V_Philometor,deathYear,125,,"The Seleucid king Seleucus V Philometor (Greek: Σέλευκος Ε΄ ὁ Φιλομήτωρ; 126/125 BC), ruler of the Hellenistic Seleucid kingdom, was the eldest son of Demetrius II Nicator and Cleopatra Thea. The epithet Philometor means ""mother-loving"" and in the Hellenistic world usually indicated that the mother acted as co-regent for the prince.",TRUE,FALSE,DFE
FP_different,Sergio_De_La_Pava,label,Sergio de la Pava,Sergio De La Pava,Sergio de la Pava (born 1970/71) is an American novelist and lawyer. He is best known for his novel A Naked Singularity.,TRUE,FALSE,TMI
FP_new,Sergio_De_La_Pava,birthName,Sergio de la Pava,,Sergio de la Pava (born 1970/71) is an American novelist and lawyer. He is best known for his novel A Naked Singularity.,TRUE,FALSE,TMI
FP_new,Shane_Heal,label,Shane Douglas Heal,,Shane Douglas Heal (born 6 September 1970) is an Australian basketball coach and former player.,TRUE,FALSE,WV
FP_new,Shane_Heal,label,Shane Heal,,Shane Douglas Heal (born 6 September 1970) is an Australian basketball coach and former player.,TRUE,TRUE,
FP_new,Shirley_Dysart,label,Shirley Dysart,,"Shirley Theresa Dysart CM (née Britt, February 22, 1928 – December 14, 2016) was an American-born Canadian teacher and a politician in the province of New Brunswick. She attained a number of ""firsts"" in New Brunswick politics. She was the first female Liberal in serve in the Legislative Assembly of New Brunswick, the first woman to serve as the leader of a party in the provincial Legislature (1985), the first woman to be Minister of Education (1987–1991) and first woman to be Speaker (1991–1995).",TRUE,TRUE,
FP_different,Shirley_Dysart,birthName,Shirley Theresa Dysart CM,Shirley Theresa Dysart,"Shirley Theresa Dysart CM (née Britt, February 22, 1928 – December 14, 2016) was an American-born Canadian teacher and a politician in the province of New Brunswick. She attained a number of ""firsts"" in New Brunswick politics. She was the first female Liberal in serve in the Legislative Assembly of New Brunswick, the first woman to serve as the leader of a party in the provincial Legislature (1985), the first woman to be Minister of Education (1987–1991) and first woman to be Speaker (1991–1995).",TRUE,FALSE,LCE
FP_different,Sir_Robert_Grierson%2C_1st_Baronet,label,"Sir Robert Grierson, 1st Baronet of Lag","Sir Robert Grierson, 1st Baronet","Sir Robert Grierson, 1st Baronet of Lag (1655 – 31 December 1733) was a Scottish baronet from Dunfries-shire. He is best remembered as a notorious persecutor of the Covenanters, particularly among the people of Galloway, and is still referred to by nickname, ""Cruel Lag."" The character of Sir Robert Redgauntlet of Wandering Willie's tale in Sir Walter Scott's Redgauntlet is based on Grierson.",TRUE,FALSE,LCE
FP_new,Sir_Robert_Grierson%2C_1st_Baronet,birthYear,1655,,"Sir Robert Grierson, 1st Baronet of Lag (1655 – 31 December 1733) was a Scottish baronet from Dunfries-shire. He is best remembered as a notorious persecutor of the Covenanters, particularly among the people of Galloway, and is still referred to by nickname, ""Cruel Lag."" The character of Sir Robert Redgauntlet of Wandering Willie's tale in Sir Walter Scott's Redgauntlet is based on Grierson.",TRUE,TRUE,
FN,Victor_Murdock,birthName,,Victor Murdock,"Victor Murdock (March 18, 1871 – July 8, 1945) was an American politician and newspaper editor who served as a U.S. Representative from Kansas.",TRUE,TRUE,
FN,Vikentij_Maku%C5%A1ev,birthName,,Викентий Васильевич Макушев,Vikentij Makušev (Russian: Викентий Васильевич Макушев) (1837—1883) was a Russian Slavist and Albanologist. He is best known because of his works about Dubrovnik. He was born on 10 November 1837 in Brest Litovsk. His father was military engineer. His mother died in 1847 of cholera. In period between 1856 and 1860 he studied at University of Petrograd. In January 1863 Makušev was appointed as Russian consul in Dubrovnik where he spent five years researching archives of Dubrovnik.,TRUE,TRUE,
FP_different,Sir_Robert_Grierson%2C_1st_Baronet,label,Sir Robert Grierson,"Sir Robert Grierson, 1st Baronet","Sir Robert Grierson, 1st Baronet of Lag (1655 – 31 December 1733) was a Scottish baronet from Dunfries-shire. He is best remembered as a notorious persecutor of the Covenanters, particularly among the people of Galloway, and is still referred to by nickname, ""Cruel Lag."" The character of Sir Robert Redgauntlet of Wandering Willie's tale in Sir Walter Scott's Redgauntlet is based on Grierson.",TRUE,FALSE,ICE
FP_new,Siti_Chamamah_Soeratno,birthYear,1958,,"Siti Chamamah Soeratno is a female Islamic scholar from Indonesia and the former leader of Aisyiyah, Indonesia's first all-female Muslim organization. She is also the former dean of Muhammadiyah University of Malang and an expert on Indonesian literature. She has served as a faculty member at Leiden University, Mercu Buana University, Sebelas Maret University and Yogyakarta State University among others.",FALSE,FALSE,FH
FP_new,Siti_Chamamah_Soeratno,birthYear,1949,,"Siti Chamamah Soeratno is a female Islamic scholar from Indonesia and the former leader of Aisyiyah, Indonesia's first all-female Muslim organization. She is also the former dean of Muhammadiyah University of Malang and an expert on Indonesian literature. She has served as a faculty member at Leiden University, Mercu Buana University, Sebelas Maret University and Yogyakarta State University among others.",FALSE,FALSE,FH
FP_new,Siti_Chamamah_Soeratno,birthYear,1952,,"Siti Chamamah Soeratno is a female Islamic scholar from Indonesia and the former leader of Aisyiyah, Indonesia's first all-female Muslim organization. She is also the former dean of Muhammadiyah University of Malang and an expert on Indonesian literature. She has served as a faculty member at Leiden University, Mercu Buana University, Sebelas Maret University and Yogyakarta State University among others.",FALSE,FALSE,FH
FN,Vikentij_Maku%C5%A1ev,deathYear,,1883,Vikentij Makušev (Russian: Викентий Васильевич Макушев) (1837—1883) was a Russian Slavist and Albanologist. He is best known because of his works about Dubrovnik. He was born on 10 November 1837 in Brest Litovsk. His father was military engineer. His mother died in 1847 of cholera. In period between 1856 and 1860 he studied at University of Petrograd. In January 1863 Makušev was appointed as Russian consul in Dubrovnik where he spent five years researching archives of Dubrovnik.,TRUE,TRUE,
FP_new,Siti_Chamamah_Soeratno,birthYear,1935,,"Siti Chamamah Soeratno is a female Islamic scholar from Indonesia and the former leader of Aisyiyah, Indonesia's first all-female Muslim organization. She is also the former dean of Muhammadiyah University of Malang and an expert on Indonesian literature. She has served as a faculty member at Leiden University, Mercu Buana University, Sebelas Maret University and Yogyakarta State University among others.",FALSE,FALSE,FH
FP_new,Steve_Holy,label,Steve Holy,,"Stephen Kyle Holy (born February 23, 1972) is an American country music singer. Signed to Curb Records since 1999, he has released three studio albums: 2000's Blue Moon, 2006's Brand New Girlfriend, and 2011's Love Don't Run. Fifteen of his singles have entered the Billboard Hot Country Songs charts, including the Number One hits ""Good Morning Beautiful"" (which was featured in the movie Angel Eyes) and ""Brand New Girlfriend"".",TRUE,TRUE,
FP_new,Steve_Holy,alias,Good Morning Beautiful,,"Stephen Kyle Holy (born February 23, 1972) is an American country music singer. Signed to Curb Records since 1999, he has released three studio albums: 2000's Blue Moon, 2006's Brand New Girlfriend, and 2011's Love Don't Run. Fifteen of his singles have entered the Billboard Hot Country Songs charts, including the Number One hits ""Good Morning Beautiful"" (which was featured in the movie Angel Eyes) and ""Brand New Girlfriend"".",TRUE,FALSE,WV
FP_new,Steve_Holy,alias,Steve Kyle Holy,,"Stephen Kyle Holy (born February 23, 1972) is an American country music singer. Signed to Curb Records since 1999, he has released three studio albums: 2000's Blue Moon, 2006's Brand New Girlfriend, and 2011's Love Don't Run. Fifteen of his singles have entered the Billboard Hot Country Songs charts, including the Number One hits ""Good Morning Beautiful"" (which was featured in the movie Angel Eyes) and ""Brand New Girlfriend"".",FALSE,FALSE,WV
FP_new,Steve_Holy,alias,Brand New Girlfriend,,"Stephen Kyle Holy (born February 23, 1972) is an American country music singer. Signed to Curb Records since 1999, he has released three studio albums: 2000's Blue Moon, 2006's Brand New Girlfriend, and 2011's Love Don't Run. Fifteen of his singles have entered the Billboard Hot Country Songs charts, including the Number One hits ""Good Morning Beautiful"" (which was featured in the movie Angel Eyes) and ""Brand New Girlfriend"".",TRUE,FALSE,WV
FP_new,Steve_Snell,label,Steve Snell,,Stephen David Snell (born 27 February 1983) is a former English cricketer a right-handed batsman who played as a choice wicket keeper. He is currently the second XI coach and academy director at Somerset County Cricket Club.,TRUE,TRUE,
FP_new,Susan_J%2E_Hunter,birthDate,2014-07-07,,"Susan J. Hunter is an American academic and the 20th president of the University of Maine in Orono, Maine. She was the first woman president of the University of Maine since its founding in 1865. She took office on July 7, 2014, following the departure of then-president. She remained in the position until June 30, 2018.",TRUE,FALSE,WV
FP_new,Susan_J%2E_Hunter,birthYear,2014,,"Susan J. Hunter is an American academic and the 20th president of the University of Maine in Orono, Maine. She was the first woman president of the University of Maine since its founding in 1865. She took office on July 7, 2014, following the departure of then-president. She remained in the position until June 30, 2018.",TRUE,FALSE,WV
FP_new,Susan_J%2E_Hunter,birthYear,1886,,"Susan J. Hunter is an American academic and the 20th president of the University of Maine in Orono, Maine. She was the first woman president of the University of Maine since its founding in 1865. She took office on July 7, 2014, following the departure of then-president. She remained in the position until June 30, 2018.",FALSE,FALSE,FH
FP_new,Susan_J%2E_Hunter,birthYear,1865,,"Susan J. Hunter is an American academic and the 20th president of the University of Maine in Orono, Maine. She was the first woman president of the University of Maine since its founding in 1865. She took office on July 7, 2014, following the departure of then-president. She remained in the position until June 30, 2018.",TRUE,FALSE,WV
FP_new,Susan_J%2E_Hunter,birthDate,1865-07-07,,"Susan J. Hunter is an American academic and the 20th president of the University of Maine in Orono, Maine. She was the first woman president of the University of Maine since its founding in 1865. She took office on July 7, 2014, following the departure of then-president. She remained in the position until June 30, 2018.",FALSE,FALSE,AC
FN,Wendy_Saddington,alias,,Gandharvika Dasi,"Wendy June Saddington (26 September 1949 – 21 June 2013), also known as Gandharvika Dasi, was an Australian blues, soul and jazz singer, and was in the bands Chain, Copperwine and the Wendy Saddington Band. She wrote for teen pop newspaper Go-Set from September 1969 to September 1970 as an agony aunt in her weekly ""Takes Care of Business"" column, and as a feature writer. Saddington had Top 30 chart success with her 1972 solo single ""Looking Through a Window"", which was written and produced by Billy Thorpe and Warren Morgan of the Aztecs. After adopting Krishna Consciousness in the 1970s she took the name Gandharvika Dasi. In March 2013 she was diagnosed with oesophageal cancer, and died on 21 June, aged 63.",TRUE,TRUE,
FP_different,Susana_Agust%C3%AD,label,Susana Agustí Requena,Susana Agustí,"Susana Agustí Requena is a Spanish biological oceanographer who has participated in over 25 oceanographic expeditions in the Arctic, Southern Ocean (Antarctic), Atlantic, Pacific and Indian Oceans. She played a key role in the Malaspina Circumnavigation Expedition. She is professor in Marine Science at King Abdullah University of Science and Technology in Saudi Arabia and an adjunct Professor at the University of Tromsø (Norway).",TRUE,FALSE,WV
FP_new,Susana_Agust%C3%AD,birthYear,1935,,"Susana Agustí Requena is a Spanish biological oceanographer who has participated in over 25 oceanographic expeditions in the Arctic, Southern Ocean (Antarctic), Atlantic, Pacific and Indian Oceans. She played a key role in the Malaspina Circumnavigation Expedition. She is professor in Marine Science at King Abdullah University of Science and Technology in Saudi Arabia and an adjunct Professor at the University of Tromsø (Norway).",FALSE,FALSE,FH
FP_new,Susana_Agust%C3%AD,birthYear,1993,,"Susana Agustí Requena is a Spanish biological oceanographer who has participated in over 25 oceanographic expeditions in the Arctic, Southern Ocean (Antarctic), Atlantic, Pacific and Indian Oceans. She played a key role in the Malaspina Circumnavigation Expedition. She is professor in Marine Science at King Abdullah University of Science and Technology in Saudi Arabia and an adjunct Professor at the University of Tromsø (Norway).",FALSE,FALSE,FH
FP_new,Susana_Agust%C3%AD,birthYear,1893,,"Susana Agustí Requena is a Spanish biological oceanographer who has participated in over 25 oceanographic expeditions in the Arctic, Southern Ocean (Antarctic), Atlantic, Pacific and Indian Oceans. She played a key role in the Malaspina Circumnavigation Expedition. She is professor in Marine Science at King Abdullah University of Science and Technology in Saudi Arabia and an adjunct Professor at the University of Tromsø (Norway).",FALSE,FALSE,FH
FP_new,Susana_Agust%C3%AD,birthYear,1958,,"Susana Agustí Requena is a Spanish biological oceanographer who has participated in over 25 oceanographic expeditions in the Arctic, Southern Ocean (Antarctic), Atlantic, Pacific and Indian Oceans. She played a key role in the Malaspina Circumnavigation Expedition. She is professor in Marine Science at King Abdullah University of Science and Technology in Saudi Arabia and an adjunct Professor at the University of Tromsø (Norway).",FALSE,FALSE,FH
FP_new,Susana_Agust%C3%AD,birthYear,1925,,"Susana Agustí Requena is a Spanish biological oceanographer who has participated in over 25 oceanographic expeditions in the Arctic, Southern Ocean (Antarctic), Atlantic, Pacific and Indian Oceans. She played a key role in the Malaspina Circumnavigation Expedition. She is professor in Marine Science at King Abdullah University of Science and Technology in Saudi Arabia and an adjunct Professor at the University of Tromsø (Norway).",FALSE,FALSE,FH
FP_new,Susana_Agust%C3%AD,birthYear,1955,,"Susana Agustí Requena is a Spanish biological oceanographer who has participated in over 25 oceanographic expeditions in the Arctic, Southern Ocean (Antarctic), Atlantic, Pacific and Indian Oceans. She played a key role in the Malaspina Circumnavigation Expedition. She is professor in Marine Science at King Abdullah University of Science and Technology in Saudi Arabia and an adjunct Professor at the University of Tromsø (Norway).",FALSE,FALSE,FH
FP_new,Susana_Agust%C3%AD,birthYear,1949,,"Susana Agustí Requena is a Spanish biological oceanographer who has participated in over 25 oceanographic expeditions in the Arctic, Southern Ocean (Antarctic), Atlantic, Pacific and Indian Oceans. She played a key role in the Malaspina Circumnavigation Expedition. She is professor in Marine Science at King Abdullah University of Science and Technology in Saudi Arabia and an adjunct Professor at the University of Tromsø (Norway).",FALSE,FALSE,FH
FP_new,Susana_Mourato,birthYear,1922,,Susana Mourato is a professor of environmental economics at the London School of Economics and Political Science. She holds a leader position at the Grantham Research Institute on Climate Change and the Environment.,FALSE,FALSE,FH
FP_new,Susana_Mourato,birthYear,1944,,Susana Mourato is a professor of environmental economics at the London School of Economics and Political Science. She holds a leader position at the Grantham Research Institute on Climate Change and the Environment.,FALSE,FALSE,FH
FP_new,Susana_Mourato,birthYear,1957,,Susana Mourato is a professor of environmental economics at the London School of Economics and Political Science. She holds a leader position at the Grantham Research Institute on Climate Change and the Environment.,FALSE,FALSE,FH
FP_new,Susana_Mourato,birthYear,1942,,Susana Mourato is a professor of environmental economics at the London School of Economics and Political Science. She holds a leader position at the Grantham Research Institute on Climate Change and the Environment.,FALSE,FALSE,FH
FP_new,Susana_Mourato,birthYear,1949,,Susana Mourato is a professor of environmental economics at the London School of Economics and Political Science. She holds a leader position at the Grantham Research Institute on Climate Change and the Environment.,FALSE,FALSE,FH
FP_new,Susana_Mourato,birthYear,1935,,Susana Mourato is a professor of environmental economics at the London School of Economics and Political Science. She holds a leader position at the Grantham Research Institute on Climate Change and the Environment.,FALSE,FALSE,FH
FP_new,Susana_Mourato,birthYear,1947,,Susana Mourato is a professor of environmental economics at the London School of Economics and Political Science. She holds a leader position at the Grantham Research Institute on Climate Change and the Environment.,FALSE,FALSE,FH
FP_new,Susana_Mourato,birthYear,1961,,Susana Mourato is a professor of environmental economics at the London School of Economics and Political Science. She holds a leader position at the Grantham Research Institute on Climate Change and the Environment.,FALSE,FALSE,FH
FP_new,Sushil_Biswas,birthYear,1929,,Sushil Biswas was an Indian politician from West Bengal belonging to All India Trinamool Congress. He was a legislator of the West Bengal Legislative Assembly.,FALSE,FALSE,FH
FP_new,Sushil_Biswas,birthYear,1925,,Sushil Biswas was an Indian politician from West Bengal belonging to All India Trinamool Congress. He was a legislator of the West Bengal Legislative Assembly.,FALSE,FALSE,FH
FP_new,Sushil_Biswas,birthYear,1926,,Sushil Biswas was an Indian politician from West Bengal belonging to All India Trinamool Congress. He was a legislator of the West Bengal Legislative Assembly.,FALSE,FALSE,FH
FP_new,Sushil_Biswas,birthYear,19 Bengal,,Sushil Biswas was an Indian politician from West Bengal belonging to All India Trinamool Congress. He was a legislator of the West Bengal Legislative Assembly.,FALSE,FALSE,FH
FP_new,Sushil_Biswas,birthYear,1944,,Sushil Biswas was an Indian politician from West Bengal belonging to All India Trinamool Congress. He was a legislator of the West Bengal Legislative Assembly.,FALSE,FALSE,FH
FP_new,Sushil_Biswas,birthYear,1949,,Sushil Biswas was an Indian politician from West Bengal belonging to All India Trinamool Congress. He was a legislator of the West Bengal Legislative Assembly.,FALSE,FALSE,FH
FP_different,Syed_Aman_Bachchan,birthName,Syed Aman Bachchan,Syed Amanullah,"Syed Amanullah known by his professional name Syed Aman Bachchan or Bachchan is an Indian film producer in the Kannada film industry. Edegarike, a film produced by him and directed by Sumana Kittur, was the only Indian film selected for screening in Mumbai Women's International Film Festival, 2013.",TRUE,FALSE,WV
FP_new,Syed_Aman_Bachchan,birthYear,1963,,"Syed Amanullah known by his professional name Syed Aman Bachchan or Bachchan is an Indian film producer in the Kannada film industry. Edegarike, a film produced by him and directed by Sumana Kittur, was the only Indian film selected for screening in Mumbai Women's International Film Festival, 2013.",FALSE,FALSE,FH
FP_new,Syed_Aman_Bachchan,birthYear,2013,,"Syed Amanullah known by his professional name Syed Aman Bachchan or Bachchan is an Indian film producer in the Kannada film industry. Edegarike, a film produced by him and directed by Sumana Kittur, was the only Indian film selected for screening in Mumbai Women's International Film Festival, 2013.",TRUE,FALSE,WV
FP_new,Syed_Aman_Bachchan,birthYear,1902,,"Syed Amanullah known by his professional name Syed Aman Bachchan or Bachchan is an Indian film producer in the Kannada film industry. Edegarike, a film produced by him and directed by Sumana Kittur, was the only Indian film selected for screening in Mumbai Women's International Film Festival, 2013.",FALSE,FALSE,FH
FP_new,Syed_Aman_Bachchan,birthYear,1983,,"Syed Amanullah known by his professional name Syed Aman Bachchan or Bachchan is an Indian film producer in the Kannada film industry. Edegarike, a film produced by him and directed by Sumana Kittur, was the only Indian film selected for screening in Mumbai Women's International Film Festival, 2013.",FALSE,FALSE,FH
FP_new,Syed_Aman_Bachchan,birthYear,1949,,"Syed Amanullah known by his professional name Syed Aman Bachchan or Bachchan is an Indian film producer in the Kannada film industry. Edegarike, a film produced by him and directed by Sumana Kittur, was the only Indian film selected for screening in Mumbai Women's International Film Festival, 2013.",FALSE,FALSE,FH
FN,William_Fitzgerald_Langworthy,birthName,,William Fitzgerald Langworthy,William Fitzgerald Langworthy (25 December 1867 – 28 September 1951) was a Conservative member of the House of Commons of Canada.,TRUE,TRUE,
FP_new,Syed_Aman_Bachchan,birthYear,2012,,"Syed Amanullah known by his professional name Syed Aman Bachchan or Bachchan is an Indian film producer in the Kannada film industry. Edegarike, a film produced by him and directed by Sumana Kittur, was the only Indian film selected for screening in Mumbai Women's International Film Festival, 2013.",FALSE,FALSE,FH
FP_new,Ted_Beard,label,Ted Beard,,"Cramer Theodore Beard (January 7, 1921 – December 30, 2011) was an American professional baseball player who played for the Pittsburgh Pirates and the Chicago White Sox for parts of seven seasons spanning 1948–1958. Born in Woodsboro, Maryland, the outfielder threw and batted left-handed, stood 5 feet 8 inches (173 cm) tall and weighed 165 pounds (75 kg).",TRUE,TRUE,
FP_new,Teddy_Sinclair,birthName,Natalia Noemi,,"Natalia Noemi ""Teddy"" Sinclair (née Cappuccini; born 15 August 1986), is an English singer, songwriter and actress. She has recorded music under various aliases, most famously as Natalia Kills and Verbalicious. She is currently the lead vocalist of the band Cruel Youth, which also releases music under the name The Powder Room. In March 2015, Sinclair and her husband, Willy Moon, were fired as judges from New Zealand X Factor for their harsh comments towards one of the contestants.",TRUE,FALSE,ICE
FP_new,Teoman_%28wrestler%29,label,Teoman Kocabaşoğlu,,"Metehan Kocabaşoğlu (born 4 March 1993) is a German professional wrestler of Turkish descent. He was most recently signed to WWE, where he performed on the NXT UK brand under the ring name Teoman. He is best known for his work with Westside Xtreme Wrestling (wXw), where under the ring name Lucky Kid and under his birth name Metehan, his accomplishments include being a one-time wXw Shotgun Champion, a one-time wXw World Tag Team Champion and the winner of 16 Carat Gold.",TRUE,FALSE,MCE
FP_new,Teoman_%28wrestler%29,birthName,Metehan Kocabaşoğlu,,"Metehan Kocabaşoğlu (born 4 March 1993) is a German professional wrestler of Turkish descent. He was most recently signed to WWE, where he performed on the NXT UK brand under the ring name Teoman. He is best known for his work with Westside Xtreme Wrestling (wXw), where under the ring name Lucky Kid and under his birth name Metehan, his accomplishments include being a one-time wXw Shotgun Champion, a one-time wXw World Tag Team Champion and the winner of 16 Carat Gold.",TRUE,TRUE,
FP_new,Teoman_%28wrestler%29,birthName,Teoman Kocabaşoğlu,,"Metehan Kocabaşoğlu (born 4 March 1993) is a German professional wrestler of Turkish descent. He was most recently signed to WWE, where he performed on the NXT UK brand under the ring name Teoman. He is best known for his work with Westside Xtreme Wrestling (wXw), where under the ring name Lucky Kid and under his birth name Metehan, his accomplishments include being a one-time wXw Shotgun Champion, a one-time wXw World Tag Team Champion and the winner of 16 Carat Gold.",FALSE,FALSE,MCE
FP_new,Teoman_%28wrestler%29,label,Teoman Teoman,,"Metehan Kocabaşoğlu (born 4 March 1993) is a German professional wrestler of Turkish descent. He was most recently signed to WWE, where he performed on the NXT UK brand under the ring name Teoman. He is best known for his work with Westside Xtreme Wrestling (wXw), where under the ring name Lucky Kid and under his birth name Metehan, his accomplishments include being a one-time wXw Shotgun Champion, a one-time wXw World Tag Team Champion and the winner of 16 Carat Gold.",TRUE,FALSE,SG
FP_new,Terry_Ward,label,Terry Ward,,"Terence ""Terry"" Ward (10 December 1939 – 1963) was an English footballer who played in the Football League for Stoke City along with his brother Derrick.",TRUE,TRUE,
FP_new,Terry_Ward,deathDate,1963-12-1963,,"Terence ""Terry"" Ward (10 December 1939 – 1963) was an English footballer who played in the Football League for Stoke City along with his brother Derrick.",FALSE,FALSE,IAC
FP_new,Th%C3%A9r%C3%A8se_Waounwa,birthYear,1977,,"Thérèse Waounwa was a politician from Benin. As one of the founder's and activist of the Communist Party of Benin (PCB), in 1977, she was responsible for the organization for the defense of human rights and peoples.",TRUE,FALSE,WV
FP_new,Th%C3%A9r%C3%A8se_Waounwa,birthYear,1937,,"Thérèse Waounwa was a politician from Benin. As one of the founder's and activist of the Communist Party of Benin (PCB), in 1977, she was responsible for the organization for the defense of human rights and peoples.",FALSE,FALSE,FH
FP_new,Th%C3%A9r%C3%A8se_Waounwa,birthYear,1929,,"Thérèse Waounwa was a politician from Benin. As one of the founder's and activist of the Communist Party of Benin (PCB), in 1977, she was responsible for the organization for the defense of human rights and peoples.",FALSE,FALSE,FH
FP_new,Th%C3%A9r%C3%A8se_Waounwa,birthYear,1935,,"Thérèse Waounwa was a politician from Benin. As one of the founder's and activist of the Communist Party of Benin (PCB), in 1977, she was responsible for the organization for the defense of human rights and peoples.",FALSE,FALSE,FH
FN,William_Gilbert_Rees,birthName,,William Gilbert Rees,"William Gilbert Rees (6 April 1827 — 31 October 1898) was an explorer, surveyor, and early settler in Central Otago, New Zealand. He and fellow explorer Nicholas von Tunzelmann were the first Europeans to settle the Wakatipu basin. Rees is regarded as the founder of Queenstown.",TRUE,TRUE,
FP_different,The_Brothers_Chaps,birthDate,1976-09-01,1976-11-01,"Matthew ""Matt"" Alan Chapman (born November 1, 1976) and Michael ""Mike"" Raymond Chapman (born September 20, 1973), known collectively as The Brothers Chaps, are American writers, voice actors, directors, animators, producers and composers. They are best known as the creators of the animated series Homestar Runner.",FALSE,FALSE,FH
FP_new,Tim_Brooks_%28wrestler%29,label,Tim Brooks,,"Timothy Paul Brooks (December 4, 1947 – June 30, 2020), better known by his ring name Killer Tim Brooks, was an American professional wrestler. He competed in North American regional promotions, including the National Wrestling Alliance (NWA), Pacific Northwest Wrestling (PNW), World Wrestling Council (WWC), World Class Championship Wrestling (WCCW) and Southwest Championship Wrestling (SWCW) during the 1970s and 1980s.",TRUE,FALSE,ICE
FP_new,Tim_Brooks_%28wrestler%29,birthName,Timothy Paul Brooks,,"Timothy Paul Brooks (December 4, 1947 – June 30, 2020), better known by his ring name Killer Tim Brooks, was an American professional wrestler. He competed in North American regional promotions, including the National Wrestling Alliance (NWA), Pacific Northwest Wrestling (PNW), World Wrestling Council (WWC), World Class Championship Wrestling (WCCW) and Southwest Championship Wrestling (SWCW) during the 1970s and 1980s.",TRUE,TRUE,
FP_new,Tim_Brooks_%28wrestler%29,birthName,Tim Paul Brooks,,"Timothy Paul Brooks (December 4, 1947 – June 30, 2020), better known by his ring name Killer Tim Brooks, was an American professional wrestler. He competed in North American regional promotions, including the National Wrestling Alliance (NWA), Pacific Northwest Wrestling (PNW), World Wrestling Council (WWC), World Class Championship Wrestling (WCCW) and Southwest Championship Wrestling (SWCW) during the 1970s and 1980s.",FALSE,FALSE,MCE
FP_new,Tim_Brooks_%28wrestler%29,label,Tim Paul Brooks,,"Timothy Paul Brooks (December 4, 1947 – June 30, 2020), better known by his ring name Killer Tim Brooks, was an American professional wrestler. He competed in North American regional promotions, including the National Wrestling Alliance (NWA), Pacific Northwest Wrestling (PNW), World Wrestling Council (WWC), World Class Championship Wrestling (WCCW) and Southwest Championship Wrestling (SWCW) during the 1970s and 1980s.",TRUE,FALSE,WV
FP_new,Tim_Brooks_%28wrestler%29,birthName,Tim Brooks,,"Timothy Paul Brooks (December 4, 1947 – June 30, 2020), better known by his ring name Killer Tim Brooks, was an American professional wrestler. He competed in North American regional promotions, including the National Wrestling Alliance (NWA), Pacific Northwest Wrestling (PNW), World Wrestling Council (WWC), World Class Championship Wrestling (WCCW) and Southwest Championship Wrestling (SWCW) during the 1970s and 1980s.",TRUE,FALSE,ICE
FP_new,Timi_Dakolo,alias,Timi Dakolo,,"Timi Dakolo (born January 20, 1981) is a Nigerian singer, songwriter and music producer. He emerged winner of the inaugural season of Idols West Africa in 2007. Accompanying his victory was a recording contract with Sony BMG, in addition to other prizes.",TRUE,FALSE,WV
FN,William_Henry_Brookfield,birthName,,William Henry Brookfield,"William Henry Brookfield (31 August 1809 – 12 July 1874) was an Anglican priest, Inspector of Schools, and chaplain-in-ordinary to Queen Victoria. His son was the playwright Charles Brookfield.",TRUE,TRUE,
FP_new,Tirtha_Gautam,birthYear,2017,,"Tirtha Gautam is a Nepalese politician, belonging to the Nepal Communist Party currently serving as the member of the 1st Federal Parliament of Nepal. In the 2017 Nepalese general election she was elected as a proportional representative from Khas Arya category. She came into politics after her husband Yadu was killed by the Maoists in 1999.",TRUE,FALSE,WV
FN,William_P%2E_Ragsdale,birthName,,William Phileppus Ragsdale,"William Phileppus Ragsdale (c. 1837 – November 24, 1877) was a lawyer, newspaper editor, and translator of the Kingdom of Hawaii and popular figure known for being luna or superintendent of the Kalaupapa Leprosy Settlement. Elements of his life story influenced Mark Twain's 1889 novel A Connecticut Yankee in King Arthur's Court.",TRUE,TRUE,
FP_new,Tirtha_Gautam,birthYear,1925,,"Tirtha Gautam is a Nepalese politician, belonging to the Nepal Communist Party currently serving as the member of the 1st Federal Parliament of Nepal. In the 2017 Nepalese general election she was elected as a proportional representative from Khas Arya category. She came into politics after her husband Yadu was killed by the Maoists in 1999.",FALSE,FALSE,FH
FP_new,Tirtha_Gautam,birthYear,1935,,"Tirtha Gautam is a Nepalese politician, belonging to the Nepal Communist Party currently serving as the member of the 1st Federal Parliament of Nepal. In the 2017 Nepalese general election she was elected as a proportional representative from Khas Arya category. She came into politics after her husband Yadu was killed by the Maoists in 1999.",FALSE,FALSE,FH
FP_new,Tirtha_Gautam,birthYear,1999,,"Tirtha Gautam is a Nepalese politician, belonging to the Nepal Communist Party currently serving as the member of the 1st Federal Parliament of Nepal. In the 2017 Nepalese general election she was elected as a proportional representative from Khas Arya category. She came into politics after her husband Yadu was killed by the Maoists in 1999.",TRUE,FALSE,WV
FP_new,Todd_Pillion,label,Todd Edward Pillion,,"Todd Edward Pillion (born November 1, 1973) is an American dentist, business owner, and politician from the Commonwealth of Virginia. A member of the Republican Party, Pillion represents the 40th district in the Virginia Senate in Southwest Virginia. He previously represented the 4th district in the Virginia House of Delegates. Pillion is from Abingdon, Virginia.",TRUE,FALSE,WV
FP_new,Todd_Pillion,label,Todd Pillion,,"Todd Edward Pillion (born November 1, 1973) is an American dentist, business owner, and politician from the Commonwealth of Virginia. A member of the Republican Party, Pillion represents the 40th district in the Virginia Senate in Southwest Virginia. He previously represented the 4th district in the Virginia House of Delegates. Pillion is from Abingdon, Virginia.",TRUE,TRUE,
FP_new,Tom_Csipkay,birthYear,1935,,Tom Csipkay is an American former professional tennis player.,FALSE,FALSE,FH
FP_new,Tom_Csipkay,birthYear,1916,,Tom Csipkay is an American former professional tennis player.,FALSE,FALSE,FH
FN,William_Steinkamp,birthName,,William Steinkamp,"William Steinkamp (born June 9, 1953) is an American film editor with more than 20 film credits. He had a longstanding, notable collaboration with director Sydney Pollack, editing nearly all of Pollack's films from Tootsie (1982) through the director's last film, The Interpreter (2005).",TRUE,TRUE,
FP_new,Tom_Csipkay,birthYear,1944,,Tom Csipkay is an American former professional tennis player.,FALSE,FALSE,FH
FP_new,Tom_Csipkay,birthYear,1961,,Tom Csipkay is an American former professional tennis player.,FALSE,FALSE,FH
FP_new,Tom_Nichols_%28footballer%29,label,Tom Andrew Nichols,,"Tom Andrew Nichols (born 28 August 1993) is an English professional footballer who plays as a striker for League Two club Crawley Town. Having come through Exeter City's academy, Nichols made his first-team debut for the club in May 2011. Whilst at Exeter City, he had loan spells at Dorchester Town, Hereford United and Bath City before establishing himself as a first team player in League Two. He joined Peterborough United of League One on a four-and-a-half-year contract for an undisclosed fee on 1 February 2016, but joined Bristol Rovers on a three-year contract in summer 2017. Following a loan spell at Cheltenham Town in the second half of the 2019–20 season, he was released by Bristol Rovers at the end of his three-year contract in summer 2020, and subsequently signed for League Two sid",TRUE,FALSE,WV
FP_new,Tom_Nichols_%28footballer%29,label,Tom Nichols,,"Tom Andrew Nichols (born 28 August 1993) is an English professional footballer who plays as a striker for League Two club Crawley Town. Having come through Exeter City's academy, Nichols made his first-team debut for the club in May 2011. Whilst at Exeter City, he had loan spells at Dorchester Town, Hereford United and Bath City before establishing himself as a first team player in League Two. He joined Peterborough United of League One on a four-and-a-half-year contract for an undisclosed fee on 1 February 2016, but joined Bristol Rovers on a three-year contract in summer 2017. Following a loan spell at Cheltenham Town in the second half of the 2019–20 season, he was released by Bristol Rovers at the end of his three-year contract in summer 2020, and subsequently signed for League Two sid",TRUE,FALSE,ICE
FP_new,Tommy_Boag,label,Tommy Benjamin Boag,,Thomas Benjamin Boag (19 September 1914 – 7 March 1977) was an Australian rules footballer who played with Collingwood in the Victorian Football League (VFL).,TRUE,FALSE,LCE
FP_new,Tommy_Boag,label,Tommy Boag,,Thomas Benjamin Boag (19 September 1914 – 7 March 1977) was an Australian rules footballer who played with Collingwood in the Victorian Football League (VFL).,TRUE,TRUE,
FP_new,Tommy_Doyle_%28baseball%29,label,Tommy Nelson Doyle,,"Thomas Nelson Doyle (born May 1, 1996) is an American professional baseball pitcher in the Colorado Rockies organization.",TRUE,FALSE,WV
FP_new,Tommy_Doyle_%28baseball%29,label,Tommy Doyle,,"Thomas Nelson Doyle (born May 1, 1996) is an American professional baseball pitcher in the Colorado Rockies organization.",TRUE,FALSE,ICE
FP_different,Tutta_Rolf,birthName,Sveig Jenny Berntzen,Solveig Jenny Berntzen,"Tutta Rolf (born Solveig Jenny Berntzen; 7 October 1907 – 26 October 1994) was a Norwegian-Swedish film and theatre actress and singer. Born in Oslo. She appeared in 14 films between 1932 and 1939. She was married three times, firstly to Swedish actor and singer Ernst Rolf (1930–1932) and then to American director Jack Donohue (1936–1950) and finally to Swedish director/actor Hasse Ekman (1953–1972). She was the mother of Academy Award-winning film editor Tom Rolf and actress Jill Donahue.",FALSE,FALSE,MCE
FP_new,Tyson_Hepburn,birthYear,1925,,"Tyson Hepburn is a Vancouver-based Television creator, director and producer. He is also an Executive Producer at Mayhem Entertainment.",FALSE,FALSE,FH
FP_new,Tyson_Hepburn,birthYear,1987,,"Tyson Hepburn is a Vancouver-based Television creator, director and producer. He is also an Executive Producer at Mayhem Entertainment.",FALSE,FALSE,FH
FN,Xavier_Valls,birthName,,Francesc Xavier Valls Subirà,Francesc Xavier Valls Subirà (18 September 1923 in Barcelona – 16 September 2006 in Barcelona) was a Spanish painter who lived in Paris most of his life. He specialised in still lifes. His work can be found in museums in Spain. He was the father of former French Prime Minister Manuel Valls.,TRUE,TRUE,
FP_new,Tyson_Hepburn,birthYear,2010,,"Tyson Hepburn is a Vancouver-based Television creator, director and producer. He is also an Executive Producer at Mayhem Entertainment.",FALSE,FALSE,FH
FP_new,Tyson_Hepburn,birthYear,1961,,"Tyson Hepburn is a Vancouver-based Television creator, director and producer. He is also an Executive Producer at Mayhem Entertainment.",FALSE,FALSE,FH
FP_new,Tyson_Hepburn,birthYear,1935,,"Tyson Hepburn is a Vancouver-based Television creator, director and producer. He is also an Executive Producer at Mayhem Entertainment.",FALSE,FALSE,FH
FP_new,Tyson_Hepburn,birthYear,1955,,"Tyson Hepburn is a Vancouver-based Television creator, director and producer. He is also an Executive Producer at Mayhem Entertainment.",FALSE,FALSE,FH
FP_new,Ute_Noack_%28swimmer%29,label,Ute Noack,,"Ute Noack (born 17 January 1943) is a retired German butterfly swimmer who won a gold medal in the 4 × 100 m medley relay at the 1962 European Aquatics Championships, setting a new world record. For this achievement, the relay team members were named German Sportspersonalities of the Year in the team category in 1962. Noack also won the silver medal in the 100 m butterfly at the same championships. She competed at the 1964 Summer Olympics in the 100 m butterfly, but was eliminated in the preliminaries.",TRUE,FALSE,ICE
FP_new,Uzana_II_of_Pagan,birthYear,1311,,"Uzana II of Pagan (Burmese: ဥဇနာ, pronounced [ʔṵzənà]; also Saw Mun Nit; 1311–1368) was viceroy of Pagan (Bagan) from 1325 to 1364 under the suzerain of Pinya Kingdom, and from 1365 to 1368/69 under the Ava Kingdom. He was also the last of the Pagan dynasty which dated back at least to the mid-9th century. Though still styled as King of Pagan, Uzana's effective rule, like his father's and grandfather's, amounted to just the area around Pagan city. King Swa Saw Ke of Ava (r. 1367–1400) was a nephew of Uzana II.",TRUE,TRUE,
FP_new,Uzana_II_of_Pagan,deathYear,1368,,"Uzana II of Pagan (Burmese: ဥဇနာ, pronounced [ʔṵzənà]; also Saw Mun Nit; 1311–1368) was viceroy of Pagan (Bagan) from 1325 to 1364 under the suzerain of Pinya Kingdom, and from 1365 to 1368/69 under the Ava Kingdom. He was also the last of the Pagan dynasty which dated back at least to the mid-9th century. Though still styled as King of Pagan, Uzana's effective rule, like his father's and grandfather's, amounted to just the area around Pagan city. King Swa Saw Ke of Ava (r. 1367–1400) was a nephew of Uzana II.",TRUE,TRUE,
FN,Zheng_Tianxiang,birthName,,Zheng Tianxiang,"Zheng Tianxiang (simplified Chinese: 郑天翔; traditional Chinese: 鄭天翔; pinyin: Zhèng Tiānxiáng; September 9, 1914 – October 10, 2013) was a Chinese politician and was the President of the Supreme People's Court of China.",TRUE,TRUE,
FP_new,Vibius_Sequester,birthYear,4th or 5th century,,Vibius Sequester (active in the 4th or 5th century AD) is the Latin author of lists of geographical names.,TRUE,FALSE,DFE
FP_new,Vibius_Sequester,birthYear,4th,,Vibius Sequester (active in the 4th or 5th century AD) is the Latin author of lists of geographical names.,TRUE,FALSE,DFE
FP_new,Vibius_Sequester,birthYear,4,,Vibius Sequester (active in the 4th or 5th century AD) is the Latin author of lists of geographical names.,FALSE,FALSE,WV
FP_new,Vibius_Sequester,birthYear,4th century,,Vibius Sequester (active in the 4th or 5th century AD) is the Latin author of lists of geographical names.,FALSE,FALSE,DFE
FP_different,Vicente_Sim%C3%B3n,label,Vicente Simón Foj,Vicente Simón,"Vicente Simón Foj (born 1 March 1969), is a Spanish retired footballer who played as a forward.",TRUE,FALSE,LCE
FP_new,Vikentij_Maku%C5%A1ev,deathDate,1883-01-18,,Vikentij Makušev (Russian: Викентий Васильевич Макушев) (1837—1883) was a Russian Slavist and Albanologist. He is best known because of his works about Dubrovnik. He was born on 10 November 1837 in Brest Litovsk. His father was military engineer. His mother died in 1847 of cholera. In period between 1856 and 1860 he studied at University of Petrograd. In January 1863 Makušev was appointed as Russian consul in Dubrovnik where he spent five years researching archives of Dubrovnik.,FALSE,FALSE,AC
FP_new,Vyacheslav_Rodin,label,Vyacheslav Eduardovich Rodin,,Vyacheslav Eduardovich Rodin (Russian: Вячеслав Эдуардович Родин; born 24 February 1981) is a former Russian professional football player.,TRUE,FALSE,WV
FP_new,Vyacheslav_Rodin,label,Vyacheslav Rodin,,Vyacheslav Eduardovich Rodin (Russian: Вячеслав Эдуардович Родин; born 24 February 1981) is a former Russian professional football player.,TRUE,TRUE,
FP_new,Wade_Moore,label,Wade Hampton Moore,,"Wade Hampton Moore (June 14, 1876 – June 14, 1956) was an American football and baseball player and coach. Moore was a graduate of the University of Kansas, lettering for the baseball team in 1898 and 1899, and the football team in 1899. Following his college playing career, Moore became the sixth head football coach for the Kansas State Wildcats in Manhattan, Kansas. He held that position for one season, in 1901, and his overall coaching record at Kansas State was 3 wins, 4 losses, and 1 tie. Moore also played in some of his team's games in 1901, kicking two field goals in a win over Bethany College.",TRUE,FALSE,WV
FP_new,Wade_Moore,label,Wade Moore,,"Wade Hampton Moore (June 14, 1876 – June 14, 1956) was an American football and baseball player and coach. Moore was a graduate of the University of Kansas, lettering for the baseball team in 1898 and 1899, and the football team in 1899. Following his college playing career, Moore became the sixth head football coach for the Kansas State Wildcats in Manhattan, Kansas. He held that position for one season, in 1901, and his overall coaching record at Kansas State was 3 wins, 4 losses, and 1 tie. Moore also played in some of his team's games in 1901, kicking two field goals in a win over Bethany College.",TRUE,TRUE,
FP_new,Walter_Balunek,label,Walter Daniel Balunek,,Walter Daniel Balunek (born 2 July 1972) is an Argentine former rower. He competed in the men's coxless pair event at the 1996 Summer Olympics.,TRUE,FALSE,WV
FP_new,Walter_Balunek,label,Walter Balunek,,Walter Daniel Balunek (born 2 July 1972) is an Argentine former rower. He competed in the men's coxless pair event at the 1996 Summer Olympics.,TRUE,TRUE,
FP_new,Walter_Lyghe,birthDate,1373-12-07,,Walter Lyghe was a medieval Bishop of Worcester elect. He was elected on 7 December 1373 but his election was quashed on about 12 September 1375.,TRUE,FALSE,WV
FP_new,Walter_Lyghe,birthYear,1373,,Walter Lyghe was a medieval Bishop of Worcester elect. He was elected on 7 December 1373 but his election was quashed on about 12 September 1375.,TRUE,FALSE,WV
FP_new,Wang_Yuchen_%28snooker_player%29,label,Wang Yuchen,,Wang Yuchen (born 5 August 1997 in Henan) is a Chinese former professional snooker player.,TRUE,FALSE,ICE
FP_new,William_de_Braose%2C_4th_Lord_of_Bramber,label,William de Braose,,"William de Braose, (or William de Briouze), 4th Lord of Bramber (1144/1153 – 9 August 1211), court favourite of King John of England, at the peak of his power, was also Lord of Gower, Abergavenny, Brecknock, Builth, Radnor, Kington, Limerick, Glamorgan, Skenfrith, Briouze in Normandy, Grosmont and White Castle.",TRUE,FALSE,ICE
FP_new,William_de_Braose%2C_4th_Lord_of_Bramber,birthYear,1144,,"William de Braose, (or William de Briouze), 4th Lord of Bramber (1144/1153 – 9 August 1211), court favourite of King John of England, at the peak of his power, was also Lord of Gower, Abergavenny, Brecknock, Builth, Radnor, Kington, Limerick, Glamorgan, Skenfrith, Briouze in Normandy, Grosmont and White Castle.",TRUE,TRUE,
FP_different,William_Edward_Hanford,label,William Edward,William Edward Hanford,"William Edward ""Butch"" Hanford (December 9, 1908 – January 27, 1996) was an American chemist who is best known for developing the modern process to make multipurpose material polyurethane. Hanford's most notable discovery occurred while working with fellow chemist Donald Fletcher Holmes at DuPont. On June 2, 1942, Hanford was awarded a patent for his process. Currently, this method is responsible for manufacturing many of the plastics that are used in medicine, the automotive industry, and consumer products. Hanford's later accomplishments included the development of the first liquid household detergent and a new kind of ammunition for Winchester-Western Company. For his work, Hanford was inducted into the National Inventors Hall of Fame in 1991. The New York Times has noted that Hanford's",TRUE,FALSE,ICE
FP_new,William_P%2E_Ragsdale,label,William Phileppus Ragsdale,,"William Phileppus Ragsdale (c. 1837 – November 24, 1877) was a lawyer, newspaper editor, and translator of the Kingdom of Hawaii and popular figure known for being luna or superintendent of the Kalaupapa Leprosy Settlement. Elements of his life story influenced Mark Twain's 1889 novel A Connecticut Yankee in King Arthur's Court.",TRUE,FALSE,WV
FP_new,William_P%2E_Ragsdale,label,William P.,,"William Phileppus Ragsdale (c. 1837 – November 24, 1877) was a lawyer, newspaper editor, and translator of the Kingdom of Hawaii and popular figure known for being luna or superintendent of the Kalaupapa Leprosy Settlement. Elements of his life story influenced Mark Twain's 1889 novel A Connecticut Yankee in King Arthur's Court.",FALSE,FALSE,WV
FP_new,Yegor_Baburin,label,Yegor Konstantinovich Baburin,,Yegor Konstantinovich Baburin (Russian: Егор Константинович Бабурин; born 9 August 1993) is a Russian professional football goalkeeper who plays for Torpedo Moscow on loan from Rostov.,TRUE,FALSE,WV
FP_new,Yegor_Baburin,label,Yegor Baburin,,Yegor Konstantinovich Baburin (Russian: Егор Константинович Бабурин; born 9 August 1993) is a Russian professional football goalkeeper who plays for Torpedo Moscow on loan from Rostov.,TRUE,TRUE,
FP_new,Yvette_Vickers,deathDate,2010-10-26,,"Yvette Vickers (born Yvette Iola Vedder; August 26, 1928 – c. 2010) was an American actress, pin-up model and singer.",FALSE,FALSE,AC
FP_new,Z%2E_A%2E_Shamsul_Haq,birthYear,1979,,"Z.A. Shamsul Haq was appointed as the first CMM-Chief Metropolitan Magistrate of Dhaka Bangladesh in 1979. He served as the Chief of Dhaka Metropolitan Magistracy for over a decade and retired in 1988, but continues to work as an adviser to the Bangladesh Scouts. His book, Handbook for Magistrates, was published in 1990 and acts as a guide for other Magistrates. Contact sms # 8801711520997(youngest son)",TRUE,FALSE,WV
