type,ent_uri,pred,val_pred,val_gold,abs,found,verif,reason
FP_new,Abdul_Momen_Talukder,label,Abdul Momin Talukder,,"Abdul Momin Talukder (born 29 June 1952) is a Bangladesh Nationalist Party (BNP) politician and a former Jatiya Sangsad member representing the Bogra-3 constituency during 2001–2014. In November 2021, Talukder was sentenced to death by the International Crimes Tribunal for his conviction in war crime charges during the Bangladesh Liberation War in 1971.",TRUE,TRUE,
FN,Abdul_Momen_Talukder,birthName,,Abdul Momin Talukder,"Abdul Momin Talukder (born 29 June 1952) is a Bangladesh Nationalist Party (BNP) politician and a former Jatiya Sangsad member representing the Bogra-3 constituency during 2001–2014. In November 2021, Talukder was sentenced to death by the International Crimes Tribunal for his conviction in war crime charges during the Bangladesh Liberation War in 1971.",TRUE,TRUE,
FP_new,Aguk_Shain,deathYear,1630,,"Aguk Shain was an 8th-century Chechen commander in the Arab-Khazar Wars. Shain is mentioned in the book Yu Aidaeva ""Chechens: Past and Present"", where he is described as the head of the Chechen-auhovtsev (auharov), which was involved in the Khazar wars with the Arabs. He was, the author assumes, the second person in the Khazar army. In addition, excavations on the outskirts of the Giachalk (Khazar-Kala) village show that he had close economic ties with Khazars. Shain led some of the Khazar troops. This confirmed the inclusion of Chechens in the Khazar Khanate, to which they were loyal.",FALSE,FALSE,FA
FP_new,Aguk_Shain,birthYear,8th,,"Aguk Shain was an 8th-century Chechen commander in the Arab-Khazar Wars. Shain is mentioned in the book Yu Aidaeva ""Chechens: Past and Present"", where he is described as the head of the Chechen-auhovtsev (auharov), which was involved in the Khazar wars with the Arabs. He was, the author assumes, the second person in the Khazar army. In addition, excavations on the outskirts of the Giachalk (Khazar-Kala) village show that he had close economic ties with Khazars. Shain led some of the Khazar troops. This confirmed the inclusion of Chechens in the Khazar Khanate, to which they were loyal.",TRUE,FALSE,WV
FP_new,Ahmet_Cevdet_Oran,birthName,Ahmet Cevdet Oran,,"Ahmet Cevdet Oran (mostly known as Ahmet Cevdet; 1862–27 May 1935) was a Turkish journalist who founded an influential newspaper, İkdam which was in circulation between 1894 and 1928. He was one of the early Turkish journalists who employed pure Turkish instead of Ottoman Turkish in his writings.",TRUE,TRUE,
FN,Akhmet_Baitursynov,birthName,,Ahmet Baitursynuly,"Ahmet Baitursynuly (Kazakh: Ахметт Байтұрсынұлы, أحمد بيتورسينولي, romanized: Ahmed Baitūrsynūly; Russified: Ахмет Байтурсынов) (c. 5 September 1873 — 8 December 1937) was a Kazakh intellectual who worked in the fields of politics, poetry, linguistics and education.",TRUE,TRUE,
FP_different,Akhmet_Baitursynov,label,Akhmet Baitursynuly,Akhmet Baitursynov,"Ahmet Baitursynuly (Kazakh: Ахметт Байтұрсынұлы, أحمد بيتورسينولي, romanized: Ahmed Baitūrsynūly; Russified: Ахмет Байтурсынов) (c. 5 September 1873 — 8 December 1937) was a Kazakh intellectual who worked in the fields of politics, poetry, linguistics and education.",TRUE,FALSE,WV
FP_different,Akhmet_Baitursynov,birthName,Ahmet Baitursynov,Ahmet Baitursynuly,"Ahmet Baitursynuly (Kazakh: Ахметт Байтұрсынұлы, أحمد بيتورسينولي, romanized: Ahmed Baitūrsynūly; Russified: Ахмет Байтурсынов) (c. 5 September 1873 — 8 December 1937) was a Kazakh intellectual who worked in the fields of politics, poetry, linguistics and education.",FALSE,FALSE,WV
FP_new,Al-Muhtadi,deathDate,0870-06-21,,"Abū Isḥāq Muḥammad ibn al-Wāthiq (Arabic: أبو إسحاق محمد بن هارون الواثق) (833 – 21 June 870), better known by his regnal name Al-Muhtadī bi-'llāh (Arabic: المهتدي بالله, ""Guided by God""), was the Caliph of the Abbasid Caliphate from July 869 to June 870, during the ""Anarchy at Samarra"".",TRUE,FALSE,AC
FP_different,Al-Muhtadi,deathYear,870,8701,"Abū Isḥāq Muḥammad ibn al-Wāthiq (Arabic: أبو إسحاق محمد بن هارون الواثق) (833 – 21 June 870), better known by his regnal name Al-Muhtadī bi-'llāh (Arabic: المهتدي بالله, ""Guided by God""), was the Caliph of the Abbasid Caliphate from July 869 to June 870, during the ""Anarchy at Samarra"".",TRUE,TRUE,
FP_new,Al-Muhtadi,birthYear,833,,"Abū Isḥāq Muḥammad ibn al-Wāthiq (Arabic: أبو إسحاق محمد بن هارون الواثق) (833 – 21 June 870), better known by his regnal name Al-Muhtadī bi-'llāh (Arabic: المهتدي بالله, ""Guided by God""), was the Caliph of the Abbasid Caliphate from July 869 to June 870, during the ""Anarchy at Samarra"".",TRUE,TRUE,
FP_new,Albert_Prince-Cox,birthName,Albert James Prince-Cox,,"Captain Albert James Prince-Cox (8 August 1890 – 26 October 1967) was an English football manager, player and referee, boxer, boxing promoter and a fellow of the Royal Meteorological Society. Prince-Cox became the Secretary-manager of Bristol Rovers in 1930. At the time of his appointment the club were struggling financially, but he was credited with turning the situation around through his use of the player transfer market to buy and sell players for a profit. He left The Pirates (a nickname that he introduced, along with the team's blue and white quartered shirts, which are still worn today) in 1936. He then spent two years working as a full-time boxing promoter, before being appointed as manager of Gloucester City in 1938, at which point he was one of the best-known sporting figures in",TRUE,TRUE,
FN,Alejandro_Colunga,birthName,,Alejandro Colunga Marín,"Alejandro Colunga Marín is a Mexican artist, painter and sculptor.",TRUE,TRUE,
FP_different,Alexander_Macdonald%2C_17th_of_Keppoch,label,Alexander Macdonald,"Alexander Macdonald, 17th of Keppoch","Alexander Macdonald, 17th of Keppoch (died 1746) was a Scottish clan chief, military officer, and prominent Jacobite who took part in both the 1715 and 1745 Jacobite risings. He was killed at the Battle of Culloden leading a regiment composed largely of members of his clan, the Macdonalds of Keppoch. Some genealogies give him the title 16th of Keppoch, following a previous dispute of succession.",TRUE,FALSE,ICE
FP_new,Alphonsus_Mathias,birthName,Alphonsus Mathias,,"Alphonsus Mathias (born on June 22, 1928, in Pangala, India) is a retired Roman Catholic archbishop of the archdiocese of Bangalore.",TRUE,TRUE,
FP_new,Amber_Hunt_%28journalist%29,birthName,Amber Hunt,,"Amber Hunt (born August 26, 1978) is an American journalist, podcaster, and author known for reporting on true crime. She is the host and co-creator of three true crime podcasts, Accused, Aftermath, and Crimes of the Centuries and has published four true crime books. As of February 2020, she works as an investigative reporter at The Cincinnati Enquirer.",TRUE,TRUE,
FN,Amy_Brandon_Thomas,label,,Amy Brandon Thomas,Amy Marguerite Brandon Thomas (9 March 1890 – 6 May 1974) was an English film and stage actress. She was the daughter of the playwright Brandon Thomas. She is also known as Amy Brandon-Thomas.,TRUE,TRUE,
FP_new,Andr%C3%A9s_Avelino_C%C3%A1ceres,birthName,Andrés Avelino Cáceres Dorregaray,,"Andrés Avelino Cáceres Dorregaray (November 10, 1836 – October 10, 1923) served as the President of Peru two times during the 19th century, from 1886 to 1890 as the 27th President of Peru, and again from 1894 to 1895 as the 30th President of Peru. In Peru, he is considered a national hero for leading the resistance to Chilean occupation during the War of the Pacific (1879–1883), where he fought as a General in the Peruvian Army.",TRUE,TRUE,
FP_different,Andr%C3%A9s_Avelino_C%C3%A1ceres,label,Andrés Avelino Cáceres Dorregaray,Andrés Avelino Cáceres,"Andrés Avelino Cáceres Dorregaray (November 10, 1836 – October 10, 1923) served as the President of Peru two times during the 19th century, from 1886 to 1890 as the 27th President of Peru, and again from 1894 to 1895 as the 30th President of Peru. In Peru, he is considered a national hero for leading the resistance to Chilean occupation during the War of the Pacific (1879–1883), where he fought as a General in the Peruvian Army.",TRUE,FALSE,LCE
FN,Andrew_Constantinides_Zenos,birthName,,Andrew Constantinides Zenos,"Andrew Constantinides Zenos (Greek: Ανδρέας Κωνσταντινίδης Ξένος; August 13, 1855 – January 25, 1942) was a Presbyterian minister, author, translator, professor, and lecturer. He spoke eleven languages including Greek, Latin, and Hebrew. He wrote a large number of books about theology. He spent most of his career at McCormick Theological Seminary in Chicago. He was dean of the institution from 1920 to 1934. He is one of three notable Greek-American ministers in the United States during the 19th century. The other two were abolitionists John Celivergos Zachos and Photius Fisk. He frequently lectured across the United States.",TRUE,TRUE,
FN,Andrew_Lang_Petrie,birthName,,Andrew Lang Petrie,"Andrew Lang Petrie (25 June 1854 – 1 April 1928) was a builder, stonemason and politician in Queensland, Australia. He was a Member of the Queensland Legislative Assembly.",TRUE,TRUE,
FP_new,Antonio_d%27Aquino,deathDate,1578-01-10,,Antonio d'Aquino (died 10 January 1578) was a Roman Catholic prelate who served as Archbishop of Taranto (1618-1627) and Bishop of Sarno (1595-1618).,TRUE,TRUE,
FP_different,Antonio_d%27Aquino,deathYear,1578,1627,Antonio d'Aquino (died 10 January 1578) was a Roman Catholic prelate who served as Archbishop of Taranto (1618-1627) and Bishop of Sarno (1595-1618).,TRUE,TRUE,
FP_new,Antonio_d%27Aquino,birthDate,1578-01-10,,Antonio d'Aquino (died 10 January 1578) was a Roman Catholic prelate who served as Archbishop of Taranto (1618-1627) and Bishop of Sarno (1595-1618).,TRUE,TRUE,
FP_new,Antonio_d%27Aquino,birthYear,1578,,Antonio d'Aquino (died 10 January 1578) was a Roman Catholic prelate who served as Archbishop of Taranto (1618-1627) and Bishop of Sarno (1595-1618).,TRUE,FALSE,WV
FN,Antonio_d%27Aquino,deathYear,,1627,Antonio d'Aquino (died 10 January 1578) was a Roman Catholic prelate who served as Archbishop of Taranto (1618-1627) and Bishop of Sarno (1595-1618).,TRUE,FALSE,WPE
FN,Arthur_Paget_%28British_Army_officer%29,birthDate,,1851-03-01,"General Sir Arthur Henry Fitzroy Paget, GCB, GCVO, PC (Ire) (1 March 1851 – 8 December 1928) was a soldier who reached the rank of General and served as Commander-in-Chief, Ireland, where he was partly responsible for the Curragh Incident.",TRUE,TRUE,
FN,Arthur_Paget_%28British_Army_officer%29,birthYear,,1851,"General Sir Arthur Henry Fitzroy Paget, GCB, GCVO, PC (Ire) (1 March 1851 – 8 December 1928) was a soldier who reached the rank of General and served as Commander-in-Chief, Ireland, where he was partly responsible for the Curragh Incident.",TRUE,TRUE,
FP_new,Arthur_Paget_%28British_Army_officer%29,birthName,Arthur Henry Fitzroy Paget,,"General Sir Arthur Henry Fitzroy Paget, GCB, GCVO, PC (Ire) (1 March 1851 – 8 December 1928) was a soldier who reached the rank of General and served as Commander-in-Chief, Ireland, where he was partly responsible for the Curragh Incident.",TRUE,TRUE,
FP_new,Ashley_Lloyd,birthName,Ashley Luke Lloyd,,"Ashley Lloyd (billed as Ashley Luke Lloyd) (born 6 July 1991) is a British actor and dancer, who has performed in hit musical theatre shows such as Billy Elliot the Musical and Whistle Down the Wind. In 2012 Lloyd appeared in the new musical Loserville at the Garrick Theatre in London. Lloyd appeared in the Original London Cast of Dreamgirls at The Savoy Theatre and is now appearing in Saturday Night Fever at The Peacock Theatre in London. Fans of Hollyoaks might recognise Lloyd from the hit TV show playing Troy.",TRUE,TRUE,
FP_new,Audu_Bako,birthName,Audu Bako,,Audu Bako (1924–1980) was a Nigerian police officer and the first Governor of Kano State during the military regime of General Yakubu Gowon after the state was formed from part of Northern Region.,TRUE,TRUE,
FP_new,Auguste-Nicolas_Vaillant,birthName,Auguste-Nicolas Vaillant,,"Auguste-Nicolas Vaillant (2 July 1793 – 1 November 1858) was a French sailor who worked his way up through the ranks from common seaman to rear-admiral. In 1836–37 he captained a 21-month voyage round the globe in which the scientists made many useful botanical and zoological observations, later described in an 11-volume illustrated account. He was briefly Minister of Navy and Colonies in 1851 during the French Second Republic.",TRUE,TRUE,
FN,Azumi_Asakura,birthName,,Azumi Yamamoto,"Azumi Yamamoto (山本 杏美, Yamamoto Azumi, born February 15, 1987), also known as Azumi Asakura (浅倉 杏美, Asakura Azumi), is a Japanese voice actress affiliated with Arts Vision.",TRUE,TRUE,
FP_different,Balzhan_Bultrikova,birthName,Balzhan Bultrikova,Balzhan Böltırıkova,"Balzhan Bultrikova (Kazakh: Балжан Бөлтірікова; Baljan Böltırıkova, 15 November 1921 – 14 May 1998) was a Soviet and Kazakh teacher and politician who helped establish the diplomatic corps in the Kazakh Soviet Socialist Republic. She was the first woman to serve as Minister of Foreign Affairs and first Kazakh diplomat to participate in the General Assembly of the United Nations. She was honored with numerous medals and awards, including the Order of the Badge of Honour and the Order of the Red Banner of Labour.",TRUE,TRUE,
FP_different,Balzhan_Bultrikova,birthName,Baljan Böltırıkova,Balzhan Böltırıkova,"Balzhan Bultrikova (Kazakh: Балжан Бөлтірікова; Baljan Böltırıkova, 15 November 1921 – 14 May 1998) was a Soviet and Kazakh teacher and politician who helped establish the diplomatic corps in the Kazakh Soviet Socialist Republic. She was the first woman to serve as Minister of Foreign Affairs and first Kazakh diplomat to participate in the General Assembly of the United Nations. She was honored with numerous medals and awards, including the Order of the Badge of Honour and the Order of the Red Banner of Labour.",TRUE,TRUE,
FP_different,Basiliscus,deathYear,476,4701,"Basiliscus (Greek: Βασιλίσκος, Basilískos; died 476/477) was Eastern Roman emperor from 9 January 475 to August 476. He became magister militum per Thracias in 464, under his brother-in-law, Emperor Leo (r. 457–474). Basiliscus commanded the army for an invasion of the Vandal Kingdom in 468, which was defeated at the Battle of Cape Bon. There were accusations at the time that Basiliscus was bribed by Aspar, the magister militum; many historians dismiss this, instead concluding that Basiliscus was either incompetent or foolish for accepting Vandal King Gaiseric's offer of a truce, which the latter used to construct fireships. Basiliscus's defeat cost the Eastern Empire 130,000 pounds (59,000 kg) of gold, causing the empire to hover above bankruptcy for 30 years. When Basiliscus returned to",TRUE,TRUE,
FP_new,Basiliscus,birthYear,476,,"Basiliscus (Greek: Βασιλίσκος, Basilískos; died 476/477) was Eastern Roman emperor from 9 January 475 to August 476. He became magister militum per Thracias in 464, under his brother-in-law, Emperor Leo (r. 457–474). Basiliscus commanded the army for an invasion of the Vandal Kingdom in 468, which was defeated at the Battle of Cape Bon. There were accusations at the time that Basiliscus was bribed by Aspar, the magister militum; many historians dismiss this, instead concluding that Basiliscus was either incompetent or foolish for accepting Vandal King Gaiseric's offer of a truce, which the latter used to construct fireships. Basiliscus's defeat cost the Eastern Empire 130,000 pounds (59,000 kg) of gold, causing the empire to hover above bankruptcy for 30 years. When Basiliscus returned to",TRUE,FALSE,WV
FP_new,Basiliscus,birthYear,475,,"Basiliscus (Greek: Βασιλίσκος, Basilískos; died 476/477) was Eastern Roman emperor from 9 January 475 to August 476. He became magister militum per Thracias in 464, under his brother-in-law, Emperor Leo (r. 457–474). Basiliscus commanded the army for an invasion of the Vandal Kingdom in 468, which was defeated at the Battle of Cape Bon. There were accusations at the time that Basiliscus was bribed by Aspar, the magister militum; many historians dismiss this, instead concluding that Basiliscus was either incompetent or foolish for accepting Vandal King Gaiseric's offer of a truce, which the latter used to construct fireships. Basiliscus's defeat cost the Eastern Empire 130,000 pounds (59,000 kg) of gold, causing the empire to hover above bankruptcy for 30 years. When Basiliscus returned to",TRUE,FALSE,WV
FP_different,Basiliscus,deathYear,477,4701,"Basiliscus (Greek: Βασιλίσκος, Basilískos; died 476/477) was Eastern Roman emperor from 9 January 475 to August 476. He became magister militum per Thracias in 464, under his brother-in-law, Emperor Leo (r. 457–474). Basiliscus commanded the army for an invasion of the Vandal Kingdom in 468, which was defeated at the Battle of Cape Bon. There were accusations at the time that Basiliscus was bribed by Aspar, the magister militum; many historians dismiss this, instead concluding that Basiliscus was either incompetent or foolish for accepting Vandal King Gaiseric's offer of a truce, which the latter used to construct fireships. Basiliscus's defeat cost the Eastern Empire 130,000 pounds (59,000 kg) of gold, causing the empire to hover above bankruptcy for 30 years. When Basiliscus returned to",TRUE,TRUE,
FN,Basiliscus,deathYear,,4701,"Basiliscus (Greek: Βασιλίσκος, Basilískos; died 476/477) was Eastern Roman emperor from 9 January 475 to August 476. He became magister militum per Thracias in 464, under his brother-in-law, Emperor Leo (r. 457–474). Basiliscus commanded the army for an invasion of the Vandal Kingdom in 468, which was defeated at the Battle of Cape Bon. There were accusations at the time that Basiliscus was bribed by Aspar, the magister militum; many historians dismiss this, instead concluding that Basiliscus was either incompetent or foolish for accepting Vandal King Gaiseric's offer of a truce, which the latter used to construct fireships. Basiliscus's defeat cost the Eastern Empire 130,000 pounds (59,000 kg) of gold, causing the empire to hover above bankruptcy for 30 years. When Basiliscus returned to",FALSE,FALSE,WV
FP_new,Ben_Hill_Griffin_Jr%2E,birthName,Ben Hill Griffin Jr.,,"Ben Hill Griffin Jr. (October 20, 1910 – March 1, 1990) was a prominent American businessman, citrus producer, politician, and philanthropist who was a native and resident of Florida. He was an alumnus of the University of Florida, a former legislator, one-time candidate for governor, and a patron of college sports and higher education in Florida. Several of his grandchildren remain active in Florida politics. Griffin is the subject of the final chapter of John McPhee's work of creative nonfiction Oranges.",TRUE,TRUE,
FP_new,Benedykt_Kraskowski,deathDate,1944-12-16,,"Benedykt Kraskowski (1904, Biała Podlaska, Poland – 1944), was a Polish ""Righteous Among the Nations"" of German descent, with Jews he employed in his carpentry workshop. Kraskowski, who lived in Biala Podlaska, hid Jews and procured forged identity documents for them. For those in hiding who wished to join the partisans, he provided money and food. Kraskowski was killed by Ukrainian nationalists in 1944. On December 16, 1986, for saving Jews, he was posthumously recognized as a Righteous among the Nations by Yad Vashem, the highest honor given to a non-Jew.",FALSE,FALSE,AC
FP_new,Benjamin_F%2E_Deming,birthName,Benjamin F.Deming,,"Benjamin F. Deming (August 12, 1790 – July 11, 1834) was an American merchant and politician. He served as a U.S. Representative from Vermont.",FALSE,TRUE,
FN,Benjamin_F%2E_Deming,label,,Benjamin F.Deming,"Benjamin F. Deming (August 12, 1790 – July 11, 1834) was an American merchant and politician. He served as a U.S. Representative from Vermont.",FALSE,TRUE,
FN,Bernadeta_Bocek-Piotrowska,birthName,,Bernadeta Maria Bocek-Piotrowska,"Bernadeta Maria Bocek-Piotrowska (born March 11, 1970 in Istebna) is a Polish former cross-country skier who competed in the early 1990s. In the Olympics she was competing in 5, 15 and 30 km races, the 5 + 10 km pursuit and the 4 × 5 km relays. She took part in the 1992 Winter Olympics in Albertville with her best result being a 10th rank in women's 4 × 5 km relay. She finished eighth in the 4 × 5 km relay at the 1994 Winter Olympics in Lillehammer. In 1993 she was seventh in the 30 km race during world championships in Falun. In the 1998 Winter Olympics in Nagano the 4 × 5 km relay team became 13th, which was her best result in this games.",TRUE,TRUE,
FP_new,Beth_Campbell_%28jurist%29,label,Beth Campbell,,Lisbeth Campbell is a Magistrate of the Australian Capital Territory. She was sworn in as a Magistrate on 5 August 1998. She is the second woman to be appointed as a magistrate in the Australian Capital Territory.,TRUE,FALSE,ICL
FN,Beth_Campbell_%28jurist%29,birthName,,Lisbeth Campbell,Lisbeth Campbell is a Magistrate of the Australian Capital Territory. She was sworn in as a Magistrate on 5 August 1998. She is the second woman to be appointed as a magistrate in the Australian Capital Territory.,TRUE,TRUE,
FP_different,Beth_Campbell_%28jurist%29,birthName,Leth Campbell,Lisbeth Campbell,Lisbeth Campbell is a Magistrate of the Australian Capital Territory. She was sworn in as a Magistrate on 5 August 1998. She is the second woman to be appointed as a magistrate in the Australian Capital Territory.,FALSE,FALSE,MCE
FP_new,Beth_Campbell_%28jurist%29,birthDate,1998-08-05,,Lisbeth Campbell is a Magistrate of the Australian Capital Territory. She was sworn in as a Magistrate on 5 August 1998. She is the second woman to be appointed as a magistrate in the Australian Capital Territory.,TRUE,FALSE,WV
FP_new,Beth_Campbell_%28jurist%29,birthYear,1998,,Lisbeth Campbell is a Magistrate of the Australian Capital Territory. She was sworn in as a Magistrate on 5 August 1998. She is the second woman to be appointed as a magistrate in the Australian Capital Territory.,TRUE,FALSE,WV
FP_different,Beverly_L%2E_Clarke,deathDate,1862-03-17,1860-03-17,"Beverly Leonidas Clarke (February 11, 1809 – March 17, 1860) was a U.S. Representative from Kentucky. He was known for his ""sterling integrity, gentlemanly manners, and polished oratory.""",FALSE,FALSE,AC
FP_different,Beverly_L%2E_Clarke,deathYear,1862,1860,"Beverly Leonidas Clarke (February 11, 1809 – March 17, 1860) was a U.S. Representative from Kentucky. He was known for his ""sterling integrity, gentlemanly manners, and polished oratory.""",FALSE,FALSE,FH
FP_new,Bob_Franklin_%28comedian%29,birthYear,1965,,"Robert Andrew Franklin (born 1965), is a Hillingdon, London-born, Welsh raised, comedian who has lived in Australia since 1989.",TRUE,TRUE,
FN,Bob_Franklin_%28comedian%29,birthName,,Robert Andrew Franklin,"Robert Andrew Franklin (born 1965), is a Hillingdon, London-born, Welsh raised, comedian who has lived in Australia since 1989.",TRUE,TRUE,
FP_different,Bob_Goen,label,Bob Kuehl Goen,Bob Goen,"Robert Kuehl Goen (born December 1, 1954) is an American game show emcee and television personality, best known for his work on Entertainment Tonight between 1993 and 2004 and as the fourth and final host of the daytime Wheel of Fortune from 1989 to 1991.",TRUE,FALSE,LCE
FN,Bob_Goen,label,,Bob Goen,"Robert Kuehl Goen (born December 1, 1954) is an American game show emcee and television personality, best known for his work on Entertainment Tonight between 1993 and 2004 and as the fourth and final host of the daytime Wheel of Fortune from 1989 to 1991.",TRUE,TRUE,
FP_new,Bob_Peak,birthName,Robert M.Peak,,"Robert M. Peak (May 30, 1927 – August 1, 1992) was an American commercial illustrator. He is best known for his developments in the design of the modern film poster. His artwork has been on the cover of Time magazine, TV Guide, and Sports Illustrated. He also illustrated advertisements and U.S. postage stamps.",FALSE,TRUE,
FP_different,Bojan_Krki%C4%87,label,Bojan Krkić Pérez,Bojan Krkić,"Bojan Krkić Pérez (Spanish pronunciation: [ˈboʝaŋ ˈkiɾkitʃ ˈpeɾeθ]; Serbian Cyrillic: Бојан Кркић Перез, pronounced [bǒjan kr̩̂kitɕ pěrez]; born 28 August 1990), also known as simply Bojan, is a Spanish footballer who plays as a forward for J1 League club Vissel Kobe. Roma did not exercise their option of an additional €28 million to sign Bojan definitively, and so Barcelona re-signed him for €13 million. He spent the 2013–14 season on loan at Dutch club Ajax with whom he helped win the Eredivisie title. In July 2014, Bojan joined English club Stoke City for €1.8 million.",TRUE,FALSE,LCE
FN,Bona_%28singer%29,birthName,,Kim Ji-yeon,"Kim Ji-yeon (Korean: 김지연; born August 19, 1995), better known by her stage name Bona, is a South Korean singer and actress. She is a member of the South Korean-Chinese girl group WJSN, and also its sub-unit WJSN The Black. She made her acting debut in the KBS2 drama Hit the Top (2017), and was cast as the female lead in the teen drama Girls' Generation 1979 (2018). Most recently, Bona gained recognition for her portrayal as world champion and gold medalist fencer Ko Yu-rim in the tvN drama Twenty-Five Twenty-One (2022).",TRUE,TRUE,
FN,Brian_Patrick_Regan,birthName,,Brian Patrick Regan,"Brian Patrick Regan (born October 23, 1962, in New York City, New York) is a former master sergeant in the United States Air Force who was convicted of offering to sell secret information to foreign governments.",TRUE,TRUE,
FP_new,Carol_Hughes_%28politician%29,birthName,Carol R.Hughes,,"Carol R. Hughes MP (born November 26, 1958 in Val Caron, Ontario) is a Canadian politician, who has represented the electoral district of Algoma—Manitoulin—Kapuskasing in the House of Commons of Canada since 2008. She is a member of the New Democratic Party. Prior to being elected, she worked as a staff representative for the Canadian Labour Congress. She ran as the NDP's candidate in the 2004 election and the 2006 election, losing to Liberal incumbent Brent St. Denis both times. Hughes endorsed Niki Ashton in the 2012 NDP leadership election, and Charlie Angus in the 2017 leadership election.",FALSE,TRUE,
FP_new,Catharine_Carter_Critcher,label,Catharine Carter Critcher,,"Catharine (sometimes Catherine) Carter Critcher (September 13, 1868 – June 11, 1964) was an American painter. A native of Westmoreland County, Virginia, she worked in Paris and Washington, D.C. before becoming, in 1924, a member of the Taos Society of Artists, the only woman ever elected to that body. She was a long time member of the Arts Club of Washington.",TRUE,TRUE,
FP_new,Catharine_Carter_Critcher,birthName,Catharine Carter Critcher,,"Catharine (sometimes Catherine) Carter Critcher (September 13, 1868 – June 11, 1964) was an American painter. A native of Westmoreland County, Virginia, she worked in Paris and Washington, D.C. before becoming, in 1924, a member of the Taos Society of Artists, the only woman ever elected to that body. She was a long time member of the Arts Club of Washington.",FALSE,TRUE,
FP_different,Charlotte_D%27Alessio,birthName,Charlotte Briar Christina D'Alessio,Briar Christina D'Alessio,"Charlotte Briar Christina D’Alessio (born Briar Christina D’Alessio; May 5, 1998) is a Canadian model and social media influencer. She was discovered at Coachella.",TRUE,FALSE,ICE
FP_new,Cleitus_the_Black,deathYear,1856,,"Cleitus the Black (Greek: Κλεῖτος ὁ μέλας; c. 375 BC – 328 BC), was an officer of the Macedonian army led by Alexander the Great. He saved Alexander's life at the Battle of the Granicus in 334 BC and was killed by him in a drunken quarrel six years later. Cleitus was the son of Dropidas (who was the son of Critias) and brother of Alexander's nurse, Lanike. He would be given the epithet 'the Black' to distinguish him from Cleitus the White.",FALSE,FALSE,FH
FP_new,Cleitus_the_Black,birthYear,375,,"Cleitus the Black (Greek: Κλεῖτος ὁ μέλας; c. 375 BC – 328 BC), was an officer of the Macedonian army led by Alexander the Great. He saved Alexander's life at the Battle of the Granicus in 334 BC and was killed by him in a drunken quarrel six years later. Cleitus was the son of Dropidas (who was the son of Critias) and brother of Alexander's nurse, Lanike. He would be given the epithet 'the Black' to distinguish him from Cleitus the White.",TRUE,FALSE,DFE
FP_new,Cleitus_the_Black,deathYear,1886,,"Cleitus the Black (Greek: Κλεῖτος ὁ μέλας; c. 375 BC – 328 BC), was an officer of the Macedonian army led by Alexander the Great. He saved Alexander's life at the Battle of the Granicus in 334 BC and was killed by him in a drunken quarrel six years later. Cleitus was the son of Dropidas (who was the son of Critias) and brother of Alexander's nurse, Lanike. He would be given the epithet 'the Black' to distinguish him from Cleitus the White.",FALSE,FALSE,FH
FP_new,Cleitus_the_Black,deathYear,328,,"Cleitus the Black (Greek: Κλεῖτος ὁ μέλας; c. 375 BC – 328 BC), was an officer of the Macedonian army led by Alexander the Great. He saved Alexander's life at the Battle of the Granicus in 334 BC and was killed by him in a drunken quarrel six years later. Cleitus was the son of Dropidas (who was the son of Critias) and brother of Alexander's nurse, Lanike. He would be given the epithet 'the Black' to distinguish him from Cleitus the White.",TRUE,FALSE,DFE
FP_new,Cleitus_the_Black,birthYear,375 BC,,"Cleitus the Black (Greek: Κλεῖτος ὁ μέλας; c. 375 BC – 328 BC), was an officer of the Macedonian army led by Alexander the Great. He saved Alexander's life at the Battle of the Granicus in 334 BC and was killed by him in a drunken quarrel six years later. Cleitus was the son of Dropidas (who was the son of Critias) and brother of Alexander's nurse, Lanike. He would be given the epithet 'the Black' to distinguish him from Cleitus the White.",TRUE,TRUE,
FP_new,Cleitus_the_Black,deathYear,328 BC,,"Cleitus the Black (Greek: Κλεῖτος ὁ μέλας; c. 375 BC – 328 BC), was an officer of the Macedonian army led by Alexander the Great. He saved Alexander's life at the Battle of the Granicus in 334 BC and was killed by him in a drunken quarrel six years later. Cleitus was the son of Dropidas (who was the son of Critias) and brother of Alexander's nurse, Lanike. He would be given the epithet 'the Black' to distinguish him from Cleitus the White.",TRUE,TRUE,
FN,Concha_Michel,birthName,,Concha Michel,"Concha Michel (1899–1990) was a singer-songwriter, political activist, playwright, and a researcher who published several projects on the culture of indigenous communities. She was one of the few women who performed in the corrido style. She created the Institute of Folklore in Michoacan and was one of the first collectors of folklore and preservers of the traditions of the Mexican people. She was a cultural icon having relationships with two presidents, and a broad range of Mexico's most prominent artists including Diego Rivera, Frida Kahlo, Guadalupe Marín, Tina Modotti, Elena Poniatowska, Anita Brenner and others.",TRUE,TRUE,
FP_new,Cyril_Herbert_Williams,birthName,Cyril Herbert Williams,,Cyril Herbert Williams CMG OBE (1908-1983) was Provincial Commissioner of the Nyanza Province of Kenya (1951–56).,TRUE,TRUE,
FP_new,Dani_Lorenzo,label,Dani Lorenzo Guerrero,,"Daniel ""Dani"" Lorenzo Guerrero (born 5 April 2003) is a Spanish footballer who plays as an attacking midfielder for Málaga CF.",TRUE,FALSE,LCE
FP_new,Dani_Lorenzo,label,Dani Lorenzo,,"Daniel ""Dani"" Lorenzo Guerrero (born 5 April 2003) is a Spanish footballer who plays as an attacking midfielder for Málaga CF.",TRUE,TRUE,
FP_new,Dani_Lorenzo,label,Dani Guerrero,,"Daniel ""Dani"" Lorenzo Guerrero (born 5 April 2003) is a Spanish footballer who plays as an attacking midfielder for Málaga CF.",TRUE,FALSE,WV
FP_different,Dave_Coskunian,label,Dave Coskunianian,Dave Coskunian,"Davit ""Dave Coskunian"" Çoşkun was a Turkish-American soccer player of Armenian descent who earned three caps with the U.S. national team. He played one season in the National Professional Soccer League and one in the North American Soccer League.",FALSE,FALSE,GLS
FN,Dave_Coskunian,label,,Dave Coskunian,"Davit ""Dave Coskunian"" Çoşkun was a Turkish-American soccer player of Armenian descent who earned three caps with the U.S. national team. He played one season in the National Professional Soccer League and one in the North American Soccer League.",TRUE,TRUE,
FP_new,Dave_Coskunian,birthYear,1915,,"Davit ""Dave Coskunian"" Çoşkun was a Turkish-American soccer player of Armenian descent who earned three caps with the U.S. national team. He played one season in the National Professional Soccer League and one in the North American Soccer League.",FALSE,FALSE,FH
FP_new,Dave_Coskunian,birthYear,1962,,"Davit ""Dave Coskunian"" Çoşkun was a Turkish-American soccer player of Armenian descent who earned three caps with the U.S. national team. He played one season in the National Professional Soccer League and one in the North American Soccer League.",FALSE,FALSE,FH
FN,David_Leviathan,birthName,,David Leviathan,"David Leviathan (born 6 August 1950) is an Israeli painter, sculptor, and poet.",TRUE,TRUE,
FN,David_Shore,birthName,,David Shore,"David Shore (born July 3, 1959) is a Canadian television writer. Shore worked on Family Law, NYPD Blue and Due South, also producing many episodes of the latter. He created the critically acclaimed series House and more recently, Battle Creek and The Good Doctor.",TRUE,TRUE,
FP_new,Deborah_Bonham,alias,Deborah Bonham,,"Deborah Bonham (born 7 February 1962) is an English rock and blues singer and the sister of John Bonham, the late drummer for the band Led Zeppelin. Born in Redditch, Worcestershire, she lived with her father in The Old Hyde farm, Cutnall Green (the location where John Bonham's fantasy sequence was filmed for The Song Remains the Same). While living there, she started playing and recording music with her nephew Jason Bonham who has played drums on her two most recent studio releases.",TRUE,FALSE,WV
FP_different,Denise_Poirier,label,Denise Pooirier,Denise Poirier,"Denise Poirier is an American actress. She is best known for playing the character of Æon Flux in the MTV animated series of the same name. She also had prominent roles in Reign: The Conqueror, HBO's Spawn, and the 1998 Urban Vision Entertainment dub of Golgo 13: Queen Bee, the Vampire Hunter D video game, as well as guest appearances on Seinfeld, Frasier, Murphy Brown, and 3rd Rock from the Sun.",FALSE,FALSE,GLS
FP_new,Diana_Butler_Bass,birthName,Diana Butler Bass,,"Diana Butler Bass (born February 19, 1959) is an American historian of Christianity and an advocate for progressive Christianity. She is the author of eleven books, many of which have won research or writing awards. Bass is associated with Sojourners, and with the Red-Letter Christian movement. As of this date, Bass is a member of the Episcopal Church.",TRUE,TRUE,
FP_new,Dietmar_Friedhoff,birthName,Dietmar Friedhoff,,Dietmar Friedhoff (born 18 June 1966) is a German politician for the populist Alternative for Germany (AfD) and since 2017 member of the Bundestag.,TRUE,TRUE,
FN,Don_Pardo,birthName,,Dominick George,"Dominick George ""Don"" Pardo (February 22, 1918 – August 18, 2014) was an American radio and television announcer whose career spanned more than seven decades. A member of the Television Hall of Fame, Pardo was noted for his 70-year tenure with NBC, working as the announcer for early incarnations of such notable shows as The Price Is Right, Jackpot, Jeopardy!, Three on a Match, Winning Streak and NBC Nightly News. His longest, and best-known, announcing job was for NBC's Saturday Night Live, a job he held for 38 seasons, from the show's debut in 1975 until 1981 and then 1982 until his death in 2014.",TRUE,TRUE,
FN,Duncan_McFetridge,birthName,,Duncan McFetridge,"Duncan McFetridge (born 27 January 1952) is an Australian politician who represented the South Australian House of Assembly seat of Morphett for the Liberal Party from the 2002 election until 2018. Entering shadow cabinet in 2004, he was re-elected at the 2006, 2010 and 2014 elections, and holds the seat with a margin of 12.9 points. This was reduced to 7.7 points following the 2016 redistribution. McFetridge lost his shadow cabinet position in January 2017.",TRUE,TRUE,
FP_different,E%2E_V%2E_K%2E_Sampath,label,Erode Venkatappa Krishnasamy Sampath,E.V.K.Sampath,"Erode Venkatappa Krishnasamy Sampath(c. 5 March 1926 – 23 February 1977), usually referred to as E. V. K. Sampath was a prominent politician from Tamil Nadu, India. He was an advocate of the Dravidian Movement of Periyar E. V. Ramasamy and was considered by some as his political heir. He later split from Periyar's Dravidar Kazhagam to form Dravida Munnetra Kazhagam (DMK) along with C. N. Annadurai. In spite of being one of the founders of DMK he later left and formed his own party, by the name, Tamil National Party. Nevertheless, he later merged his party with the Indian National Congress. He is a former Member of Parliament from the constituency of Namakkal",TRUE,FALSE,LCE
FN,E%2E_V%2E_K%2E_Sampath,birthName,,Erode Venkatappa Krishnasamy Sampath,"Erode Venkatappa Krishnasamy Sampath(c. 5 March 1926 – 23 February 1977), usually referred to as E. V. K. Sampath was a prominent politician from Tamil Nadu, India. He was an advocate of the Dravidian Movement of Periyar E. V. Ramasamy and was considered by some as his political heir. He later split from Periyar's Dravidar Kazhagam to form Dravida Munnetra Kazhagam (DMK) along with C. N. Annadurai. In spite of being one of the founders of DMK he later left and formed his own party, by the name, Tamil National Party. Nevertheless, he later merged his party with the Indian National Congress. He is a former Member of Parliament from the constituency of Namakkal",TRUE,TRUE,
FN,E%2E_V%2E_K%2E_Sampath,label,,E.V.K.Sampath,"Erode Venkatappa Krishnasamy Sampath(c. 5 March 1926 – 23 February 1977), usually referred to as E. V. K. Sampath was a prominent politician from Tamil Nadu, India. He was an advocate of the Dravidian Movement of Periyar E. V. Ramasamy and was considered by some as his political heir. He later split from Periyar's Dravidar Kazhagam to form Dravida Munnetra Kazhagam (DMK) along with C. N. Annadurai. In spite of being one of the founders of DMK he later left and formed his own party, by the name, Tamil National Party. Nevertheless, he later merged his party with the Indian National Congress. He is a former Member of Parliament from the constituency of Namakkal",FALSE,TRUE,
FP_new,Edwin_Abbott_%28public_servant%29,birthName,Edwin Abbott,,"Edwin Abbott CBE (21 November 1878 – 1 September 1947) was a senior Australian public servant. Between 1933 and 1944, he was Controller-General of the Department of Trade and Customs.",TRUE,TRUE,
FP_new,Edwin_Abbott_%28public_servant%29,birthName,Edwin Abbott Abbott,,"Edwin Abbott CBE (21 November 1878 – 1 September 1947) was a senior Australian public servant. Between 1933 and 1944, he was Controller-General of the Department of Trade and Customs.",FALSE,FALSE,GLS
FN,Eli_Fantasy,label,,Eli Fantasy,"Elinnette Rodríguez Calderín (Yauco, Puerto Rico, October 14, 1994), with stage name Eli Fantasy, is a Puerto Rican urban singer and model. Eliennette represented her native Yauco at the Miss Universe Puerto Rico pageant in 2015 where she won the Miss Amistad award. In 2016, she transitioned to the world of exotic dance to the music industry. Her musical career began with a video entitled La Peseta, characterized by its humorous content, urban rhythm and the colorful presence that Eli Fantasy possesses.",TRUE,TRUE,
FN,Eman_Suleman,birthName,,Eman Suleman,"Eman Suleman (born 1 January 1992) is a Pakistani model and actress. She started her modeling career in 2017 and since then appeared in ramps and advertisements. She is also known for her role as Yasmeen in Sarmad Khoosat's Aakhri Station (2018). In 2019, she receives nomination for Best Emerging Model at 18th Lux Style Awards. Eman is a vocal feminist and has endorsed causes such as students' rights and the MeToo movement.",TRUE,TRUE,
FP_different,Empress_Jit%C5%8D,birthYear,645,6401,"Empress Jitō (持統天皇, Jitō-tennō, 645 – 13 January 703) was the 41st monarch of Japan, according to the traditional order of succession. Jitō's reign spanned the years from 686 through 697. In the history of Japan, Jitō was the third of eight women to take on the role of empress regnant. The two female monarchs before Jitō were Suiko and Kōgyoku/Saimei. The five women sovereigns reigning after Jitō were Genmei, Genshō, Kōken/Shōtoku, Meishō, and Go-Sakuramachi.",TRUE,TRUE,
FP_different,Empress_Jit%C5%8D,deathYear,703,7001,"Empress Jitō (持統天皇, Jitō-tennō, 645 – 13 January 703) was the 41st monarch of Japan, according to the traditional order of succession. Jitō's reign spanned the years from 686 through 697. In the history of Japan, Jitō was the third of eight women to take on the role of empress regnant. The two female monarchs before Jitō were Suiko and Kōgyoku/Saimei. The five women sovereigns reigning after Jitō were Genmei, Genshō, Kōken/Shōtoku, Meishō, and Go-Sakuramachi.",FALSE,TRUE,
FP_different,Empress_Jit%C5%8D,deathDate,0703-01-13,0703-01-13,"Empress Jitō (持統天皇, Jitō-tennō, 645 – 13 January 703) was the 41st monarch of Japan, according to the traditional order of succession. Jitō's reign spanned the years from 686 through 697. In the history of Japan, Jitō was the third of eight women to take on the role of empress regnant. The two female monarchs before Jitō were Suiko and Kōgyoku/Saimei. The five women sovereigns reigning after Jitō were Genmei, Genshō, Kōken/Shōtoku, Meishō, and Go-Sakuramachi.",TRUE,TRUE,
FP_different,Empress_Jit%C5%8D,deathYear,703,7001,"Empress Jitō (持統天皇, Jitō-tennō, 645 – 13 January 703) was the 41st monarch of Japan, according to the traditional order of succession. Jitō's reign spanned the years from 686 through 697. In the history of Japan, Jitō was the third of eight women to take on the role of empress regnant. The two female monarchs before Jitō were Suiko and Kōgyoku/Saimei. The five women sovereigns reigning after Jitō were Genmei, Genshō, Kōken/Shōtoku, Meishō, and Go-Sakuramachi.",TRUE,TRUE,
FN,Eric_Parry,label,,Eric Parry,"Eric Owen Parry RA (born 24 March 1952) is a British architect, designer, writer and educator. Parry is the founder and principal of Eric Parry Architects established in London in 1983. His built work includes the restoration and renewal of St Martin-in-the-Fields in London, the Holburne Museum in Bath, 50 New Bond Street, 23 Savile Row, One Eagle Place in Piccadilly, Aldermanbury Square by London Wall, 30 Finsbury Square in London, and the London Stock Exchange. His projects also include a number of residential developments. Eric Parry's architectural work and design has been shown internationally on major exhibitions, including the Royal Academy of Arts, the British School at Rome, and the 2012 Venice Biennale of Architecture.",TRUE,TRUE,
FN,Ernest_Lawson,birthName,,Ernest Lawson,"Ernest Lawson (March 22, 1873 – December 18, 1939) was a Canadian-American painter and exhibited his work at the Canadian Art Club and as a member of the American group The Eight, artists who formed a loose association in 1908 to protest the narrowness of taste and restrictive exhibition policies of the conservative, powerful National Academy of Design. Though Lawson was primarily a landscape painter, he also painted a small number of realistic urban scenes. His painting style is heavily influenced by the art of John Henry Twachtman, J. Alden Weir, and Alfred Sisley. Though considered a Canadian-American Impressionist, Lawson falls stylistically between Impressionism and realism.",TRUE,TRUE,
FN,Ernesto_Paglia,birthName,,Ernesto Paglia,"Ernesto Paglia (born 9 April 1959, in São Paulo) is a Brazilian television journalist currently working for Rede Globo. Studied Journalism at the School of Communications and Arts at the University of São Paulo. He began working at 19, while still in the third year of Journalism School, (which requires 4 years in Brazil). Paglia was hired as reporter by Jovem Pan radio, but lasted only 3 months in this first job. He was fired after taking part in a strike led by the Journalist Union of S.Paulo in May 1979.",TRUE,TRUE,
FN,Ethel_M%2E_Dell,label,,Ethel M.Dell,"Ethel May Dell Savage (2 August 1881 – 17 September 1939) was a British writer, known by her pen name, Ethel M. Dell, of over 30 popular romance novels and several short stories from 1911 to 1939.",FALSE,TRUE,
FP_different,Ethel_M%2E_Dell,birthName,Ethel May Dell Savage,Ethel May Dell,"Ethel May Dell Savage (2 August 1881 – 17 September 1939) was a British writer, known by her pen name, Ethel M. Dell, of over 30 popular romance novels and several short stories from 1911 to 1939.",TRUE,TRUE,
FP_new,Eug%C3%A8ne_Dutuit,birthName,Eugène Dutuit,,"Eugène Dutuit (7 April 1807 – 25 June 1886) was a French politician and art collector who also wrote several works on art history. Dutuit was born in Marseille as the son of a cotton merchant, but grew up in Rouen, where he studied law and lived most of his life. He traveled to the Netherlands in 1826 where he visited museums and began collecting prints, six hundred of which he later donated in 1845 to the library of Rouen. He was elected member of the Academy of Sciences, Literature and Arts of Rouen in 1846 and became deputy mayor there from 1846 to 1874. In 1852 he and his brother Auguste and sister Heloise inherited their father's fortune.",TRUE,TRUE,
FP_new,Evan_Jager,birthName,Evan Reese Jager,,"Evan Reese Jager (born March 8, 1989) is an American distance runner. He is the current North American record holder in the 3000 m steeplechase with a time of 8:00.45, which makes him the 13th fastest performer in the history of the event. He is sponsored by Nike and is coached by Jerry Schumacher in the Bowerman Track Club. On August 17, 2016 Jager won the silver medal at the 2016 Rio Olympics for the Steeplechase.",TRUE,TRUE,
FP_new,Evan_Jager,label,Evan Jager,,"Evan Reese Jager (born March 8, 1989) is an American distance runner. He is the current North American record holder in the 3000 m steeplechase with a time of 8:00.45, which makes him the 13th fastest performer in the history of the event. He is sponsored by Nike and is coached by Jerry Schumacher in the Bowerman Track Club. On August 17, 2016 Jager won the silver medal at the 2016 Rio Olympics for the Steeplechase.",TRUE,TRUE,
FP_new,Eyitope_Ogunbodede,label,Eyitope Ogungbenro Ogunbodede,,"Eyitope Ogungbenro Ogunbodede (born 23 January 1957) is a professor of Dentistry and the 11th substantial Vice Chancellor of Obafemi Awolowo University, Ile-Ife, Nigeria. He is also the founder of, the first dental museum in Africa commissioned in 2015 which contains relics of modern Nigerian dental history.",TRUE,TRUE,
FP_new,Eyitope_Ogunbodede,birthName,Eyitope Ogungbenro Ogunbodede,,"Eyitope Ogungbenro Ogunbodede (born 23 January 1957) is a professor of Dentistry and the 11th substantial Vice Chancellor of Obafemi Awolowo University, Ile-Ife, Nigeria. He is also the founder of, the first dental museum in Africa commissioned in 2015 which contains relics of modern Nigerian dental history.",TRUE,TRUE,
FP_new,Eyitope_Ogunbodede,label,Eyitope Ogunbodede,,"Eyitope Ogungbenro Ogunbodede (born 23 January 1957) is a professor of Dentistry and the 11th substantial Vice Chancellor of Obafemi Awolowo University, Ile-Ife, Nigeria. He is also the founder of, the first dental museum in Africa commissioned in 2015 which contains relics of modern Nigerian dental history.",TRUE,TRUE,
FP_new,Fabiana_de_Barros,birthName,Fabiana de Barros,,"Fabiana de Barros (born November 27, 1957 in São Paulo) is a Swiss artist of Brazilian origin. She is the daughter of a well-known Brazilian photographer and contemporary artist, Geraldo de Barros, and is also the sister of the artist Lenora de Barros. She works and lives in Geneva and São Paulo.",TRUE,TRUE,
FN,Faras_Hamdan,birthName,,Faras Hamdan,"Faras Hamdan (Arabic: فارس حمدان; Hebrew: פארס חמדאן, 1910 – 29 November 1966) was an Israeli Arab politician who served as a member of the Knesset for the Agriculture and Development party between 1951 and 1959.",TRUE,TRUE,
FP_new,Faras_Hamdan,birthDate,1910-10-29,,"Faras Hamdan (Arabic: فارس حمدان; Hebrew: פארס חמדאן, 1910 – 29 November 1966) was an Israeli Arab politician who served as a member of the Knesset for the Agriculture and Development party between 1951 and 1959.",FALSE,FALSE,MCE
FP_new,Fernando_Gentilini,birthName,Fernando Gentilini,,Fernando Gentilini (born 2 March 1962) is an Italian diplomat.,TRUE,TRUE,
FN,Fernando_Rivera_y_Moncada,birthName,,Fernando Javier Rivera y Moncada,"Fernando Javier Rivera y Moncada (c. 1725 – July 18, 1781) was a Mexican-born soldier of the Spanish Empire who served in The Californias (Las Californias), the far north-western frontier of New Spain. He participated in several early overland explorations and later served as third Governor of The Californias, from 1774–1777.",TRUE,TRUE,
FN,Fernando_Rivera_y_Moncada,birthYear,,1725,"Fernando Javier Rivera y Moncada (c. 1725 – July 18, 1781) was a Mexican-born soldier of the Spanish Empire who served in The Californias (Las Californias), the far north-western frontier of New Spain. He participated in several early overland explorations and later served as third Governor of The Californias, from 1774–1777.",TRUE,TRUE,
FN,Fikri_Demirel,birthName,,Fikri Demirel,"Fikri Demirel (born November 2, 1956) is a Turkish politician from the Justice and Development Party (AK Party) who serves as a Member of Parliament for the Yalova since 7 June 2015.",TRUE,TRUE,
FP_different,Flavio_Rog%C3%A9rio,label,Flávio Rogério,Flavio Rogério,"Flávio Rogério Ribeiro, sometimes known as just Flávio (born December 22, 1976 in Siqueira Campos) is a Brazilian former professional footballer who last played for Puebla of the Primera División de México. He is a Mexican naturalized citizen.",TRUE,TRUE,
FP_different,Flavio_Rog%C3%A9rio,label,Flavio Rogério Ribeiro,Flavio Rogério,"Flávio Rogério Ribeiro, sometimes known as just Flávio (born December 22, 1976 in Siqueira Campos) is a Brazilian former professional footballer who last played for Puebla of the Primera División de México. He is a Mexican naturalized citizen.",TRUE,FALSE,GLS
FP_new,Frances_Murray_%28suffragist%29,birthName,Frances Porter Murray,,"Frances Porter Murray (née Stoddard, 23 February 1843 – 3 April 1919) was a suffragist raised in Scotland, an advocate of women's education, a lecturer in Scottish music and a writer.",TRUE,TRUE,
FN,Frank_Agnew,label,,Frank Agnew,"Francis Thomas ""Frank"" Agnew (born August 18, 1964) is an American guitarist and songwriter, best known for being a member of punk rock band the Adolescents. Frank's brothers Rikk Agnew and Alfie Agnew, as well as his son Frank Agnew Jr., are also former Adolescents guitarists.",TRUE,TRUE,
FP_different,Fred_Peacock,birthName,Freder Halliday Peacock,Frederick Halliday Peacock,"Frederick Halliday Peacock (November 23, 1916 – February 15, 2010) was a business man and former provincial level politician from Alberta, Canada. He served as a member of the Legislative Assembly of Alberta from 1971 until 1979.",FALSE,FALSE,ICE
FP_different,Fred_Peacock,birthName,Fred Halliday Peacock,Frederick Halliday Peacock,"Frederick Halliday Peacock (November 23, 1916 – February 15, 2010) was a business man and former provincial level politician from Alberta, Canada. He served as a member of the Legislative Assembly of Alberta from 1971 until 1979.",FALSE,FALSE,ICE
FP_new,Gabriel_Faure_%28writer%29,deathDate,1962-08-05,,"Gabriel Faure (15 May 1877 – 5 August 1962) was a French poet, novelist and essayist. He was the author of many books about Italy, and the editor of a book prefaced by Benito Mussolini. He won five prizes from the Académie française.",TRUE,TRUE,
FP_different,George_Cox_Jr,label,George Cox Jr,George Cox,George Cox (23 August 1911 – 30 March 1985) was an English first-class cricketer who played for Sussex. He was also a footballer who played for Arsenal and Fulham.,FALSE,TRUE,
FP_new,George_Getz_Shumard,birthName,George Getz Shumard,,"George Getz Shumard (January 10, 1823 – September 29, 1867) was an American geologist and surgeon.",TRUE,TRUE,
FN,George_Montagu%2C_4th_Duke_of_Manchester,label,,"George Montagu, 4th Duke of Manchester","George Montagu, 4th Duke of Manchester PC (6 April 1737 – 2 September 1788) was a British politician and diplomat.",TRUE,TRUE,
FN,George_Montagu%2C_4th_Duke_of_Manchester,birthName,,George Montagu,"George Montagu, 4th Duke of Manchester PC (6 April 1737 – 2 September 1788) was a British politician and diplomat.",TRUE,TRUE,
FN,George_Montagu%2C_4th_Duke_of_Manchester,birthDate,,1737-04-06,"George Montagu, 4th Duke of Manchester PC (6 April 1737 – 2 September 1788) was a British politician and diplomat.",TRUE,TRUE,
FN,George_Montagu%2C_4th_Duke_of_Manchester,birthYear,,1737,"George Montagu, 4th Duke of Manchester PC (6 April 1737 – 2 September 1788) was a British politician and diplomat.",TRUE,TRUE,
FP_different,George_Montagu%2C_4th_Duke_of_Manchester,label,George Montagu,"George Montagu, 4th Duke of Manchester","George Montagu, 4th Duke of Manchester PC (6 April 1737 – 2 September 1788) was a British politician and diplomat.",TRUE,FALSE,ICE
FP_new,Golam_Samdani_Koraishi,label,Golam Samdani Quraishy,,Golam Samdani Quraishy (Bengali: গোলাম সামদানী কোরায়শী; 5 April 1929 – 11 October 1991) was a Bangladeshi poet and writer. He was given Independence Day Award posthumously in 2017 by the Government of Bangladesh.,TRUE,TRUE,
FN,Golam_Samdani_Koraishi,birthName,,Golam Samdani Quraishy,Golam Samdani Quraishy (Bengali: গোলাম সামদানী কোরায়শী; 5 April 1929 – 11 October 1991) was a Bangladeshi poet and writer. He was given Independence Day Award posthumously in 2017 by the Government of Bangladesh.,TRUE,TRUE,
FN,Gudrun_Brendel-Fischer,birthName,,Gudrun Brendel-Fischer,"Gudrun Brendel-Fischer (born June 17, 1959 in Bayreuth, Germany) is a German politician, representative of the Christian Social Union of Bavaria. She is a representative of the district of Bayreuth in the Bavarian State Parliament.",TRUE,TRUE,
FP_new,Gustav_Morelli,birthName,Gustav Morelli,,"Gustav Morelli (15 February 1848 – 21 March 1909) was a Hungarian engraver and illustrator who specialized in the woodcut technique. He was born in Pest, Hungary, and died in Budapest.",TRUE,TRUE,
FP_new,Gy%C3%B6rgy_Gal%C3%A1ntai,birthName,György Galántai,,"György Galántai (born June 17, 1941) is a Hungarian neo-avant-garde and fluxus artist, organizer of the events of the Chapel Studio in Balatonboglár which run from 1970 to 1973 and founder of the Artpool Art Research Center Budapest. During the Communist Era of Hungary, he organized illegal, underground avant-garde exhibitions and therefore he was considered to be a ""dangerous element"" by the Party for spreading western propaganda, and was monitored by secret police, who opened the file ""Painter"" solely documenting his activity. From the late seventies he started an intense correspondence with fellow artists all over the world, joining into the network of mail art despite the Iron Curtain limiting his access for information. In 1979 he created an archive for these correspondences and other",TRUE,TRUE,
FP_new,Harrison_W%2E_Call,birthDate,1898-01-05,,"Harrison W. Call (January 5, 1898 - August 29, 1975) served in the California State Assembly for the 29th and 27th district from 1937 to 1947. He served in the United States Army in the Mexican Expedition (1916–1917) and World War I.",FALSE,TRUE,
FP_new,Harrison_W%2E_Call,deathDate,1975-08-29,,"Harrison W. Call (January 5, 1898 - August 29, 1975) served in the California State Assembly for the 29th and 27th district from 1937 to 1947. He served in the United States Army in the Mexican Expedition (1916–1917) and World War I.",FALSE,TRUE,
FP_new,Harry_Livermore,birthName,Harry Livermore,,Sir Harry Livermore (1908–1989) was a Liverpool solicitor and local politician who served as Lord Mayor of Liverpool.,TRUE,TRUE,
FP_new,Henrique_Soares_da_Costa,birthName,Henrique Soares da Costa,,Henrique Soares da Costa (11 April 1963 – 18 July 2020) was a Brazilian Roman Catholic bishop. He served as bishop of the diocese of Palmares from 2014 until his death in 2020.,TRUE,TRUE,
FP_new,Henry_George_Flanagan,birthName,Henry George Flanagan,,"Henry George Flanagan (22 January 1861 – 23 October 1919) was a South African-born plant collector, traveller, botanist and farmer. He developed a renowned garden for native South African trees and rare exotic plants. A rare endemic of Eastern Cape, Greyia flanaganii is one of several plants named in his honour.",TRUE,TRUE,
FP_new,Henry_Harris_%28Australian_cricketer%29,deathDate,1933-03-07,,"Henry Vere Poulett-Harris (22 April 1865 – 7 March 1933) was an Australian cricket player, runner, footballer, gold prospector and gold mine owner. Vere Poulett-Harris played five first-class cricket matches for the Tasmania and Western Australia cricket teams between 1883 and 1899. One early news report described him as a ""sterling cricketer and footballer"" whilst another described him as a ""sterling batsman and good field."" In 1911, he was called as a witness to testify during Chaffinch Mine Conspiracy trial.",TRUE,TRUE,
FP_new,Henry_Harris_%28Australian_cricketer%29,deathYear,1933,,"Henry Vere Poulett-Harris (22 April 1865 – 7 March 1933) was an Australian cricket player, runner, footballer, gold prospector and gold mine owner. Vere Poulett-Harris played five first-class cricket matches for the Tasmania and Western Australia cricket teams between 1883 and 1899. One early news report described him as a ""sterling cricketer and footballer"" whilst another described him as a ""sterling batsman and good field."" In 1911, he was called as a witness to testify during Chaffinch Mine Conspiracy trial.",TRUE,TRUE,
FP_new,Hernando_Molina_Ara%C3%BAjo,label,Hernando Molina Araújo,,"Hernando César Molina Araújo (born August 28, 1961 in Valledupar) is a Colombian politician. Son of Hernando Molina Céspedes and Consuelo Araújo, he studied at the Colegio Nacional Loperena in Valledupar and later studied Law in the, but dropped out. He declares himself a self-taught man. Molina was governor of the Colombian Department of Cesar for the period 2004–2007, a term which he did not complete due to his involvement in the Parapolitica scandal. he was called to testify on May 17, 2007 at the Office of the Attorney General of Colombia.",TRUE,TRUE,
FN,Hernando_Molina_Ara%C3%BAjo,birthName,,Hernando César Molina Araújo,"Hernando César Molina Araújo (born August 28, 1961 in Valledupar) is a Colombian politician. Son of Hernando Molina Céspedes and Consuelo Araújo, he studied at the Colegio Nacional Loperena in Valledupar and later studied Law in the, but dropped out. He declares himself a self-taught man. Molina was governor of the Colombian Department of Cesar for the period 2004–2007, a term which he did not complete due to his involvement in the Parapolitica scandal. he was called to testify on May 17, 2007 at the Office of the Attorney General of Colombia.",TRUE,TRUE,
FP_new,Hironobu_Kageyama,alias,Hironobu Kageyama,,"Hironobu Kageyama (影山 ヒロノブ, Kageyama Hironobu, real name written 景山 浩宣, born February 18, 1961) is a Japanese singer and composer prominent in the soundtracks for anime, video game and tokusatsu productions. He is sometimes called Kami (Kei) by his fans. Kageyama got his big break at age 16, as lead singer of the rock band Lazy. By the early '80s, the band split and Kageyama went solo. He found major success once he started to sing the theme songs of anime and tokusatsu shows. Becoming immensely popular soon after, Kageyama went on to be dubbed the ""Prince of Anime/Tokusatsu Songs"" and is a main fixture for shows to this day.",TRUE,TRUE,
FP_new,Horst_Lademacher,birthName,Horst Lademacher,,"Horst Lademacher (born 13 July 1931) is a German historian specializing in the history of the Netherlands. He was a professor of modern history at the Vrije Universiteit Amsterdam, University of Kassel and the University of Münster. At the latter institute he was also director of the Zentrum für Niederlande-Studien from 1990 to 2000.",TRUE,TRUE,
FP_new,Imah_Dumagay,birthName,Fatimah Dumagay,,"Imah Dumagay (born Fatimah Dumagay) is GCC's first Filipina stand-up comedian based in Dubai, UAE.",TRUE,TRUE,
FP_new,In%C5%8D_Tadataka,birthDate,1745-02-11,,"Inō Tadataka (伊能 忠敬, February 11, 1745 - May 17, 1818) was a Japanese surveyor and cartographer. He is known for completing the first map of Japan using modern surveying techniques.",FALSE,TRUE,
FP_new,In%C5%8D_Tadataka,deathDate,1818-05-17,,"Inō Tadataka (伊能 忠敬, February 11, 1745 - May 17, 1818) was a Japanese surveyor and cartographer. He is known for completing the first map of Japan using modern surveying techniques.",FALSE,TRUE,
FP_new,Ines_Castellani_Fantoni_Benaglio,birthName,Ines Castellani Fantoni Benaglio,,"Ines Castellani Fantoni Benaglio, also known by the pseudonym of Memini (1849 Pavia - 6 May 1897 Azzate), was an Italian writer. She lived in Florence and Milan. She made her debut as a writer in 1880, with Estella and Nemorino. She wrote for magazines, including Perseveranza, La Gazzetta Provinciale and Vita Intimate. She wrote numerous novels, which attracted the attention of Anna Radius Zuccari, and they were friends. She married the poet Luigi Benaglio.",TRUE,TRUE,
FP_different,Ines_Castellani_Fantoni_Benaglio,birthYear,1849 Pavia,1849,"Ines Castellani Fantoni Benaglio, also known by the pseudonym of Memini (1849 Pavia - 6 May 1897 Azzate), was an Italian writer. She lived in Florence and Milan. She made her debut as a writer in 1880, with Estella and Nemorino. She wrote for magazines, including Perseveranza, La Gazzetta Provinciale and Vita Intimate. She wrote numerous novels, which attracted the attention of Anna Radius Zuccari, and they were friends. She married the poet Luigi Benaglio.",TRUE,FALSE,LCE
FN,Ines_Castellani_Fantoni_Benaglio,deathDate,,1897-05-06,"Ines Castellani Fantoni Benaglio, also known by the pseudonym of Memini (1849 Pavia - 6 May 1897 Azzate), was an Italian writer. She lived in Florence and Milan. She made her debut as a writer in 1880, with Estella and Nemorino. She wrote for magazines, including Perseveranza, La Gazzetta Provinciale and Vita Intimate. She wrote numerous novels, which attracted the attention of Anna Radius Zuccari, and they were friends. She married the poet Luigi Benaglio.",TRUE,TRUE,
FP_new,Ines_Castellani_Fantoni_Benaglio,birthName,Memini,,"Ines Castellani Fantoni Benaglio, also known by the pseudonym of Memini (1849 Pavia - 6 May 1897 Azzate), was an Italian writer. She lived in Florence and Milan. She made her debut as a writer in 1880, with Estella and Nemorino. She wrote for magazines, including Perseveranza, La Gazzetta Provinciale and Vita Intimate. She wrote numerous novels, which attracted the attention of Anna Radius Zuccari, and they were friends. She married the poet Luigi Benaglio.",TRUE,FALSE,WV
FN,Ingrid_Wilhite,label,,Ingrid Wilhite,"Ingrid Joy Wilhite (May 4, 1959 – January 15, 2008) was an American filmmaker and musician.",TRUE,TRUE,
FN,Ingrid_Wilhite,birthName,,Ingrid Joy Wilhite,"Ingrid Joy Wilhite (May 4, 1959 – January 15, 2008) was an American filmmaker and musician.",TRUE,TRUE,
FP_new,Ioan_Culcer,deathDate,1928-09-28,,"Ioan Culcer (29 July 1853 – September 1928) was a Wallachian-born Romanian military leader and politician. Culcer served as a lieutenant during the Romanian War of Independence (1877–1878) and as a general during the Second Balkan War and World War I. In early 1918, he served as Minister for Public Works in the First Averescu cabinet.",FALSE,FALSE,AC
FP_new,Ioan_Culcer,deathDate,1928-09-29,,"Ioan Culcer (29 July 1853 – September 1928) was a Wallachian-born Romanian military leader and politician. Culcer served as a lieutenant during the Romanian War of Independence (1877–1878) and as a general during the Second Balkan War and World War I. In early 1918, he served as Minister for Public Works in the First Averescu cabinet.",FALSE,FALSE,AC
FP_new,Ioan_Culcer,deathDate,1928-09-09,,"Ioan Culcer (29 July 1853 – September 1928) was a Wallachian-born Romanian military leader and politician. Culcer served as a lieutenant during the Romanian War of Independence (1877–1878) and as a general during the Second Balkan War and World War I. In early 1918, he served as Minister for Public Works in the First Averescu cabinet.",FALSE,FALSE,AC
FP_new,Ion_Creang%C4%83_%28jurist%29,birthName,Ion Creangă,,"Ion Creangă (born December 11, 1962 in Goteşti) is a Moldovan jurist and the head of the Legal Department of the Parliament of Moldova. Creangă was born in Goteşti, Cantemir District. He studied at the Moldova State University (1987–1992) and got his PhD in 2000. He is the head of the Legal Department of the Apparatus of the Parliament of Moldova. Also, he is secretary of the Commission for constitutional reform in Moldova.",TRUE,TRUE,
FP_new,Ivar_of_Limerick,deathYear,977,,"Ivar of Limerick (Irish: Ímar Luimnich, rí Gall; Ímar ua Ímair; Ímar Ua hÍmair, Ard Rí Gall Muman ocus Gáedel; Íomhar Mór; Old Norse: Ívarr [ˈiːˌwɑrː]; died 977), was the last Norse king of the city-state of Limerick, and penultimate King of the Foreigners of Munster, reigning during the rise to power of the Dál gCais and the fall of the Eóganachta.",FALSE,TRUE,
FP_new,Ivar_of_Limerick,deathYear,977,,"Ivar of Limerick (Irish: Ímar Luimnich, rí Gall; Ímar ua Ímair; Ímar Ua hÍmair, Ard Rí Gall Muman ocus Gáedel; Íomhar Mór; Old Norse: Ívarr [ˈiːˌwɑrː]; died 977), was the last Norse king of the city-state of Limerick, and penultimate King of the Foreigners of Munster, reigning during the rise to power of the Dál gCais and the fall of the Eóganachta.",TRUE,TRUE,
FP_new,Ivar_of_Limerick,birthYear,977,,"Ivar of Limerick (Irish: Ímar Luimnich, rí Gall; Ímar ua Ímair; Ímar Ua hÍmair, Ard Rí Gall Muman ocus Gáedel; Íomhar Mór; Old Norse: Ívarr [ˈiːˌwɑrː]; died 977), was the last Norse king of the city-state of Limerick, and penultimate King of the Foreigners of Munster, reigning during the rise to power of the Dál gCais and the fall of the Eóganachta.",TRUE,FALSE,WV
FP_new,J%2E_A%2E_Bayona,label,J.Antonio García Bayona,,"Juan Antonio García Bayona (born 9 May 1975) is a Spanish film director. He directed the 2007 horror film The Orphanage, the 2012 drama film The Impossible, and the 2016 fantasy drama film A Monster Calls. Bayona's latest film is the 2018 science fiction adventure film Jurassic World: Fallen Kingdom, the fifth installment of the Jurassic Park film series. He has also directed television commercials and music videos. He directed the first two episodes of The Lord of the Rings: The Rings of Power.",TRUE,FALSE,LCE
FP_new,J%2E_A%2E_Bayona,label,Juan Antonio García Bayona,,"Juan Antonio García Bayona (born 9 May 1975) is a Spanish film director. He directed the 2007 horror film The Orphanage, the 2012 drama film The Impossible, and the 2016 fantasy drama film A Monster Calls. Bayona's latest film is the 2018 science fiction adventure film Jurassic World: Fallen Kingdom, the fifth installment of the Jurassic Park film series. He has also directed television commercials and music videos. He directed the first two episodes of The Lord of the Rings: The Rings of Power.",TRUE,FALSE,LCE
FN,Jack_Martin_Smith,birthName,,Jack Martin Smith,"Jack Martin Smith (January 2, 1911 - November 7, 1993) was a highly successful Hollywood art director with over 130 films to his credit and nine Academy Award nominations which ultimately yielded three Oscars.",TRUE,TRUE,
FP_new,Jack_Martin_Smith,birthDate,1911-01-02,,"Jack Martin Smith (January 2, 1911 - November 7, 1993) was a highly successful Hollywood art director with over 130 films to his credit and nine Academy Award nominations which ultimately yielded three Oscars.",FALSE,TRUE,
FP_new,Jack_Martin_Smith,deathDate,1993-11-07,,"Jack Martin Smith (January 2, 1911 - November 7, 1993) was a highly successful Hollywood art director with over 130 films to his credit and nine Academy Award nominations which ultimately yielded three Oscars.",FALSE,TRUE,
FN,Jack_Trice,label,,Jack Trice,"John G. Trice (May 12, 1902 – October 8, 1923) was a football player who became the first African-American athlete for Iowa State College. Trice died due to injuries suffered during a college football game against the University of Minnesota on October 6, 1923. He is the namesake for Jack Trice Stadium, Iowa State's football stadium.",TRUE,TRUE,
FP_new,Jahongir_Otajonov,birthName,Jahongir Otajonov,,"Jahongir Otajonov (Uzbek Cyrillic: Жаҳонгир Отажонов; born 29 September 1978) is an Uzbek singer, musician, songwriter who ran as a candidate in the 2021 Uzbek presidential election.",TRUE,TRUE,
FP_new,James_Bell_%28bishop%29,birthName,James Harold Bell,,James Harold Bell (born 20 November 1950) is a retired British Anglican bishop. He was the area Bishop of Ripon in the Diocese of Leeds.,TRUE,TRUE,
FP_new,James_Campbell_%28land_commissioner%29,birthYear,1787,,"Lieutenant-Colonel James Campbell (1787 – 7 July 1858) was a lieutenant-colonel of the British army who distinguished himself in the Peninsular War. He emigrated to New Zealand and was appointed as a land commissioner, and later as Registrar of Deeds, in Canterbury.",TRUE,TRUE,
FP_different,James_William_Moore,label,James Moore,James William Moore,"James William Moore (February 12, 1818 – September 17, 1877) was an American judge and politician from Montgomery County, Kentucky. He represented Kentucky in the Confederate States Congress during the American Civil War. Moore was born in Montgomery County, Kentucky. Moore served as a Kentucky state court judge from 1851 to 1858. In 1861 he became a delegate to the Kentucky Secessionist Convention and represented the state in the First Confederate Congress and the Second Confederate Congress from 1862 to 1865. James Moore died on September 17, 1877, and was buried in Machpelah Cemetery.",TRUE,FALSE,ICE
FN,James_William_Moore,label,,James William Moore,"James William Moore (February 12, 1818 – September 17, 1877) was an American judge and politician from Montgomery County, Kentucky. He represented Kentucky in the Confederate States Congress during the American Civil War. Moore was born in Montgomery County, Kentucky. Moore served as a Kentucky state court judge from 1851 to 1858. In 1861 he became a delegate to the Kentucky Secessionist Convention and represented the state in the First Confederate Congress and the Second Confederate Congress from 1862 to 1865. James Moore died on September 17, 1877, and was buried in Machpelah Cemetery.",TRUE,TRUE,
FP_new,Jean_Ren%C3%A9_Baroux,birthName,Jean René Baroux,,"Jean René Baroux (1922–1992) was a Morocco-born veteran of World War II and a writer very much engaged in the evolution of the French language. While a member of the Science Council of Canada (Director of Communications), in 1976 he founded the Association Québécoise des Professionnels de la Communication Scientifique (AQPCS), a complementary extension to the Canadian Scientific Writers Association.",TRUE,TRUE,
FN,Jean-Jacques_Rousseau,birthName,,Jean-Jacques Rousseau,"Jean-Jacques Rousseau (UK: /ˈruːsoʊ/, US: /ruːˈsoʊ/ French: [ʒɑ̃ ʒak ʁuso]; 28 June 1712 – 2 July 1778) was a Genevan philosopher, writer, and composer. His political philosophy influenced the progress of the Age of Enlightenment throughout Europe, as well as aspects of the French Revolution and the development of modern political, economic, and educational thought.",TRUE,TRUE,
FP_new,Jefferson_Souza_%28water_polo%29,birthDate,1908-06-06,,Jefferson Souza (June 1908 – 1 December 1992) was a Brazilian water polo player. He competed in the men's tournament at the 1932 Summer Olympics.,FALSE,FALSE,AC
FP_new,Jefferson_Souza_%28water_polo%29,birthYear,1908,,Jefferson Souza (June 1908 – 1 December 1992) was a Brazilian water polo player. He competed in the men's tournament at the 1932 Summer Olympics.,TRUE,TRUE,
FP_new,Jefferson_Souza_%28water_polo%29,birthDate,1908-06-08,,Jefferson Souza (June 1908 – 1 December 1992) was a Brazilian water polo player. He competed in the men's tournament at the 1932 Summer Olympics.,FALSE,FALSE,AC
FP_new,Jefferson_Souza_%28water_polo%29,birthDate,1908-06-28,,Jefferson Souza (June 1908 – 1 December 1992) was a Brazilian water polo player. He competed in the men's tournament at the 1932 Summer Olympics.,FALSE,FALSE,AC
FP_new,Jefferson_Souza_%28water_polo%29,birthDate,1908-06-01,,Jefferson Souza (June 1908 – 1 December 1992) was a Brazilian water polo player. He competed in the men's tournament at the 1932 Summer Olympics.,FALSE,FALSE,AC
FP_new,Jerry_Clower,birthName,Howard Gerald,,"Howard Gerald ""Jerry"" Clower (September 28, 1926 – August 24, 1998) was an American stand-up comedian. Born and raised in the state of Mississippi, Clower was best known for his stories of the rural South and was given the nickname ""The Mouth of Mississippi"".",TRUE,TRUE,
FN,Jes%C3%BAs_Rafael_Soto,birthName,,Jesús Rafael Soto,"Jesús Rafael Soto (June 5, 1923 – January 17, 2005) was a Venezuelan op and kinetic artist, a sculptor and a painter. His works can be found in the collections of the main museums of the world, including Tate (London), Museum Ludwig (Germany), Centre Georges Pompidou (Paris), Galleria Nazionale d’Arte Moderna (Roma) and MoMA (New York). One of the main museums of art in Venezuela, in his home town, has his name in tribute to him.",TRUE,TRUE,
FP_different,Jicka,birthName,Jacquaydjian,Jacques Kalaydjian,"Jacques Kalaydjian (January 1, 1926, Le Raincy, Paris, France - 15 May 2005) was a French artist of Armenian origin that was creating under the name of Jicka. During 1984-1988 he has been the author of Les Pieds Nickelés - the most popular French comics of the time. 
* v 
* t 
* e",FALSE,FALSE,MCE
FN,Jicka,deathDate,,2005-05-15,"Jacques Kalaydjian (January 1, 1926, Le Raincy, Paris, France - 15 May 2005) was a French artist of Armenian origin that was creating under the name of Jicka. During 1984-1988 he has been the author of Les Pieds Nickelés - the most popular French comics of the time. 
* v 
* t 
* e",TRUE,TRUE,
FN,Jina_Valentine,birthName,,Jina Valentine,"Jina Valentine (born November 9, 1979, in Berwyn, Pennsylvania) is a contemporary American visual artist whose work is informed by the techniques and strategies of American folk artists. She uses a variety of media to weave histories—including drawing, papermaking, found-object collage, and radical archiving.",TRUE,TRUE,
FN,Jo%C3%A3o_Carlos_de_Saldanha_Oliveira_e_Daun%2C_1st_Duke_of_Saldanha,birthDate,,1790-11-17,"João Carlos Gregório Domingos Vicente Francisco de Saldanha Oliveira e Daun, 1st Duke of Saldanha, (17 November 1790 – 20 November 1876; Portuguese pronunciation: [saɫˈdɐɲɐ]) was a Portuguese marshal and statesman.",TRUE,TRUE,
FN,Jo%C3%A3o_Carlos_de_Saldanha_Oliveira_e_Daun%2C_1st_Duke_of_Saldanha,birthYear,,1790,"João Carlos Gregório Domingos Vicente Francisco de Saldanha Oliveira e Daun, 1st Duke of Saldanha, (17 November 1790 – 20 November 1876; Portuguese pronunciation: [saɫˈdɐɲɐ]) was a Portuguese marshal and statesman.",TRUE,TRUE,
FP_new,Jo%C3%A3o_Carlos_de_Saldanha_Oliveira_e_Daun%2C_1st_Duke_of_Saldanha,birthName,João Carlos Gregório Domingos Vicente Francisco de Saldanha Oliveira e Daun,,"João Carlos Gregório Domingos Vicente Francisco de Saldanha Oliveira e Daun, 1st Duke of Saldanha, (17 November 1790 – 20 November 1876; Portuguese pronunciation: [saɫˈdɐɲɐ]) was a Portuguese marshal and statesman.",TRUE,FALSE,LCE
FN,Johanna_Gadski,birthName,,Johanna Emilia Agnes Gadski,"Johanna Emilia Agnes Gadski (15 June 1872 – 22 February 1932) was a German soprano. She was blessed with a secure, powerful, ringing voice, fine musicianship and an excellent technique. These attributes enabled her to enjoy a highly successful career in New York City and London, performing heavy dramatic roles in the German and Italian repertoires.",TRUE,TRUE,
FP_new,John_Davis_%28Pennsylvania_politician%29,birthName,John Davis,,"John Davis (August 7, 1788 – April 1, 1878) was a member of the U.S. House of Representatives from Pennsylvania.",TRUE,TRUE,
FP_new,John_Glass_%28footballer%29,deathYear,1991,,John Shaw Glass (5 November 1908 – 1991) was a Scottish footballer who played for Kilmarnock and Dumbarton.,TRUE,TRUE,
FP_different,John_Henry_Pepper,label,John Henry Pepper,John Henry,"John Henry ""Professor"" Pepper (17 June 1821 – 25 March 1900) was a British scientist and inventor who toured the English-speaking world with his scientific demonstrations. He entertained the public, royalty, and fellow scientists with a wide range of technological innovations. He is primarily remembered for developing the projection technique known as Pepper's ghost, building a large-scale version of the concept by Henry Dircks. He also oversaw the introduction of evening lectures at the Royal Polytechnic Institution (University of Westminster) and wrote several important science education books, one of which is regarded as a significant step towards the understanding of continental drift. While in Australia he tried unsuccessfully to make it rain using electrical conduction and large expl",TRUE,TRUE,
FP_different,John_Henry_Pepper,label,John Henry Henry,John Henry,"John Henry ""Professor"" Pepper (17 June 1821 – 25 March 1900) was a British scientist and inventor who toured the English-speaking world with his scientific demonstrations. He entertained the public, royalty, and fellow scientists with a wide range of technological innovations. He is primarily remembered for developing the projection technique known as Pepper's ghost, building a large-scale version of the concept by Henry Dircks. He also oversaw the introduction of evening lectures at the Royal Polytechnic Institution (University of Westminster) and wrote several important science education books, one of which is regarded as a significant step towards the understanding of continental drift. While in Australia he tried unsuccessfully to make it rain using electrical conduction and large expl",TRUE,FALSE,GLS
FP_new,John_Knotwell,birthName,William John Knotwell III,,"William John Knotwell III (born January 24, 1978) is an American politician. He was a Republican member of the Utah House of Representatives representing District 52 from January 1, 2013 to October 26, 2019. The district includes Herriman, western Riverton, southwest South Jordan in the State of Utah. Born to American parents in Subic Bay, Republic of the Philippines, Knotwell spent most of his childhood in Southern California, near San Diego. Knotwell's father was a career United States Navy sailor who spent half his career as an enlisted sailor and half as a Commissioned Warrant Officer.",TRUE,TRUE,
FN,John_Knotwell,label,,John Knotwell,"William John Knotwell III (born January 24, 1978) is an American politician. He was a Republican member of the Utah House of Representatives representing District 52 from January 1, 2013 to October 26, 2019. The district includes Herriman, western Riverton, southwest South Jordan in the State of Utah. Born to American parents in Subic Bay, Republic of the Philippines, Knotwell spent most of his childhood in Southern California, near San Diego. Knotwell's father was a career United States Navy sailor who spent half his career as an enlisted sailor and half as a Commissioned Warrant Officer.",TRUE,TRUE,
FP_new,John_Richards_Lapenoti%C3%A8re,birthName,John Richards Lapenotière,,"Captain John Richards Lapenotière (1770 – 19 January 1834) was a British Royal Navy officer who, as a lieutenant commanding the tiny topsail schooner HMS Pickle, observed the Battle of Trafalgar on 21 October 1805, participated in the rescue operations which followed it and then carried the dispatches of the victory and the death of Admiral Nelson to Britain.",TRUE,TRUE,
FP_new,Johnston_Knox_Corbett,birthName,Johnston Knox Corbett,,"Johnston Knox Corbett (June 20, 1861 – April 22, 1934) was elected to two one year terms as mayor of Tucson, Arizona. He served from January 1915 to January 1917.",TRUE,TRUE,
FP_different,Jos%C3%A9_B%C3%B3dalo,label,José Bódalo Zúffoli,José Bódalo,"José Bódalo Zúffoli (March 24, 1916 – July 24, 1985) was an Argentine born Spanish film actor.",TRUE,FALSE,LCE
FN,Jos%C3%A9_Luis_Manzano,label,,José Luis Manzano,"José Luis Manzano (born March 9, 1956) is an Argentine businessman and former politician. He is currently a partner in the second largest multimedia group in his country, Grupo América, and has investments in several economic sectors, including energy, wine, and clothing. During his time in Argentine politics, Manzano was known as a power broker and negotiator and one of the architects of the success of the Menem government.",TRUE,TRUE,
FN,Karloff_Lagarde,birthName,,Carlos Delucio Lagarde,"Carlos Delucio Lagarde (July 27, 1928 – August 31, 2007) is best known as Karloff Lagarde, a Mexican Luchador, or professional wrestler, who was immensely popular during the 1960s and 1970s. Through his career had faced most of Mexico's top stars of the 1950s, 1960s and 1970s including lucha libre legends such as El Santo, El Solitario, Mil Máscaras, Black Shadow, Huracán Ramírez, Gory Guerrero, Ray Mendoza and Perro Aguayo. He was known as the ""king of the Welterweight"" due to him holding the Mexican National Welterweight Championship four times and the NWA World Welterweight Championship three times in his career. Lagarde teamed up with René Guajardo to form a tag team known as Los Rebeldes, considered to be one of the top five tag teams in Lucha libre history.",TRUE,TRUE,
FP_different,Karloff_Lagarde,birthName,Carlucio Lagarde,Carlos Delucio Lagarde,"Carlos Delucio Lagarde (July 27, 1928 – August 31, 2007) is best known as Karloff Lagarde, a Mexican Luchador, or professional wrestler, who was immensely popular during the 1960s and 1970s. Through his career had faced most of Mexico's top stars of the 1950s, 1960s and 1970s including lucha libre legends such as El Santo, El Solitario, Mil Máscaras, Black Shadow, Huracán Ramírez, Gory Guerrero, Ray Mendoza and Perro Aguayo. He was known as the ""king of the Welterweight"" due to him holding the Mexican National Welterweight Championship four times and the NWA World Welterweight Championship three times in his career. Lagarde teamed up with René Guajardo to form a tag team known as Los Rebeldes, considered to be one of the top five tag teams in Lucha libre history.",FALSE,TRUE,
FN,Karloff_Lagarde,label,,Karloff Lagarde,"Carlos Delucio Lagarde (July 27, 1928 – August 31, 2007) is best known as Karloff Lagarde, a Mexican Luchador, or professional wrestler, who was immensely popular during the 1960s and 1970s. Through his career had faced most of Mexico's top stars of the 1950s, 1960s and 1970s including lucha libre legends such as El Santo, El Solitario, Mil Máscaras, Black Shadow, Huracán Ramírez, Gory Guerrero, Ray Mendoza and Perro Aguayo. He was known as the ""king of the Welterweight"" due to him holding the Mexican National Welterweight Championship four times and the NWA World Welterweight Championship three times in his career. Lagarde teamed up with René Guajardo to form a tag team known as Los Rebeldes, considered to be one of the top five tag teams in Lucha libre history.",TRUE,TRUE,
FP_new,Katie_Ghose,birthDate,1970-07-07,,"Katie Sushila Ratna Ghose (born July 1970) is a British charity chief executive and campaigner. In September 2019 she was appointed chief executive of KIDS, a national charity for disabled children and young people. She was previously Chief Executive of the Women's Aid Federation of England and the Electoral Reform Society.",FALSE,FALSE,AC
FP_new,Katie_Ghose,birthDate,1970-07-30,,"Katie Sushila Ratna Ghose (born July 1970) is a British charity chief executive and campaigner. In September 2019 she was appointed chief executive of KIDS, a national charity for disabled children and young people. She was previously Chief Executive of the Women's Aid Federation of England and the Electoral Reform Society.",TRUE,FALSE,AC
FP_new,Katie_Ghose,birthDate,1970-07-70,,"Katie Sushila Ratna Ghose (born July 1970) is a British charity chief executive and campaigner. In September 2019 she was appointed chief executive of KIDS, a national charity for disabled children and young people. She was previously Chief Executive of the Women's Aid Federation of England and the Electoral Reform Society.",FALSE,FALSE,IAC
FP_new,Kelvin_Kampamba,label,Kelvin Mubanga Kampamba,,Kelvin Mubanga Kampamba (born 24 November 1996) is a Zambian footballer who plays as a midfielder for ZESCO United F.C. and the Zambia national team.,TRUE,FALSE,LCE
FP_new,Kelvin_Kampamba,label,Kelvin Kampamba,,Kelvin Mubanga Kampamba (born 24 November 1996) is a Zambian footballer who plays as a midfielder for ZESCO United F.C. and the Zambia national team.,TRUE,TRUE,
FN,Kim_Kyung-ju,birthName,,Kim Kyung Ju,"Kim Kyung Ju (born July 14, 1976) is a South Korean poet and performance artist.",TRUE,TRUE,
FP_new,Laurence_Rickard,birthName,Laurence Carl,,"Laurence Carl ""Larry"" Rickard (born 14 June 1975) is an English actor, writer, and comedian best known as a member of the British Horrible Histories troupe (in which he appears in the TV series Horrible Histories), Yonderland and Ghosts. He is also one half of the comedy writing/performance duo ""Larry and George"" with George Sawyer.",TRUE,FALSE,ICE
FN,Lee_Greenwood,birthName,,Melvin Lee Greenwood,"Melvin Lee Greenwood (born October 27, 1942) is an American country music singer-songwriter. He also plays the saxophone. Active since 1962, he has released more than 20 major-label albums and has charted more than 35 singles on the Billboard country music charts.",TRUE,TRUE,
FP_new,Leonard_Bluss%C3%A9,birthName,Leonard Blussé,,"Leonard Blussé (born 23 July 1946 in Rotterdam) is a Dutch historian concerned with the field of Asian-European relations. Blussé has a prolific written output in his field, having authored, co-authored or edited more than twenty books since 2000. He was elected a member of Academia Europaea in 2010.",TRUE,TRUE,
FP_different,Li_Jiahang,birthName,Li Jiahang,Lǐ Jiāháng,"Li Jiahang (Chinese: 李佳航; pinyin: Lǐ Jiāháng; born March 8, 1987) is a Chinese actor.",TRUE,TRUE,
FP_new,Liam_Cleere,birthYear,1935,,Liam Cleere (born 1935) is an Irish retired hurler. At club level he played with Dicksboro and Bennettsbridge and was an All-Ireland Championship winner with the Kilkenny senior hurling team.,TRUE,TRUE,
FN,Lorenz_Jaeger,birthName,,Lorenz Jaeger,"Lorenz Jaeger (23 September 1892 – 1 April 1975) was a German cardinal of the Roman Catholic Church, who served as Archbishop of Paderborn from 1941 to 1973, and was elevated to the cardinalate in 1965.",TRUE,TRUE,
FN,Louis_Sve%C4%87enski,birthName,,Ljudevit Kohn,"Louis Svećenski (Croatian: Ljudevit ""Lujo"" Svećenski, born Ljudevit Kohn; November 7, 1862 – June 18, 1926) was notable Croatian - American violist - violinist and rector of the Boston Academy of Music. Svećenski is credited with the erection of Osijek memorial plaque in 1895, for his friend Franjo Krežma. He stayed in touch with his hometown and family until the day he died on June 18, 1926.",TRUE,TRUE,
FP_new,Lowell_S%2E_Hawley,birthDate,1908-09-20,,Lowell S. Hawley (20 September 1908 - 6 May 2003) was an American writer.,FALSE,TRUE,
FP_new,Lowell_S%2E_Hawley,deathDate,2003-05-06,,Lowell S. Hawley (20 September 1908 - 6 May 2003) was an American writer.,FALSE,TRUE,
FP_new,Luis_Viana,birthName,Luis Alberto,,"Luis Alberto ""Lucho"" Viana (born 8 January 1962 in, Misiones) is an Argentine Justicialist Party politician. He was a member of the Argentine Senate representing Misiones Province in the majority block of the Front for Victory from 2005 to 2011.",TRUE,TRUE,
FN,Maggie_Flecknoe,label,,Maggie Flecknoe,"Marguerite Kathryn Flecknoe is an American voice actress, radio personality, television host and producer.",TRUE,TRUE,
FP_new,Manuel_Palaiologos,deathDate,1513-01-13,,"Manuel Palaiologos or Palaeologus (Greek: Μανουήλ Παλαιολόγος, romanized: Manouēl Palaiologos; 2 January 1455 – before 1513) was the youngest son of Thomas Palaiologos, a brother of Constantine XI Palaiologos, the final Byzantine emperor. Thomas took Manuel and the rest of his family to Corfu after the Fall of Constantinople in 1453 and the subsequent Ottoman invasion of the Morea in 1460. After Thomas's death in 1465, the children moved to Rome, where they were initially taken care of by Cardinal Bessarion and were provided with money and housing by the papacy.",FALSE,FALSE,FH
FN,Mar%C3%ADa_Conesa,alias,,La Gatita Blanca,"María Conesa, also known as La Gatita Blanca (The White Kitten) (December 12, 1892 – September 9, 1978), was a Spanish-born Mexican stage, television, film actress and vedette. She was one of the principal stars of the Revue and Vaudeville in México and Latin America in the early 20th century.",TRUE,TRUE,
FP_new,Mar%C3%ADa_Guillermina_Valdes_Villalva,birthName,María Guillermina Valdes Villalva,,"María Guillermina (Guille) Valdes Villalva (also known as Guillermina Valdez de Villalva or Villalba, December 15, 1939 – September 11, 1991) was a Chicana scholar and activist born in El Paso, Texas. She was considered an ""authority"" and ""pioneer"" on researching United States-Mexico border issues and had a ""lifelong commitment to social justice.""",FALSE,TRUE,
FP_new,Mar%C3%ADa_Guillermina_Valdes_Villalva,birthName,María Guillermina,,"María Guillermina (Guille) Valdes Villalva (also known as Guillermina Valdez de Villalva or Villalba, December 15, 1939 – September 11, 1991) was a Chicana scholar and activist born in El Paso, Texas. She was considered an ""authority"" and ""pioneer"" on researching United States-Mexico border issues and had a ""lifelong commitment to social justice.""",TRUE,FALSE,ICE
FP_new,Mar%C3%ADa_Guillermina_Valdes_Villalva,birthName,María Guillermina Valdez de Villalva,,"María Guillermina (Guille) Valdes Villalva (also known as Guillermina Valdez de Villalva or Villalba, December 15, 1939 – September 11, 1991) was a Chicana scholar and activist born in El Paso, Texas. She was considered an ""authority"" and ""pioneer"" on researching United States-Mexico border issues and had a ""lifelong commitment to social justice.""",FALSE,FALSE,ICE
FP_new,Mar%C3%ADa_Guillermina_Valdes_Villalva,birthName,María Guillermina (Guille) Valdes Villalva,,"María Guillermina (Guille) Valdes Villalva (also known as Guillermina Valdez de Villalva or Villalba, December 15, 1939 – September 11, 1991) was a Chicana scholar and activist born in El Paso, Texas. She was considered an ""authority"" and ""pioneer"" on researching United States-Mexico border issues and had a ""lifelong commitment to social justice.""",TRUE,TRUE,
FP_new,Maria_Assunta_Accili_Sabbatini,birthName,Maria Assunta Accili Sabbatini,,Maria Assunta Accili Sabbatini (born 16 November 1955) is an Italian diplomat.,TRUE,TRUE,
FP_new,Marina_Ladynina,birthDate,1908-06-24,,"Marina Alekseyevna Ladynina (Russian: Мари́на Алексе́евна Лады́нина; June 24 [o.s. 11], 1908 in Skotinino, Smolensk, Russian Empire – March 10, 2003 in Moscow, Russian Federation) was a popular Soviet film and theatre actress, best remembered for her leading roles in Tractor Drivers (1939), The Swine Girl and the Shepherd (1941), Six O'Clock after the War is Over (1944), Ballad of Siberia (1947) and Cossacks of the Kuban (1949), all directed by her husband Ivan Pyryev. In 1950 Ladynina was honoured with the People's Artist of the USSR title. She was a five-times Stalin Prize laureate.",FALSE,TRUE,
FP_new,Martin_Shovlin,birthYear,1960,,"Martin Shovlin (born 1960/1) is an Irish former Gaelic footballer who played for Naomh Ultan and the Donegal county team. He played against Armagh and scored a point in the 1990 Ulster final, won by Donegal. His performance led him to be awarded the Ulster GAA Writers' Player of the Year. Shovlin was still playing for Naomh Ultan as recently as 2021.",TRUE,TRUE,
FP_new,Mary_Hamilton_%28politician%29,birthName,Mary Agnes Hamilton,,"Mary Agnes Hamilton (née Adamson, 8 July 1882 – 10 February 1966) was a writer, journalist, broadcaster, civil servant, and the Labour Member of Parliament for Blackburn from 1929 to 1931.",TRUE,TRUE,
FN,Mashiho_Chiri,birthName,,Mashiho Chiri,"Mashiho Chiri (Japanese: 知里 真志保) (February 24, 1909 – June 9, 1961) was an Ainu linguist and anthropologist. He was best known for creating Ainu-Japanese dictionaries.",TRUE,TRUE,
FN,Masud_Pathik,birthName,,Masud Pathik,"Masud Pathik (born 1 August 1979) is a Bangladeshi filmmaker, poet and lyricist. His feature films Nekabborer Mohaproyan (2014) won seven and Maya: The Lost Mother (2019) won eight Bangladesh National Film Awards. Individually, he won the Best Lyrics and Best Story awards. For his poetry, he won the 2013 HSBC Kali O Kalam award for his poem Ekaki Jomin.",TRUE,TRUE,
FP_different,Mel_King,birthName,Mel Herbert King,Melvin Herbert King,"Melvin Herbert King (born 20 October 1928) is an American politician, community organizer, and educator, who holds the position of Senior Lecturer Emeritus at the Massachusetts Institute of Technology in their Department of Urban Studies and Planning. In 1973, King was elected as a member of the Massachusetts House of Representatives' 9th Suffolk district, a post he held until early 1983. King was the runner-up in the 1983 Boston mayoral election, against Raymond Flynn.",FALSE,FALSE,ICE
FN,Melvin_Frank,birthName,,Melvin Frank,"Melvin Frank (13 August 1913 – 13 October 1988) was an American screenwriter, film producer and film director. He is known for his partnership with Norman Panama and their work on films such as Mr. Blandings Builds His Dream House (1948), White Christmas (1954), and The Court Jester (1956). He also directed films such as Buona Sera, Mrs. Campbell and A Touch of Class (1973).",TRUE,TRUE,
FN,Micha%C5%82_Go%C5%82%C4%99biowski,birthName,,Michał Gołębiowski,"Michał Gołębiowski (born January 6, 1989) is a Polish writer, essayist, translator and scholar who works on history of literature and literary theory, born in Nowy Targ, Podhale. He studied at Jagiellonian University in Kraków, and wrote his doctoral thesis about ""the Patristic influences on Renaissance and Baroque religious ideas"". In 2016-2017, he was a holder of scholarship from the Ministry of Science and Higher Education. He describes himself as a Roman Catholic.",TRUE,TRUE,
FP_new,Michael_A%2E_Kelen,birthName,Michael A.Kelen,,"Michael A. Kelen (born October 17, 1948) is a former Canadian judge. He served on the Federal Court of Canada from 2001 until his retirement in 2012.",FALSE,TRUE,
FP_new,Michael_Dahl,birthName,Michael Dahl,,"Michael Dahl (1659–1743) was a Swedish portrait painter who lived and worked in England most of his career and died there. He was one of the most internationally known Swedish painters of his time. He painted portraits of many aristocrats and some members of royal families, such as Queen Anne of Great Britain, Prince George of Denmark and the exiled Queen Christina of Sweden.",TRUE,TRUE,
FP_new,Michael_McCloud,birthName,Michael Snyder,,"Michael McCloud (born 1947) is the stage name of Michael Snyder, an American folk singer and songwriter who regularly performs at the in Key West, Florida.His album Ain't Life Grand features the lead guitar playing of the late ""Doctor"" George Turner.He gained national attention after filing a formal complaint for copyright infringement against country music star Toby Keith in 2006. McCloud claimed that Keith's 2003 hit song ""I Love This Bar"" was copied largely from McCloud's work, ""Tourist Town Bar."" In 2009, McCloud released volumes 1 and 2 of his CD, Live As I Can Be.",TRUE,FALSE,WV
FN,Michelle_Kline,birthName,,Michelle Lynn Kline,"Michelle Lynn Kline (born 8 November 1968) is a former American female speed skater. She competed at the 1992 Winter Olympics and 1994 Winter Olympics representing United States. Just prior to the 1992 Winter Olympics (which was also her first Olympic event), she met with an accident in 1991 causing severe major injuries to her ribs and lungs along with other members when they were engaged in a trip from Chicago to Milwaukee. However, she recovered from the major injuries and was able to participate at the 1992 Winter Olympics.",TRUE,TRUE,
FN,Mika_Kanai,birthName,,Mika Kanai,"Mika Kanai (かない みか, Kanai Mika, born March 18, 1964) is a Japanese voice actress and singer. She is attached to Ken Production. She is best known for her roles in Idol Tenshi Yokoso Yoko (as Yoko Tanaka), Tanoshii Moomin Ikka (as the Snork Maiden), Goldfish Warning! (as Wapiko), Soreike! Anpanman (as Melonpanna), Yadamon (as Yadamon), After War Gundam X (as Tiffa Adill), Hare Tokidoki Buta (as Harebuta), Galaxy Angel (as Vanilla H and Normad), Higurashi When They Cry (as Satoko Hōjō), Tales of Phantasia (as Arche Klein), Uchi no 3 Shimai (as Sū), Sailor Moon S (as Mimet), Mysterious Theft Saint Tail (as Maju Sendo). She is currently the voice of Jigglypuff in the Pokémon and Super Smash Bros. series. She freelanced for the voice of Bonnie, also from the Pokémon series when her regular voic",TRUE,TRUE,
FP_new,Mike_Kelly_%28Pennsylvania_politician%29,birthName,George Joseph Joseph,,"George Joseph ""Mike"" Kelly Jr. (born May 10, 1948) is an American politician and businessman who has been a U.S. representative since 2011 and is currently serving as representative for Pennsylvania's 16th congressional district. The district, numbered as the 3rd district from 2011 to 2019, is based in Erie and stretches from the northwest corner of the state to the outer northern suburbs of Pittsburgh.",FALSE,FALSE,GLS
FP_new,Mikhail_Akimov,label,Mikhail Akimov,,"Mikhail Grigoroevich Akimov (1847–1915) was a Russian politician. After graduating from the University of Moscow, he entered the Ministry of Justice. He served as an Assistant Public Prosecutor in Kiev in 1881. It is known that he was on the roster of Senators in December 1905, because the Chairman of the Council of Ministers, Sergei Witte, chose him to be the successor of Sergey Manukhin from that list. He served as Minister of Justice in the Witte government for the remainder of Witte's tenure (April 1906). He was appointed to the Imperial State Council in 1906. He was eventually chosen as the Chairman of the Imperial State Council.",TRUE,TRUE,
FN,Mikhail_Akimov,birthName,,Mikhail Grigoroevich Akimov,"Mikhail Grigoroevich Akimov (1847–1915) was a Russian politician. After graduating from the University of Moscow, he entered the Ministry of Justice. He served as an Assistant Public Prosecutor in Kiev in 1881. It is known that he was on the roster of Senators in December 1905, because the Chairman of the Council of Ministers, Sergei Witte, chose him to be the successor of Sergey Manukhin from that list. He served as Minister of Justice in the Witte government for the remainder of Witte's tenure (April 1906). He was appointed to the Imperial State Council in 1906. He was eventually chosen as the Chairman of the Imperial State Council.",TRUE,TRUE,
FP_new,Mohammad_Gul_Khan_Momand,birthName,Mohammad Gul Khan Momand,,"Mohammad Gul Khan Momand (Pashto: محمد ګل خان مومند) (born January 17, 1885 – died August 18, 1964), also spelled as Mohmand, was both a literary figure and a well-known politician in Afghanistan. He was also known as Wazir Mohammad Gul Khan Momand or Momand Baba. Mohammad Gul Khan was an Army Officer during Afghanistan's Independence war in 1919. He served numerous Government and Leadership positions including Home Minister of Afghanistan.",TRUE,TRUE,
FP_new,Moshe_Arad,birthName,Moshe Arad,,"Moshe Arad (15 August 1934 – October 25, 2019) was a former ambassador from Israel to Mexico (1983–1987) and an ambassador from Israel to the United States (1987–1990). He emigrated to Israel in 1950. While Israel's Ambassador to the United States, he accused the group Al-Haq of being a front for Yasser Arafat’s PLO and stated that ""most of its members are supporters of Fatah and other members of the PLO terrorist organization.""",TRUE,TRUE,
FP_new,Muhammad_Yousuf_%28politician%29,birthName,Qari Muhammad Yousaf,,"Qari Muhammad Yousaf (born 1 January 1952) is a Pakistani politician who had been a member of the National Assembly of Pakistan, from June 2013 to May 2018. Previously, he had been a member of the National Assembly from 2002 to 2007.",TRUE,TRUE,
FN,Nicholas_Biwott,birthName,,Nicholas Kipyator Kiprono arap Biwott,"Nicholas Kipyator Kiprono arap Biwott (1940 – 11 July 2017) was a Kenyan businessman, politician and philanthropist. Biwott served as a civil servant, Member of Parliament and government minister, during which time he held eight senior ministerial positions during the presidency of Daniel arap Moi.",TRUE,TRUE,
FP_new,Nicholas_Biwott,label,Nicholas Biwott,,"Nicholas Kipyator Kiprono arap Biwott (1940 – 11 July 2017) was a Kenyan businessman, politician and philanthropist. Biwott served as a civil servant, Member of Parliament and government minister, during which time he held eight senior ministerial positions during the presidency of Daniel arap Moi.",TRUE,TRUE,
FP_new,Nur_Devlet,deathYear,1476,,"Nur Devlet (Crimean Tatar: Nur Devlet, نور دولت), was a khan of the Crimean Khanate (1466–1467, 1467–1469 and 1475–1476) and the son of Hacı I Giray, the founder of Crimean Khanate. Outline: In 1466 the first Crimean khan died. His son Nur Devlet became khan but was expelled by his brother Mengli. In 1475 the Turks invaded and put Nur Devlet on the throne. In 1478 the Turks replaced him with Mengli. Nur Devlet entered the Russian service. The Qasim Khanate was a Russian vassal. In 1486 its ruling house died out and Nur Devlet was made Qasim khan. In 1490 he gave the throne to his son and in 1503 he died after a long illness.",TRUE,TRUE,
FP_new,Nur_Devlet,birthYear,1466,,"Nur Devlet (Crimean Tatar: Nur Devlet, نور دولت), was a khan of the Crimean Khanate (1466–1467, 1467–1469 and 1475–1476) and the son of Hacı I Giray, the founder of Crimean Khanate. Outline: In 1466 the first Crimean khan died. His son Nur Devlet became khan but was expelled by his brother Mengli. In 1475 the Turks invaded and put Nur Devlet on the throne. In 1478 the Turks replaced him with Mengli. Nur Devlet entered the Russian service. The Qasim Khanate was a Russian vassal. In 1486 its ruling house died out and Nur Devlet was made Qasim khan. In 1490 he gave the throne to his son and in 1503 he died after a long illness.",TRUE,TRUE,
FP_new,Orn-anong_Panyawong,label,Orn-anong,,"Orn-anong (Thai: อรอนงค์ จิตรสุททร), nicknamed Orn (Thai: อร) (born December 27, 1972 in Chiang Mai, Thailand) is Miss Thailand 1992. She competed in Miss Universe 1992 pageant competition held in Thailand.",TRUE,TRUE,
FP_different,Orn-anong_Panyawong,birthName,Orn-anong Panyawong,Orn-anong,"Orn-anong (Thai: อรอนงค์ จิตรสุททร), nicknamed Orn (Thai: อร) (born December 27, 1972 in Chiang Mai, Thailand) is Miss Thailand 1992. She competed in Miss Universe 1992 pageant competition held in Thailand.",FALSE,FALSE,LCE
FN,Orn-anong_Panyawong,birthName,,Orn-anong,"Orn-anong (Thai: อรอนงค์ จิตรสุททร), nicknamed Orn (Thai: อร) (born December 27, 1972 in Chiang Mai, Thailand) is Miss Thailand 1992. She competed in Miss Universe 1992 pageant competition held in Thailand.",TRUE,TRUE,
FN,Orn-anong_Panyawong,birthYear,,1972,"Orn-anong (Thai: อรอนงค์ จิตรสุททร), nicknamed Orn (Thai: อร) (born December 27, 1972 in Chiang Mai, Thailand) is Miss Thailand 1992. She competed in Miss Universe 1992 pageant competition held in Thailand.",TRUE,TRUE,
FP_new,Otakar_Dibl%C3%ADk,birthName,Otakar Diblík,,Otakar Diblík (19 August 1929 – 12 February 1999) was a Czech industrial designer.,TRUE,TRUE,
FP_new,Park_Na-rae,birthName,Park Na-rae,,"Park Na-rae (Korean: 박나래; born on October 25, 1985) is a South Korean comedian, signed to JDB Entertainment.",TRUE,TRUE,
FP_new,Park_Solhee,birthName,Park Solhee,,"Park Solhee (Korean: 박솔희; born January 5, 1990) is a South Korean writer. She is best known for her travel books Youth on the Railroad (청춘, 내일로) and Complete Guide for Exchange Students (교환학생 완전정복; co-authored). She has gained recognition as the youngest professional travel writer among practical guidebook writers in South Korea. Park published her first book, Youth on the Railroad, in June 2011 when she was 21 years old. Youth on the Railroad received significant attention and positive reviews from South Korean media and has sold more than 12,000 copies as of August 2013. Her second book, Complete Guide for Exchange Students, published in November 2012, also received considerable attention as one of the first travel guidebooks written for prospective foreign exchange students to the Unite",TRUE,TRUE,
FP_different,Pat_Mountain_%28politician%29,birthName,Patty Ann Mountain,Patricia Ann Mountain,Patricia Ann Mountain is a British politician who served as the Interim Leader of the UK Independence Party (UKIP) from 2019 to 2020. Mountain also served as the Deputy Leader of UKIP from July to September 2020.,FALSE,FALSE,AC
FP_different,Pat_Mountain_%28politician%29,birthName,Pat Patricia Ann Mountain,Patricia Ann Mountain,Patricia Ann Mountain is a British politician who served as the Interim Leader of the UK Independence Party (UKIP) from 2019 to 2020. Mountain also served as the Deputy Leader of UKIP from July to September 2020.,FALSE,FALSE,MCE
FP_different,Pat_Mountain_%28politician%29,birthName,Pat Ann Mountain,Patricia Ann Mountain,Patricia Ann Mountain is a British politician who served as the Interim Leader of the UK Independence Party (UKIP) from 2019 to 2020. Mountain also served as the Deputy Leader of UKIP from July to September 2020.,FALSE,FALSE,ICE
FP_new,Patricia_Poleo,birthName,Patricia Poleo,,"Patricia Poleo (born in Caracas) is a Venezuelan journalist and the winner of the King of Spain Journalism Award for her investigation into the whereabouts of Peruvian dictator Alberto Fujimori's right-hand man, Vladimiro Montesinos. She is the daughter of the journalist Rafael Poleo, wife of the former student leader Nixon Moreno, a political scientist graduated from the University of the Andes, and former director of her father's newspaper, El Nuevo País. She is known for her work and opposition to the current government in Venezuela.",TRUE,TRUE,
FP_new,Patricia_Poleo,birthYear,1917,,"Patricia Poleo (born in Caracas) is a Venezuelan journalist and the winner of the King of Spain Journalism Award for her investigation into the whereabouts of Peruvian dictator Alberto Fujimori's right-hand man, Vladimiro Montesinos. She is the daughter of the journalist Rafael Poleo, wife of the former student leader Nixon Moreno, a political scientist graduated from the University of the Andes, and former director of her father's newspaper, El Nuevo País. She is known for her work and opposition to the current government in Venezuela.",FALSE,FALSE,FH
FP_new,Patricia_Poleo,birthYear,1957,,"Patricia Poleo (born in Caracas) is a Venezuelan journalist and the winner of the King of Spain Journalism Award for her investigation into the whereabouts of Peruvian dictator Alberto Fujimori's right-hand man, Vladimiro Montesinos. She is the daughter of the journalist Rafael Poleo, wife of the former student leader Nixon Moreno, a political scientist graduated from the University of the Andes, and former director of her father's newspaper, El Nuevo País. She is known for her work and opposition to the current government in Venezuela.",FALSE,FALSE,FH
FP_new,Patricia_Poleo,birthYear,2017,,"Patricia Poleo (born in Caracas) is a Venezuelan journalist and the winner of the King of Spain Journalism Award for her investigation into the whereabouts of Peruvian dictator Alberto Fujimori's right-hand man, Vladimiro Montesinos. She is the daughter of the journalist Rafael Poleo, wife of the former student leader Nixon Moreno, a political scientist graduated from the University of the Andes, and former director of her father's newspaper, El Nuevo País. She is known for her work and opposition to the current government in Venezuela.",FALSE,FALSE,FH
FP_new,Patricia_Poleo,birthYear,1990,,"Patricia Poleo (born in Caracas) is a Venezuelan journalist and the winner of the King of Spain Journalism Award for her investigation into the whereabouts of Peruvian dictator Alberto Fujimori's right-hand man, Vladimiro Montesinos. She is the daughter of the journalist Rafael Poleo, wife of the former student leader Nixon Moreno, a political scientist graduated from the University of the Andes, and former director of her father's newspaper, El Nuevo País. She is known for her work and opposition to the current government in Venezuela.",FALSE,FALSE,FH
FN,Paul_K%C3%B6chli,birthDate,,1947-04-22,"Paul Köchli is a former bicycle racer and cycling coach from Switzerland, born April 22, 1947 in Basel.",TRUE,TRUE,
FN,Paul_K%C3%B6chli,birthYear,,1947,"Paul Köchli is a former bicycle racer and cycling coach from Switzerland, born April 22, 1947 in Basel.",TRUE,TRUE,
FP_new,Paul_McDowell_%28actor%29,deathDate,2016-05-02,,Paul William McDowell (15 August 1931 – 2 May 2016) was an English actor and writer who appeared in numerous television productions over a 40-year period.,TRUE,TRUE,
FP_new,Peter_Jankowski,birthName,Peter F.Jankowski,,"Peter F. Jankowski (born January 8, 1964) is an American television, film producer and film developer. He is President and Chief Operating Officer of Dick Wolf's Wolf Entertainment, headquartered in Universal City, California. His work across both film and television have earned him an Academy Award, a Grammy Award, and a nomination for an Emmy Award. Jankowski has produced over 1900 episodes of television.",FALSE,TRUE,
FP_new,Pia_Kj%C3%A6rsgaard,label,Pia Merete Kjærsgaard,,"Pia Merete Kjærsgaard (Danish pronunciation: [ˈpʰiːæ ˈkʰeˀɐ̯sˌkɒˀ]; born 23 February 1947) is a Danish politician who was Speaker of the Danish Parliament from 2015 to 2019, and former leader of the Danish People's Party. On 7 August 2012, Kjærsgaard announced her resignation from the leader position of the Danish People's Party. She appointed Kristian Thulesen Dahl as her successor, and he took office on 12 September 2012, promising to maintain the course laid out by Kjærsgaard.",TRUE,FALSE,LCE
FN,PJ_Bianco,label,,PJ Bianco,"Patrick James Bianco (born February 26, 1981), better known as PJ Bianco, is an American songwriter, record producer and artist developer from New Jersey. PJ is known for his early days development of The Jonas Brothers as the songwriter/producer behind their debut album & top 40 hit ""When You Look Me In The Eyes"" and most recently as a major collaborator of American band, A R I Z O N A. His recent notable songwriting/production credits include Avicii's ""Hold The Line"", A R I Z O N A's ""Oceans Away"", Axwell's ""Nobody Else"" and LP's ""Into The Wild"".",TRUE,TRUE,
FP_new,Princess_Xihai,deathYear,434,,"Princess Xihai (Chinese: 西海公主) (fl. 434) was a consort of the Qilian Khan of the Rouran Khaganate. She was born into the imperial clan of the Northern Wei, and was a cousin or sister of the Emperor Taiwu.",TRUE,FALSE,DFE
FP_new,Princess_Xihai,birthYear,434,,"Princess Xihai (Chinese: 西海公主) (fl. 434) was a consort of the Qilian Khan of the Rouran Khaganate. She was born into the imperial clan of the Northern Wei, and was a cousin or sister of the Emperor Taiwu.",TRUE,FALSE,DFE
FN,Rahel_Varnhagen,label,,Rahel Varnhagen,"Rahel Antonie Friederike Varnhagen (German: [ˈʁaːɛl ˈfaʁnhaːɡən]) (née Levin, later Robert; 19 May 1771 – 7 March 1833) was a German writer who hosted one of the most prominent salons in Europe during the late 18th and early 19th centuries. She is the subject of a celebrated biography, Rahel Varnhagen: The Life of a Jewess (1957), written by Hannah Arendt. Arendt cherished Varnhagen as her ""closest friend, though she ha[d] been dead for some hundred years"". The asteroid 100029 Varnhagen is named in her honour.",TRUE,TRUE,
FN,Ralph_Willett_Miller,birthName,,Ralph Willett Miller,"Ralph Willett Miller (24 January 1762 – 14 May 1799) was an officer of the Royal Navy. He served during the American Revolutionary and the French Revolutionary Wars, eventually rising to the rank of Captain. He was one of Vice-Admiral Horatio Nelson's Band of Brothers at the Battle of the Nile in 1798.",TRUE,TRUE,
FN,Randolph_Townsend,birthName,,Randolph Townsend,"Randolph Townsend (born January 24, 1947 in Los Angeles, California) is an American Republican Party politician from Nevada. From 1982 to 2010, he served as a member of the Nevada Senate, representing Washoe County District 4 (map). He served from 2010 to 2014 as a member of the Nevada Gaming Commission. Townsend holds Bachelor's and master's degrees in Education from the University of Nevada, Reno.",TRUE,TRUE,
FP_new,Randy_Cartwright,birthName,Randy Cartwright,,"Randy Cartwright (born October 31, 1951 in Virginia) is an American animator.",TRUE,TRUE,
FN,Rapha%C3%ABl_Van_Dorpe,birthName,,Raphaël Van Dorpe,Raphaël Van Dorpe (1910 – 1996) was a Belgian architect. His work was part of the architecture event in the art competition at the 1932 Summer Olympics.,TRUE,TRUE,
FN,Reginald_Stourton,alias,,Sir Reginald Stourton,"Sir Reginald Stourton of Stourton, Wiltshire (born 1434) was an English knight.",TRUE,TRUE,
FP_different,Ren%C3%A9_Hiddink,label,Ren Hiddink,Rene Hiddink,"Rene Hiddink (born 19 June 1955 in Heerenveen) is a Dutch retired footballer who now works as assistant coach of the Maldives national football team. Besides the Netherlands, he has managed in Rwanda, Madagascar, and the Maldives.",TRUE,FALSE,ICE
FP_different,Ren%C3%A9_Hiddink,label,Ren%C3%A9 Hiddink,Rene Hiddink,"Rene Hiddink (born 19 June 1955 in Heerenveen) is a Dutch retired footballer who now works as assistant coach of the Maldives national football team. Besides the Netherlands, he has managed in Rwanda, Madagascar, and the Maldives.",TRUE,TRUE,
FP_new,Reuben_Bourne,birthName,Reuben Bourne,,"Reuben Bourne (fl. 1692), was an English dramatist. Bourne belonged to the Middle Temple, and left behind him a comedy which has never been acted. The title of this is 'The Contented Cuckold, or Woman's Advocate,' 4to, 1692. Its scene is Edmonton, and the principal character, Sir Peter Lovejoy, contends that a cuckold is one of the scarcest of created beings.",TRUE,TRUE,
FP_new,Reuben_Bourne,birthDate,1692-07-04,,"Reuben Bourne (fl. 1692), was an English dramatist. Bourne belonged to the Middle Temple, and left behind him a comedy which has never been acted. The title of this is 'The Contented Cuckold, or Woman's Advocate,' 4to, 1692. Its scene is Edmonton, and the principal character, Sir Peter Lovejoy, contends that a cuckold is one of the scarcest of created beings.",FALSE,FALSE,AC
FP_new,Robert_K%2E_Scott_%28diplomat%29,birthName,Robert K.Scott,,"Robert K. Scott (born June 5, 1963) is an American diplomat who served as the United States Ambassador to Malawi from 2019 to 2021.",FALSE,TRUE,
FP_new,Rogvolod,deathYear,978,,"Rogvolod (Russian: Рогволод, romanized: Rogvolod; Belarusian: Рагвалод, romanized: Rahvałod; c. 920 – 978) was the first chronicled prince of Polotsk (945–978). In the Russian Primary Chronicle, he is known as Рогъволодъ, probably a slavicized version of the Old Norse name Ragnvald. The name has also been connected with the Russian words рог and володеть, from which the formation of the name may have come. He was a Varangian, unrelated to Vladimir the Great, and was established at Polotsk in the mid-10th century, most likely having come from overseas (i.e., from Scandinavia or the Southern Baltic). According to the Russian Primary Chronicle, Vladimir the Great sought an alliance with him in 980 by marrying his daughter Rogneda, but she refused, insulting his parentage, and married his brot",TRUE,TRUE,
FP_new,Rogvolod,birthYear,920,,"Rogvolod (Russian: Рогволод, romanized: Rogvolod; Belarusian: Рагвалод, romanized: Rahvałod; c. 920 – 978) was the first chronicled prince of Polotsk (945–978). In the Russian Primary Chronicle, he is known as Рогъволодъ, probably a slavicized version of the Old Norse name Ragnvald. The name has also been connected with the Russian words рог and володеть, from which the formation of the name may have come. He was a Varangian, unrelated to Vladimir the Great, and was established at Polotsk in the mid-10th century, most likely having come from overseas (i.e., from Scandinavia or the Southern Baltic). According to the Russian Primary Chronicle, Vladimir the Great sought an alliance with him in 980 by marrying his daughter Rogneda, but she refused, insulting his parentage, and married his brot",TRUE,TRUE,
FP_new,Rogvolod,birthYear,945,,"Rogvolod (Russian: Рогволод, romanized: Rogvolod; Belarusian: Рагвалод, romanized: Rahvałod; c. 920 – 978) was the first chronicled prince of Polotsk (945–978). In the Russian Primary Chronicle, he is known as Рогъволодъ, probably a slavicized version of the Old Norse name Ragnvald. The name has also been connected with the Russian words рог and володеть, from which the formation of the name may have come. He was a Varangian, unrelated to Vladimir the Great, and was established at Polotsk in the mid-10th century, most likely having come from overseas (i.e., from Scandinavia or the Southern Baltic). According to the Russian Primary Chronicle, Vladimir the Great sought an alliance with him in 980 by marrying his daughter Rogneda, but she refused, insulting his parentage, and married his brot",TRUE,FALSE,WV
FP_new,Ry%C5%8Dma_Baba,birthName,Ryouma Baba,,"Ryouma Baba (馬場 良馬, Baba Ryōma, born December 15, 1984 in Chiba Prefecture) is a Japanese actor who is affiliated with Toki Entertainment. He played the role of Ryuji Iwasaki (Blue Buster) in the 2012 Super Sentai TV series Tokumei Sentai Go-Busters. His blood type is B.",TRUE,TRUE,
FP_new,S%2E_James_Otero,label,S.James Otero,,"Samuel James Otero (born December 30, 1951) is a former United States District Judge of the United States District Court for the Central District of California.",TRUE,TRUE,
FP_new,S%2E_James_Otero,label,Suel James Otero,,"Samuel James Otero (born December 30, 1951) is a former United States District Judge of the United States District Court for the Central District of California.",TRUE,FALSE,LCE
FP_new,S%2E_Thandayuthapani,label,S.2E Thandayuthapani,,"Singaravelu Thandayuthapani (Tamil: சிங்காரவேலு தண்டாயுதபாணி; born 7 August 1950) is a Sri Lankan Tamil teacher, civil servant, politician and provincial minister.",TRUE,FALSE,TMI
FP_new,Saint_Ursula,birthDate,0383-10-21,,"Saint Ursula (Latin for 'little female bear', German: Heilige Ursula) is a legendary Romano-British Christian saint who died on 21 October 383. Her feast day in the pre-1970 General Roman Calendar is 21 October. There is little information about her and the anonymous group of holy virgins who accompanied and, on an uncertain date, were killed along with her at Cologne. They remain in the Roman Martyrology, although their commemoration does not appear in the simplified Calendarium Romanum Generale (General Roman Calendar) of the 1970 Missale Romanum.",TRUE,TRUE,
FP_new,Saint_Ursula,birthYear,383,,"Saint Ursula (Latin for 'little female bear', German: Heilige Ursula) is a legendary Romano-British Christian saint who died on 21 October 383. Her feast day in the pre-1970 General Roman Calendar is 21 October. There is little information about her and the anonymous group of holy virgins who accompanied and, on an uncertain date, were killed along with her at Cologne. They remain in the Roman Martyrology, although their commemoration does not appear in the simplified Calendarium Romanum Generale (General Roman Calendar) of the 1970 Missale Romanum.",TRUE,TRUE,
FP_new,Saint_Ursula,birthDate,1938-10-21,,"Saint Ursula (Latin for 'little female bear', German: Heilige Ursula) is a legendary Romano-British Christian saint who died on 21 October 383. Her feast day in the pre-1970 General Roman Calendar is 21 October. There is little information about her and the anonymous group of holy virgins who accompanied and, on an uncertain date, were killed along with her at Cologne. They remain in the Roman Martyrology, although their commemoration does not appear in the simplified Calendarium Romanum Generale (General Roman Calendar) of the 1970 Missale Romanum.",FALSE,FALSE,FH
FP_new,Saint_Ursula,birthYear,1938,,"Saint Ursula (Latin for 'little female bear', German: Heilige Ursula) is a legendary Romano-British Christian saint who died on 21 October 383. Her feast day in the pre-1970 General Roman Calendar is 21 October. There is little information about her and the anonymous group of holy virgins who accompanied and, on an uncertain date, were killed along with her at Cologne. They remain in the Roman Martyrology, although their commemoration does not appear in the simplified Calendarium Romanum Generale (General Roman Calendar) of the 1970 Missale Romanum.",FALSE,FALSE,FH
FN,Sally_McManus,birthName,,Sally McManus,"Sally McManus (born 31 July 1971) is an Australian trade unionist, feminist and political activist who has served as the Secretary of the Australian Council of Trade Unions (ACTU) since 2017. She is the first woman to hold the position of Secretary in the ACTU’s 90-year history. Prior to becoming Secretary she served as a Vice President and Campaigns Director. Before joining the ACTU, McManus was the Branch Secretary and an organiser with the Australian Services Union (ASU) in NSW and the ACT.",TRUE,TRUE,
FN,Samuel_W_Hill,birthName,,Samuel W Hill,"Samuel W Hill, (November 6, 1815 – August 28, 1889) was an American surveyor, geologist and mining developer in Michigan's Copper Country.",TRUE,TRUE,
FN,Santa_Camar%C3%A3o,label,,Santa Camarão,"José Soares Santa (25 December 1902 – 5 April 1968), known as Santa Camarão (""Camarão"" being a family nickname meaning Shrimp in English) or Zé Santa in Portugal, and as Jose Santa or Joe Santa in the United States, was a Portuguese boxer. At 2.02 m (6 ft 8 in) he was one of the tallest heavyweight boxers in history.",TRUE,TRUE,
FP_new,Se%C3%A1n_Cummings,birthName,Seán Cummings,,"Seán Cummings is a Canadian film and television industry professional and former playwright, actor, producer, and director from Vancouver, British Columbia, Canada. He was born in Ontario on January 17, 1968. Cummings' first full-length play, ""Chasing Home"" was produced at the Vancouver Playhouse by the Frank Theatre Company and the Vancouver Playhouse Theatre Company in Vancouver, BC in 2012. His first published work appears as the preface to C.E. Gatchalian's ""Crossing"" and other Plays - Lethe Press (Feb. 6 2011).",TRUE,TRUE,
FP_new,Se%C3%A1n_Cummings,deathDate,2011-02-06,,"Seán Cummings is a Canadian film and television industry professional and former playwright, actor, producer, and director from Vancouver, British Columbia, Canada. He was born in Ontario on January 17, 1968. Cummings' first full-length play, ""Chasing Home"" was produced at the Vancouver Playhouse by the Frank Theatre Company and the Vancouver Playhouse Theatre Company in Vancouver, BC in 2012. His first published work appears as the preface to C.E. Gatchalian's ""Crossing"" and other Plays - Lethe Press (Feb. 6 2011).",TRUE,FALSE,WV
FP_new,Se%C3%A1n_Cummings,deathYear,2011,,"Seán Cummings is a Canadian film and television industry professional and former playwright, actor, producer, and director from Vancouver, British Columbia, Canada. He was born in Ontario on January 17, 1968. Cummings' first full-length play, ""Chasing Home"" was produced at the Vancouver Playhouse by the Frank Theatre Company and the Vancouver Playhouse Theatre Company in Vancouver, BC in 2012. His first published work appears as the preface to C.E. Gatchalian's ""Crossing"" and other Plays - Lethe Press (Feb. 6 2011).",TRUE,FALSE,WV
FN,Se%C3%A1n_Cummings,birthDate,,1968-01-17,"Seán Cummings is a Canadian film and television industry professional and former playwright, actor, producer, and director from Vancouver, British Columbia, Canada. He was born in Ontario on January 17, 1968. Cummings' first full-length play, ""Chasing Home"" was produced at the Vancouver Playhouse by the Frank Theatre Company and the Vancouver Playhouse Theatre Company in Vancouver, BC in 2012. His first published work appears as the preface to C.E. Gatchalian's ""Crossing"" and other Plays - Lethe Press (Feb. 6 2011).",TRUE,TRUE,
FN,Se%C3%A1n_Cummings,birthYear,,1968,"Seán Cummings is a Canadian film and television industry professional and former playwright, actor, producer, and director from Vancouver, British Columbia, Canada. He was born in Ontario on January 17, 1968. Cummings' first full-length play, ""Chasing Home"" was produced at the Vancouver Playhouse by the Frank Theatre Company and the Vancouver Playhouse Theatre Company in Vancouver, BC in 2012. His first published work appears as the preface to C.E. Gatchalian's ""Crossing"" and other Plays - Lethe Press (Feb. 6 2011).",TRUE,TRUE,
FP_new,Se%C3%A1n_Kenny_%28politician%29,birthName,Seán Kenny,,"Seán Kenny (born 1 October 1942) is an Irish former Labour Party politician who served as a Teachta Dála (TD) for the Dublin North-East constituency from 1992 to 1997 and 2011 to 2016. He also served as Lord Mayor of Dublin from 1991 to 1992. A former executive officer in CIÉ, Kenny was elected to Dáil Éireann for Dublin North-East during the swing to Labour in the 1992 general election. During his time in the Dáil, he was a member of the Forum for Peace and Reconciliation and served as Chairman of the Social Affairs Committee.",TRUE,TRUE,
FP_new,Seleucus_V_Philometor,deathYear,125 BC,,"The Seleucid king Seleucus V Philometor (Greek: Σέλευκος Ε΄ ὁ Φιλομήτωρ; 126/125 BC), ruler of the Hellenistic Seleucid kingdom, was the eldest son of Demetrius II Nicator and Cleopatra Thea. The epithet Philometor means ""mother-loving"" and in the Hellenistic world usually indicated that the mother acted as co-regent for the prince.",TRUE,FALSE,DFE
FP_new,Seleucus_V_Philometor,birthYear,126,,"The Seleucid king Seleucus V Philometor (Greek: Σέλευκος Ε΄ ὁ Φιλομήτωρ; 126/125 BC), ruler of the Hellenistic Seleucid kingdom, was the eldest son of Demetrius II Nicator and Cleopatra Thea. The epithet Philometor means ""mother-loving"" and in the Hellenistic world usually indicated that the mother acted as co-regent for the prince.",TRUE,FALSE,DFE
FP_new,Seleucus_V_Philometor,deathYear,125,,"The Seleucid king Seleucus V Philometor (Greek: Σέλευκος Ε΄ ὁ Φιλομήτωρ; 126/125 BC), ruler of the Hellenistic Seleucid kingdom, was the eldest son of Demetrius II Nicator and Cleopatra Thea. The epithet Philometor means ""mother-loving"" and in the Hellenistic world usually indicated that the mother acted as co-regent for the prince.",TRUE,FALSE,DFE
FP_different,Sergio_De_La_Pava,label,Sergio de la Pava,Sergio De La Pava,Sergio de la Pava (born 1970/71) is an American novelist and lawyer. He is best known for his novel A Naked Singularity.,TRUE,FALSE,TMI
FN,Simon_Dia,label,,Simon Dia,Ousmane Simon Dia (born 17 July 1992) is a French professional footballer who plays as a forward.,TRUE,TRUE,
FP_different,Sir_Robert_Grierson%2C_1st_Baronet,label,Sir Robert Grierson,"Sir Robert Grierson, 1st Baronet","Sir Robert Grierson, 1st Baronet of Lag (1655 – 31 December 1733) was a Scottish baronet from Dunfries-shire. He is best remembered as a notorious persecutor of the Covenanters, particularly among the people of Galloway, and is still referred to by nickname, ""Cruel Lag."" The character of Sir Robert Redgauntlet of Wandering Willie's tale in Sir Walter Scott's Redgauntlet is based on Grierson.",TRUE,FALSE,ICE
FP_new,Sir_Robert_Grierson%2C_1st_Baronet,birthYear,1655,,"Sir Robert Grierson, 1st Baronet of Lag (1655 – 31 December 1733) was a Scottish baronet from Dunfries-shire. He is best remembered as a notorious persecutor of the Covenanters, particularly among the people of Galloway, and is still referred to by nickname, ""Cruel Lag."" The character of Sir Robert Redgauntlet of Wandering Willie's tale in Sir Walter Scott's Redgauntlet is based on Grierson.",TRUE,TRUE,
FN,Stephen_Edward_Smith,label,,Stephen Edward Smith,"Stephen Edward Smith (September 24, 1927 – August 19, 1990) was the husband of Jean Ann Kennedy. He was a financial analyst and political strategist in the 1960 United States presidential campaign of his brother-in-law John F. Kennedy.",TRUE,TRUE,
FP_new,Steve_Holy,birthName,Stephen Kyle Holy,,"Stephen Kyle Holy (born February 23, 1972) is an American country music singer. Signed to Curb Records since 1999, he has released three studio albums: 2000's Blue Moon, 2006's Brand New Girlfriend, and 2011's Love Don't Run. Fifteen of his singles have entered the Billboard Hot Country Songs charts, including the Number One hits ""Good Morning Beautiful"" (which was featured in the movie Angel Eyes) and ""Brand New Girlfriend"".",TRUE,TRUE,
FP_different,Stewart_Cockburn,birthName,Alexander Stewart Cockburn AM,Alexander Stewart Cockburn,"Alexander Stewart Cockburn AM (16 October 1921 – 6 July 2009) was an Australian journalist, commentator and author from Adelaide, South Australia.",TRUE,FALSE,LCE
FP_different,Susana_Agust%C3%AD,label,Susana Agustí Requena,Susana Agustí,"Susana Agustí Requena is a Spanish biological oceanographer who has participated in over 25 oceanographic expeditions in the Arctic, Southern Ocean (Antarctic), Atlantic, Pacific and Indian Oceans. She played a key role in the Malaspina Circumnavigation Expedition. She is professor in Marine Science at King Abdullah University of Science and Technology in Saudi Arabia and an adjunct Professor at the University of Tromsø (Norway).",TRUE,FALSE,LCE
FP_different,Syed_Aman_Bachchan,label,Syed Amanullah,Syed Aman Bachchan,"Syed Amanullah known by his professional name Syed Aman Bachchan or Bachchan is an Indian film producer in the Kannada film industry. Edegarike, a film produced by him and directed by Sumana Kittur, was the only Indian film selected for screening in Mumbai Women's International Film Festival, 2013.",TRUE,FALSE,ICE
FN,Syed_Aman_Bachchan,alias,,Bachchan,"Syed Amanullah known by his professional name Syed Aman Bachchan or Bachchan is an Indian film producer in the Kannada film industry. Edegarike, a film produced by him and directed by Sumana Kittur, was the only Indian film selected for screening in Mumbai Women's International Film Festival, 2013.",TRUE,TRUE,
FN,Syed_Aman_Bachchan,birthName,,Syed Amanullah,"Syed Amanullah known by his professional name Syed Aman Bachchan or Bachchan is an Indian film producer in the Kannada film industry. Edegarike, a film produced by him and directed by Sumana Kittur, was the only Indian film selected for screening in Mumbai Women's International Film Festival, 2013.",TRUE,TRUE,
FP_new,Ted_Beard,label,Ted Beard,,"Cramer Theodore Beard (January 7, 1921 – December 30, 2011) was an American professional baseball player who played for the Pittsburgh Pirates and the Chicago White Sox for parts of seven seasons spanning 1948–1958. Born in Woodsboro, Maryland, the outfielder threw and batted left-handed, stood 5 feet 8 inches (173 cm) tall and weighed 165 pounds (75 kg).",TRUE,TRUE,
FP_new,Teddy_Sinclair,alias,Teddy Sinclair,,"Natalia Noemi ""Teddy"" Sinclair (née Cappuccini; born 15 August 1986), is an English singer, songwriter and actress. She has recorded music under various aliases, most famously as Natalia Kills and Verbalicious. She is currently the lead vocalist of the band Cruel Youth, which also releases music under the name The Powder Room. In March 2015, Sinclair and her husband, Willy Moon, were fired as judges from New Zealand X Factor for their harsh comments towards one of the contestants.",FALSE,TRUE,
FP_new,Teddy_Sinclair,alias,The Powder Room,,"Natalia Noemi ""Teddy"" Sinclair (née Cappuccini; born 15 August 1986), is an English singer, songwriter and actress. She has recorded music under various aliases, most famously as Natalia Kills and Verbalicious. She is currently the lead vocalist of the band Cruel Youth, which also releases music under the name The Powder Room. In March 2015, Sinclair and her husband, Willy Moon, were fired as judges from New Zealand X Factor for their harsh comments towards one of the contestants.",TRUE,FALSE,WV
FP_new,Teddy_Sinclair,alias,Teddy,,"Natalia Noemi ""Teddy"" Sinclair (née Cappuccini; born 15 August 1986), is an English singer, songwriter and actress. She has recorded music under various aliases, most famously as Natalia Kills and Verbalicious. She is currently the lead vocalist of the band Cruel Youth, which also releases music under the name The Powder Room. In March 2015, Sinclair and her husband, Willy Moon, were fired as judges from New Zealand X Factor for their harsh comments towards one of the contestants.",TRUE,FALSE,ICE
FP_new,Teddy_Sinclair,alias,Natalia Noemi,,"Natalia Noemi ""Teddy"" Sinclair (née Cappuccini; born 15 August 1986), is an English singer, songwriter and actress. She has recorded music under various aliases, most famously as Natalia Kills and Verbalicious. She is currently the lead vocalist of the band Cruel Youth, which also releases music under the name The Powder Room. In March 2015, Sinclair and her husband, Willy Moon, were fired as judges from New Zealand X Factor for their harsh comments towards one of the contestants.",TRUE,FALSE,WV
FP_new,Teddy_Sinclair,birthName,Natalia Noemi,,"Natalia Noemi ""Teddy"" Sinclair (née Cappuccini; born 15 August 1986), is an English singer, songwriter and actress. She has recorded music under various aliases, most famously as Natalia Kills and Verbalicious. She is currently the lead vocalist of the band Cruel Youth, which also releases music under the name The Powder Room. In March 2015, Sinclair and her husband, Willy Moon, were fired as judges from New Zealand X Factor for their harsh comments towards one of the contestants.",TRUE,TRUE,
FP_new,Terry_Ward,label,Terry Ward,,"Terence ""Terry"" Ward (10 December 1939 – 1963) was an English footballer who played in the Football League for Stoke City along with his brother Derrick.",TRUE,TRUE,
FP_new,Terry_Ward,deathDate,1963-12-23,,"Terence ""Terry"" Ward (10 December 1939 – 1963) was an English footballer who played in the Football League for Stoke City along with his brother Derrick.",FALSE,FALSE,AC
FP_new,Teruaki_Mukaiyama,birthName,Teruaki Mukaiyama,,"Teruaki Mukaiyama (向山 光昭, Mukaiyama Teruaki, January 5, 1927 – November 17, 2018) was a Japanese organic chemist. One of the most prolific chemists of the 20th century in the field of organic synthesis, Mukaiyama helped establish the field of organic chemistry in Japan after World War II.",TRUE,TRUE,
FN,The_Brothers_Chaps,alias,,The Brothers Chaps,"Matthew ""Matt"" Alan Chapman (born November 1, 1976) and Michael ""Mike"" Raymond Chapman (born September 20, 1973), known collectively as The Brothers Chaps, are American writers, voice actors, directors, animators, producers and composers. They are best known as the creators of the animated series Homestar Runner.",TRUE,TRUE,
FP_new,The_Brothers_Chaps,birthName,Matthew Alan Chapman,,"Matthew ""Matt"" Alan Chapman (born November 1, 1976) and Michael ""Mike"" Raymond Chapman (born September 20, 1973), known collectively as The Brothers Chaps, are American writers, voice actors, directors, animators, producers and composers. They are best known as the creators of the animated series Homestar Runner.",FALSE,TRUE,
FP_different,The_Brothers_Chaps,birthDate,1976-11-20,1976-11-01,"Matthew ""Matt"" Alan Chapman (born November 1, 1976) and Michael ""Mike"" Raymond Chapman (born September 20, 1973), known collectively as The Brothers Chaps, are American writers, voice actors, directors, animators, producers and composers. They are best known as the creators of the animated series Homestar Runner.",FALSE,FALSE,MCE
FP_new,Timi_Dakolo,birthName,Timi Dakolo,,"Timi Dakolo (born January 20, 1981) is a Nigerian singer, songwriter and music producer. He emerged winner of the inaugural season of Idols West Africa in 2007. Accompanying his victory was a recording contract with Sony BMG, in addition to other prizes.",TRUE,TRUE,
FP_new,Tod_Fennell,birthName,Tod Fennell,,"Tod Fennell (born October 18, 1984) is a Canadian film, voice, and television actor. He was born in Montreal, Quebec.",TRUE,TRUE,
FP_different,Tomasz_Ganicz,birthName,Tomasz Polimerek,Tomasz Ganicz,"Tomasz Ganicz, ps. Polimerek (born 27 August 1966 in Łódź), is a Polish chemist, doctor habilitas of chemical sciences and professor extraordinarius at the Military University of Technology in Warsaw. He was the president of Wikimedia Polska (2007–2018).",FALSE,FALSE,WV
FN,Trey_Ratcliff,birthName,,Trey Ratcliff,"Trey Ratcliff (born July 7, 1971) is an American photographer, public speaker and writer.",TRUE,TRUE,
FP_new,Uzana_II_of_Pagan,deathYear,1368,,"Uzana II of Pagan (Burmese: ဥဇနာ, pronounced [ʔṵzənà]; also Saw Mun Nit; 1311–1368) was viceroy of Pagan (Bagan) from 1325 to 1364 under the suzerain of Pinya Kingdom, and from 1365 to 1368/69 under the Ava Kingdom. He was also the last of the Pagan dynasty which dated back at least to the mid-9th century. Though still styled as King of Pagan, Uzana's effective rule, like his father's and grandfather's, amounted to just the area around Pagan city. King Swa Saw Ke of Ava (r. 1367–1400) was a nephew of Uzana II.",TRUE,TRUE,
FP_new,Uzana_II_of_Pagan,birthYear,1311,,"Uzana II of Pagan (Burmese: ဥဇနာ, pronounced [ʔṵzənà]; also Saw Mun Nit; 1311–1368) was viceroy of Pagan (Bagan) from 1325 to 1364 under the suzerain of Pinya Kingdom, and from 1365 to 1368/69 under the Ava Kingdom. He was also the last of the Pagan dynasty which dated back at least to the mid-9th century. Though still styled as King of Pagan, Uzana's effective rule, like his father's and grandfather's, amounted to just the area around Pagan city. King Swa Saw Ke of Ava (r. 1367–1400) was a nephew of Uzana II.",TRUE,TRUE,
FP_new,Varun_Shrivastava,birthName,Varun Shrivastava,,"Varun Shrivastava (born 5 November 1986) is an Indian social reformer focused on education. He is an alumnus of IIT Kharagpur. Shrivastava has received several awards including the ""Young Alumni Achiever Award"" conferred upon him by his alma mater. Alongside he came up with an idea to make their families self-sustaining and hence, came up with an online e-commerce platform for them to sell handmade goods.",TRUE,TRUE,
FP_new,Vibius_Sequester,deathYear,AD,,Vibius Sequester (active in the 4th or 5th century AD) is the Latin author of lists of geographical names.,TRUE,FALSE,WV
FP_new,Vibius_Sequester,birthYear,4th,,Vibius Sequester (active in the 4th or 5th century AD) is the Latin author of lists of geographical names.,TRUE,FALSE,DFE
FP_new,Vibius_Sequester,birthYear,4th century,,Vibius Sequester (active in the 4th or 5th century AD) is the Latin author of lists of geographical names.,FALSE,FALSE,DFE
FN,Vicente_Riva_Palacio,label,,Vicente Riva Palacio,"Vicente Florencio Carlos Riva Palacio Guerrero better known as Vicente Riva Palacio (16 October 1832 in Mexico City – 22 November 1896 in Madrid) was a Mexican liberal politician, novelist, journalist, intellectual, and military leader. His father was Mariano Riva Palacio, a moderate liberal, and his mother was María de los Dolores Guerrero Hernández, daughter of independence hero and President of Mexico Vicente Guerrero and María de Guadalupe Hernández. Vicente's father worked for the Emperor Maximilian I of Mexico in Querétaro during the French intervention in Mexico.",TRUE,TRUE,
FP_different,Vicente_Riva_Palacio,birthName,Vicente Florencio Carlos Riva Palacio,Vicente Florencio Carlos Riva Palacio Guerrero,"Vicente Florencio Carlos Riva Palacio Guerrero better known as Vicente Riva Palacio (16 October 1832 in Mexico City – 22 November 1896 in Madrid) was a Mexican liberal politician, novelist, journalist, intellectual, and military leader. His father was Mariano Riva Palacio, a moderate liberal, and his mother was María de los Dolores Guerrero Hernández, daughter of independence hero and President of Mexico Vicente Guerrero and María de Guadalupe Hernández. Vicente's father worked for the Emperor Maximilian I of Mexico in Querétaro during the French intervention in Mexico.",TRUE,FALSE,ICE
FP_different,Vicente_Riva_Palacio,birthName,Vicente Florencio Carlos Riva Palacio Guerrero better known as Vicente Riva Palacio,Vicente Florencio Carlos Riva Palacio Guerrero,"Vicente Florencio Carlos Riva Palacio Guerrero better known as Vicente Riva Palacio (16 October 1832 in Mexico City – 22 November 1896 in Madrid) was a Mexican liberal politician, novelist, journalist, intellectual, and military leader. His father was Mariano Riva Palacio, a moderate liberal, and his mother was María de los Dolores Guerrero Hernández, daughter of independence hero and President of Mexico Vicente Guerrero and María de Guadalupe Hernández. Vicente's father worked for the Emperor Maximilian I of Mexico in Querétaro during the French intervention in Mexico.",TRUE,FALSE,LCE
FP_different,Vicente_Sim%C3%B3n,label,Vicente Simón Foj,Vicente Simón,"Vicente Simón Foj (born 1 March 1969), is a Spanish retired footballer who played as a forward.",TRUE,FALSE,LCE
FP_different,Vikentij_Maku%C5%A1ev,birthName,Vikentij Makušev,Викентий Васильевич Макушев,Vikentij Makušev (Russian: Викентий Васильевич Макушев) (1837—1883) was a Russian Slavist and Albanologist. He is best known because of his works about Dubrovnik. He was born on 10 November 1837 in Brest Litovsk. His father was military engineer. His mother died in 1847 of cholera. In period between 1856 and 1860 he studied at University of Petrograd. In January 1863 Makušev was appointed as Russian consul in Dubrovnik where he spent five years researching archives of Dubrovnik.,TRUE,TRUE,
FN,Vikentij_Maku%C5%A1ev,birthName,,Викентий Васильевич Макушев,Vikentij Makušev (Russian: Викентий Васильевич Макушев) (1837—1883) was a Russian Slavist and Albanologist. He is best known because of his works about Dubrovnik. He was born on 10 November 1837 in Brest Litovsk. His father was military engineer. His mother died in 1847 of cholera. In period between 1856 and 1860 he studied at University of Petrograd. In January 1863 Makušev was appointed as Russian consul in Dubrovnik where he spent five years researching archives of Dubrovnik.,TRUE,TRUE,
FN,Vikentij_Maku%C5%A1evski,birthName,,Викентий Васильевич Макушев,,,,
FP_new,Walter_Lyghe,birthDate,1373-12-07,,Walter Lyghe was a medieval Bishop of Worcester elect. He was elected on 7 December 1373 but his election was quashed on about 12 September 1375.,TRUE,,
FP_new,Walter_Lyghe,deathDate,1375-09-12,,Walter Lyghe was a medieval Bishop of Worcester elect. He was elected on 7 December 1373 but his election was quashed on about 12 September 1375.,TRUE,,
FP_new,Walter_Lyghe,birthYear,1373,,Walter Lyghe was a medieval Bishop of Worcester elect. He was elected on 7 December 1373 but his election was quashed on about 12 September 1375.,TRUE,,
FP_new,Walter_Lyghe,deathYear,1375,,Walter Lyghe was a medieval Bishop of Worcester elect. He was elected on 7 December 1373 but his election was quashed on about 12 September 1375.,TRUE,,
FN,Wendy_Saddington,label,,Wendy Saddington,"Wendy June Saddington (26 September 1949 – 21 June 2013), also known as Gandharvika Dasi, was an Australian blues, soul and jazz singer, and was in the bands Chain, Copperwine and the Wendy Saddington Band. She wrote for teen pop newspaper Go-Set from September 1969 to September 1970 as an agony aunt in her weekly ""Takes Care of Business"" column, and as a feature writer. Saddington had Top 30 chart success with her 1972 solo single ""Looking Through a Window"", which was written and produced by Billy Thorpe and Warren Morgan of the Aztecs. After adopting Krishna Consciousness in the 1970s she took the name Gandharvika Dasi. In March 2013 she was diagnosed with oesophageal cancer, and died on 21 June, aged 63.",TRUE,,
FN,Wendy_Saddington,alias,,Gandharvika Dasi,"Wendy June Saddington (26 September 1949 – 21 June 2013), also known as Gandharvika Dasi, was an Australian blues, soul and jazz singer, and was in the bands Chain, Copperwine and the Wendy Saddington Band. She wrote for teen pop newspaper Go-Set from September 1969 to September 1970 as an agony aunt in her weekly ""Takes Care of Business"" column, and as a feature writer. Saddington had Top 30 chart success with her 1972 solo single ""Looking Through a Window"", which was written and produced by Billy Thorpe and Warren Morgan of the Aztecs. After adopting Krishna Consciousness in the 1970s she took the name Gandharvika Dasi. In March 2013 she was diagnosed with oesophageal cancer, and died on 21 June, aged 63.",TRUE,,
FP_new,Wendy_Saddington,birthName,Wendy June Saddington,,"Wendy June Saddington (26 September 1949 – 21 June 2013), also known as Gandharvika Dasi, was an Australian blues, soul and jazz singer, and was in the bands Chain, Copperwine and the Wendy Saddington Band. She wrote for teen pop newspaper Go-Set from September 1969 to September 1970 as an agony aunt in her weekly ""Takes Care of Business"" column, and as a feature writer. Saddington had Top 30 chart success with her 1972 solo single ""Looking Through a Window"", which was written and produced by Billy Thorpe and Warren Morgan of the Aztecs. After adopting Krishna Consciousness in the 1970s she took the name Gandharvika Dasi. In March 2013 she was diagnosed with oesophageal cancer, and died on 21 June, aged 63.",TRUE,,
FP_new,William_de_Braose%2C_4th_Lord_of_Bramber,label,William de Braose,,"William de Braose, (or William de Briouze), 4th Lord of Bramber (1144/1153 – 9 August 1211), court favourite of King John of England, at the peak of his power, was also Lord of Gower, Abergavenny, Brecknock, Builth, Radnor, Kington, Limerick, Glamorgan, Skenfrith, Briouze in Normandy, Grosmont and White Castle.",TRUE,,
FN,William_de_Braose%2C_4th_Lord_of_Bramber,deathDate,,1211-08-09,"William de Braose, (or William de Briouze), 4th Lord of Bramber (1144/1153 – 9 August 1211), court favourite of King John of England, at the peak of his power, was also Lord of Gower, Abergavenny, Brecknock, Builth, Radnor, Kington, Limerick, Glamorgan, Skenfrith, Briouze in Normandy, Grosmont and White Castle.",TRUE,,
FP_new,William_de_Braose%2C_4th_Lord_of_Bramber,birthYear,1144,,"William de Braose, (or William de Briouze), 4th Lord of Bramber (1144/1153 – 9 August 1211), court favourite of King John of England, at the peak of his power, was also Lord of Gower, Abergavenny, Brecknock, Builth, Radnor, Kington, Limerick, Glamorgan, Skenfrith, Briouze in Normandy, Grosmont and White Castle.",TRUE,,
FN,William_de_Braose%2C_4th_Lord_of_Bramber,deathYear,,1211,"William de Braose, (or William de Briouze), 4th Lord of Bramber (1144/1153 – 9 August 1211), court favourite of King John of England, at the peak of his power, was also Lord of Gower, Abergavenny, Brecknock, Builth, Radnor, Kington, Limerick, Glamorgan, Skenfrith, Briouze in Normandy, Grosmont and White Castle.",TRUE,,
FN,William_Edward_Hanford,label,,William Edward Hanford,"William Edward ""Butch"" Hanford (December 9, 1908 – January 27, 1996) was an American chemist who is best known for developing the modern process to make multipurpose material polyurethane. Hanford's most notable discovery occurred while working with fellow chemist Donald Fletcher Holmes at DuPont. On June 2, 1942, Hanford was awarded a patent for his process. Currently, this method is responsible for manufacturing many of the plastics that are used in medicine, the automotive industry, and consumer products. Hanford's later accomplishments included the development of the first liquid household detergent and a new kind of ammunition for Winchester-Western Company. For his work, Hanford was inducted into the National Inventors Hall of Fame in 1991. The New York Times has noted that Hanford's",TRUE,,
FP_new,William_Edward_Hanford,birthName,William Edward,,"William Edward ""Butch"" Hanford (December 9, 1908 – January 27, 1996) was an American chemist who is best known for developing the modern process to make multipurpose material polyurethane. Hanford's most notable discovery occurred while working with fellow chemist Donald Fletcher Holmes at DuPont. On June 2, 1942, Hanford was awarded a patent for his process. Currently, this method is responsible for manufacturing many of the plastics that are used in medicine, the automotive industry, and consumer products. Hanford's later accomplishments included the development of the first liquid household detergent and a new kind of ammunition for Winchester-Western Company. For his work, Hanford was inducted into the National Inventors Hall of Fame in 1991. The New York Times has noted that Hanford's",TRUE,,
FP_new,William_Edward_Hanford,birthName,William Edward Hanford,,"William Edward ""Butch"" Hanford (December 9, 1908 – January 27, 1996) was an American chemist who is best known for developing the modern process to make multipurpose material polyurethane. Hanford's most notable discovery occurred while working with fellow chemist Donald Fletcher Holmes at DuPont. On June 2, 1942, Hanford was awarded a patent for his process. Currently, this method is responsible for manufacturing many of the plastics that are used in medicine, the automotive industry, and consumer products. Hanford's later accomplishments included the development of the first liquid household detergent and a new kind of ammunition for Winchester-Western Company. For his work, Hanford was inducted into the National Inventors Hall of Fame in 1991. The New York Times has noted that Hanford's",FALSE,TRUE,
FP_different,William_Edward_Hanford,label,William Edward,William Edward Hanford,"William Edward ""Butch"" Hanford (December 9, 1908 – January 27, 1996) was an American chemist who is best known for developing the modern process to make multipurpose material polyurethane. Hanford's most notable discovery occurred while working with fellow chemist Donald Fletcher Holmes at DuPont. On June 2, 1942, Hanford was awarded a patent for his process. Currently, this method is responsible for manufacturing many of the plastics that are used in medicine, the automotive industry, and consumer products. Hanford's later accomplishments included the development of the first liquid household detergent and a new kind of ammunition for Winchester-Western Company. For his work, Hanford was inducted into the National Inventors Hall of Fame in 1991. The New York Times has noted that Hanford's",TRUE,,
FP_different,William_Frederick%2C_Margrave_of_Brandenburg-Ansbach,label,William Frederick,"William Frederick, Margrave of Brandenburg-Ansbach","William Frederick, Margrave of Brandenburg-Ansbach (8 January 1686 – 7 January 1723), was Margrave of the Principality of Brandenburg-Ansbach from 1703 until his death in 1723. He was the younger brother of Caroline of Ansbach and thus brother-in-law of George II of Great Britain. William Frederick was born in Ansbach in 1686 to John Frederick, Margrave of Brandenburg-Ansbach, and his second wife, Eleonore Erdmuthe of Saxe-Eisenach. His two surviving half-brothers, Margraves Christian Albert and George Frederick II, both died unmarried and without legitimate issue. 
* v 
* t 
* e",TRUE,,
FN,William_Gilbert_Rees,birthName,,William Gilbert Rees,"William Gilbert Rees (6 April 1827 — 31 October 1898) was an explorer, surveyor, and early settler in Central Otago, New Zealand. He and fellow explorer Nicholas von Tunzelmann were the first Europeans to settle the Wakatipu basin. Rees is regarded as the founder of Queenstown.",TRUE,,
FN,Xavier_Valls,label,,Xavier Valls,Francesc Xavier Valls Subirà (18 September 1923 in Barcelona – 16 September 2006 in Barcelona) was a Spanish painter who lived in Paris most of his life. He specialised in still lifes. His work can be found in museums in Spain. He was the father of former French Prime Minister Manuel Valls.,TRUE,,
FP_different,Yi%C4%9Fit_Emre_%C3%87eltik,label,Yiğit Emre,Yiğit Emre Çeltik,Yiğit Emre Çeltik (born 7 April 2003) is a Turkish professional footballer who plays as a midfielder for Podbeskidzie Bielsko-Biała.,TRUE,,
FN,Yi%C4%9Fit_Emre_%C3%87eltik,label,,Yiğit Emre Çeltik,Yiğit Emre Çeltik (born 7 April 2003) is a Turkish professional footballer who plays as a midfielder for Podbeskidzie Bielsko-Biała.,TRUE,,
FP_new,Yves_Grosrichard,birthName,Yves Grosrichard,,Yves Grosrichard (1907-1992) was a 20th-century French journalist who led an important role in the editing press in France after the Second World War.,TRUE,,
FP_new,Yvette_Vickers,deathDate,2010-10-26,,"Yvette Vickers (born Yvette Iola Vedder; August 26, 1928 – c. 2010) was an American actress, pin-up model and singer.",FALSE,FALSE,AC
