type,ent_uri,pred,val_pred,val_gold,abs,found,verif,reason
FP_new,Abdul_Momen_Talukder,label,Abdul Momin Talukder,,"Abdul Momin Talukder (born 29 June 1952) is a Bangladesh Nationalist Party (BNP) politician and a former Jatiya Sangsad member representing the Bogra-3 constituency during 2001–2014. In November 2021, Talukder was sentenced to death by the International Crimes Tribunal for his conviction in war crime charges during the Bangladesh Liberation War in 1971.",TRUE,TRUE,
FN,Abdul_Momen_Talukder,birthName,,Abdul Momin Talukder,"Abdul Momin Talukder (born 29 June 1952) is a Bangladesh Nationalist Party (BNP) politician and a former Jatiya Sangsad member representing the Bogra-3 constituency during 2001–2014. In November 2021, Talukder was sentenced to death by the International Crimes Tribunal for his conviction in war crime charges during the Bangladesh Liberation War in 1971.",TRUE,TRUE,
FN,Abel_Buell,birthYear,,1742,"Abel Buell (1742–1822), born in Killingworth, Connecticut, was a goldsmith, silversmith, jewelry designer, engraver, surveyor, printer, type manufacturer, mint master, textile miller, and counterfeiter in the American colonies. In 1784, Buell published A New and Correct Map of the United States of North America Layd down from the latest Observations and best Authorities agreeable to the Peace of 1783; it was the first map of the new United States created by an American. He was also an inventor. He invented a lapidary machine to cut and polish gems, a minting machine that could product 120 coins per minute, and machines for planting onions and corn. He was the first man to design and cast type in the United States.",TRUE,TRUE,
FN,Abel_Buell,deathYear,,1822,"Abel Buell (1742–1822), born in Killingworth, Connecticut, was a goldsmith, silversmith, jewelry designer, engraver, surveyor, printer, type manufacturer, mint master, textile miller, and counterfeiter in the American colonies. In 1784, Buell published A New and Correct Map of the United States of North America Layd down from the latest Observations and best Authorities agreeable to the Peace of 1783; it was the first map of the new United States created by an American. He was also an inventor. He invented a lapidary machine to cut and polish gems, a minting machine that could product 120 coins per minute, and machines for planting onions and corn. He was the first man to design and cast type in the United States.",TRUE,TRUE,
FN,Ahmet_Cevdet_Oran,deathDate,,1935-05-27,"Ahmet Cevdet Oran (mostly known as Ahmet Cevdet; 1862–27 May 1935) was a Turkish journalist who founded an influential newspaper, İkdam which was in circulation between 1894 and 1928. He was one of the early Turkish journalists who employed pure Turkish instead of Ottoman Turkish in his writings.",TRUE,TRUE,
FP_different,Akhmet_Baitursynov,label,Akhmet Baitursynuly,Akhmet Baitursynov,"Ahmet Baitursynuly (Kazakh: Ахметт Байтұрсынұлы, أحمد بيتورسينولي, romanized: Ahmed Baitūrsynūly; Russified: Ахмет Байтурсынов) (c. 5 September 1873 — 8 December 1937) was a Kazakh intellectual who worked in the fields of politics, poetry, linguistics and education.",TRUE,FALSE,WV
FN,Akhmet_Baitursynov,birthName,,Ahmet Baitursynuly,"Ahmet Baitursynuly (Kazakh: Ахметт Байтұрсынұлы, أحمد بيتورسينولي, romanized: Ahmed Baitūrsynūly; Russified: Ахмет Байтурсынов) (c. 5 September 1873 — 8 December 1937) was a Kazakh intellectual who worked in the fields of politics, poetry, linguistics and education.",TRUE,TRUE,
FN,AKM_Jahangir_Hossain,birthYear,,1954,AKM Jahangir Hossain (1954 – 24 December 2020) was a Bangladesh Awami League politician and a 4-term Jatiya Sangsad member representing the Patuakhali-3 constituency.,TRUE,TRUE,
FN,AKM_Jahangir_Hossain,deathDate,,2020-12-24,AKM Jahangir Hossain (1954 – 24 December 2020) was a Bangladesh Awami League politician and a 4-term Jatiya Sangsad member representing the Patuakhali-3 constituency.,TRUE,TRUE,
FN,AKM_Jahangir_Hossain,deathYear,,2020,AKM Jahangir Hossain (1954 – 24 December 2020) was a Bangladesh Awami League politician and a 4-term Jatiya Sangsad member representing the Patuakhali-3 constituency.,TRUE,TRUE,
FN,Al-Muhtadi,deathYear,,8701,"Abū Isḥāq Muḥammad ibn al-Wāthiq (Arabic: أبو إسحاق محمد بن هارون الواثق) (833 – 21 June 870), better known by his regnal name Al-Muhtadī bi-'llāh (Arabic: المهتدي بالله, ""Guided by God""), was the Caliph of the Abbasid Caliphate from July 869 to June 870, during the ""Anarchy at Samarra"".",FALSE,FALSE,WV
FP_new,Al-Muhtadi,deathDate,0870-06-21,,"Abū Isḥāq Muḥammad ibn al-Wāthiq (Arabic: أبو إسحاق محمد بن هارون الواثق) (833 – 21 June 870), better known by his regnal name Al-Muhtadī bi-'llāh (Arabic: المهتدي بالله, ""Guided by God""), was the Caliph of the Abbasid Caliphate from July 869 to June 870, during the ""Anarchy at Samarra"".",FALSE,FALSE,MCE
FP_new,Al-Muhtadi,birthYear,833,,"Abū Isḥāq Muḥammad ibn al-Wāthiq (Arabic: أبو إسحاق محمد بن هارون الواثق) (833 – 21 June 870), better known by his regnal name Al-Muhtadī bi-'llāh (Arabic: المهتدي بالله, ""Guided by God""), was the Caliph of the Abbasid Caliphate from July 869 to June 870, during the ""Anarchy at Samarra"".",TRUE,TRUE,
FP_different,Al-Muhtadi,deathYear,870,8701,"Abū Isḥāq Muḥammad ibn al-Wāthiq (Arabic: أبو إسحاق محمد بن هارون الواثق) (833 – 21 June 870), better known by his regnal name Al-Muhtadī bi-'llāh (Arabic: المهتدي بالله, ""Guided by God""), was the Caliph of the Abbasid Caliphate from July 869 to June 870, during the ""Anarchy at Samarra"".",FALSE,TRUE,
FP_new,Al-Muhtadi,deathDate,0870-06-21,,"Abū Isḥāq Muḥammad ibn al-Wāthiq (Arabic: أبو إسحاق محمد بن هارون الواثق) (833 – 21 June 870), better known by his regnal name Al-Muhtadī bi-'llāh (Arabic: المهتدي بالله, ""Guided by God""), was the Caliph of the Abbasid Caliphate from July 869 to June 870, during the ""Anarchy at Samarra"".",TRUE,TRUE,
FP_different,Al-Muhtadi,deathYear,870,8701,"Abū Isḥāq Muḥammad ibn al-Wāthiq (Arabic: أبو إسحاق محمد بن هارون الواثق) (833 – 21 June 870), better known by his regnal name Al-Muhtadī bi-'llāh (Arabic: المهتدي بالله, ""Guided by God""), was the Caliph of the Abbasid Caliphate from July 869 to June 870, during the ""Anarchy at Samarra"".",TRUE,TRUE,
FP_different,Al-Muhtadi,label,Al-Muhtadī bi-'llāh,Al-Muhtadi,"Abū Isḥāq Muḥammad ibn al-Wāthiq (Arabic: أبو إسحاق محمد بن هارون الواثق) (833 – 21 June 870), better known by his regnal name Al-Muhtadī bi-'llāh (Arabic: المهتدي بالله, ""Guided by God""), was the Caliph of the Abbasid Caliphate from July 869 to June 870, during the ""Anarchy at Samarra"".",TRUE,FALSE,LCE
FN,Alain_Borer,birthYear,,1949,"Alain Borer (born 1949 in Luxeuil), is a French poet, art critic, essayist, novelist, playwright, writer-traveler, signatory of the Littérature-monde (world literature) manifesto, and eminent authority on the works of Arthur Rimbaud. He has been Professor of Art at L'École supérieure des beaux-arts de Tours since 1979 and Visiting Professor of French Literature at the University of Southern California since 2005. He received the Kessel Prize for his novel Koba (Seuil, 2002), as well as the 70th Prix Apollinaire for his play Icare & I don't (Seuil). In 2010, Borer was awarded the 10th Pierre Mac Orlan Prize for Le Ciel & la carte, carnet de voyage dans les mers du Sud à bord de La Boudeuse (Seuil), and the Maurice Genevoix Prize from the Académie Française in 2011. Alain Borer was made a Kn",TRUE,TRUE,
FN,Alejandro_Colunga,birthName,,Alejandro Colunga Marín,"Alejandro Colunga Marín is a Mexican artist, painter and sculptor.",TRUE,TRUE,
FP_different,Alejandro_Colunga,birthName,Alejandro Colunga,Alejandro Colunga Marín,"Alejandro Colunga Marín is a Mexican artist, painter and sculptor.",TRUE,FALSE,ICE
FN,Alexander_Macdonald%2C_17th_of_Keppoch,deathYear,,1746,"Alexander Macdonald, 17th of Keppoch (died 1746) was a Scottish clan chief, military officer, and prominent Jacobite who took part in both the 1715 and 1745 Jacobite risings. He was killed at the Battle of Culloden leading a regiment composed largely of members of his clan, the Macdonalds of Keppoch. Some genealogies give him the title 16th of Keppoch, following a previous dispute of succession.",TRUE,TRUE,
FP_new,Alioune_Ba_%28footballer%29,label,Alioune Ba,,Alioune Ba (born 7 May 1989) is a French professional footballer who plays as a defender.,TRUE,FALSE,ICE
FN,Almanzo_Wilder,birthName,,Almanzo James Wilder,"Almanzo James Wilder (/ælˈmænzoʊ ˈwaɪldər/; February 13, 1857 – October 23, 1949) was the husband of Laura Ingalls Wilder and the father of Rose Wilder Lane, both noted authors.",TRUE,TRUE,
FP_new,Amber_Hunt_%28journalist%29,birthName,Amber Hunt,,"Amber Hunt (born August 26, 1978) is an American journalist, podcaster, and author known for reporting on true crime. She is the host and co-creator of three true crime podcasts, Accused, Aftermath, and Crimes of the Centuries and has published four true crime books. As of February 2020, she works as an investigative reporter at The Cincinnati Enquirer.",TRUE,TRUE,
FN,Amy_Brandon_Thomas,label,,Amy Brandon Thomas,Amy Marguerite Brandon Thomas (9 March 1890 – 6 May 1974) was an English film and stage actress. She was the daughter of the playwright Brandon Thomas. She is also known as Amy Brandon-Thomas.,TRUE,TRUE,
FN,Amy_Brandon_Thomas,birthName,,Amy Marguerite Brandon Thomas,Amy Marguerite Brandon Thomas (9 March 1890 – 6 May 1974) was an English film and stage actress. She was the daughter of the playwright Brandon Thomas. She is also known as Amy Brandon-Thomas.,TRUE,TRUE,
FN,Andrew_Constantinides_Zenos,birthName,,Andrew Constantinides Zenos,"Andrew Constantinides Zenos (Greek: Ανδρέας Κωνσταντινίδης Ξένος; August 13, 1855 – January 25, 1942) was a Presbyterian minister, author, translator, professor, and lecturer. He spoke eleven languages including Greek, Latin, and Hebrew. He wrote a large number of books about theology. He spent most of his career at McCormick Theological Seminary in Chicago. He was dean of the institution from 1920 to 1934. He is one of three notable Greek-American ministers in the United States during the 19th century. The other two were abolitionists John Celivergos Zachos and Photius Fisk. He frequently lectured across the United States.",TRUE,TRUE,
FN,Andrew_Lang_Petrie,birthName,,Andrew Lang Petrie,"Andrew Lang Petrie (25 June 1854 – 1 April 1928) was a builder, stonemason and politician in Queensland, Australia. He was a Member of the Queensland Legislative Assembly.",TRUE,TRUE,
FN,Andy_Jenkins,label,,Andy Jenkins,"Andrew Jenkins (born 11 March 1971) is an English professional darts player who competes in Professional Darts Corporation (PDC) events. He was nicknamed ""Rocky"" due to his rough personality. Jenkins has reached high rankings in the PDC, but has never won a major tournament. In 2009, Jenkins was given a PDC ban for almost two years for an assault on Terry Jenkins during a non-televised PDC tournament.",TRUE,TRUE,
FN,Andy_McDonald_%28politician%29,birthName,,Andrew Joseph McDonald,"Andrew Joseph McDonald (born 8 March 1958) is a British Labour politician and solicitor. He served as Shadow Secretary of State for Transport in Jeremy Corbyn's shadow cabinet from 2016 to 2020, and as Shadow Secretary of State for Employment Rights and Protections under Keir Starmer before resigning in September 2021. He has been the Member of Parliament (MP) for Middlesbrough in the House of Commons since 2012.",TRUE,TRUE,
FN,Anne_Berest,birthName,,Anne Berest,"Anne Berest (born September 15, 1979) is a French writer and actress.",TRUE,TRUE,
FN,Anne_Louise_Hassing,birthName,,Anne Louise Hassing,Anne Louise Hassing (born 17 September 1967) is a Danish actress. She is best known for her roles in the films Pain of Love (1992) and The Idiots (1998).,TRUE,TRUE,
FP_different,Antonio_d%27Aquino,deathYear,1578,1627,Antonio d'Aquino (died 10 January 1578) was a Roman Catholic prelate who served as Archbishop of Taranto (1618-1627) and Bishop of Sarno (1595-1618).,TRUE,TRUE,
FP_new,Antonio_d%27Aquino,deathDate,1578-01-10,,Antonio d'Aquino (died 10 January 1578) was a Roman Catholic prelate who served as Archbishop of Taranto (1618-1627) and Bishop of Sarno (1595-1618).,TRUE,TRUE,
FN,Armanda_Berta_dos_Santos,birthName,,Armanda Berta dos Santos,"Armanda Berta dos Santos (born 11 October 1974) is an East Timorese politician, and the leader of the Kmanek Haburas Unidade Nasional Timor Oan (KHUNTO) political party. She is the more senior of East Timor's two incumbent Deputy Prime Ministers, serving since May 2020 under the VIII Constitutional Government of East Timor led by Taur Matan Ruak. She is also the incumbent Minister of Social Solidarity and Inclusion, serving in that position since the government was formed in June 2018.",TRUE,TRUE,
FP_new,Arthur_Paget_%28British_Army_officer%29,birthName,Arthur Henry Fitzroy Paget,,"General Sir Arthur Henry Fitzroy Paget, GCB, GCVO, PC (Ire) (1 March 1851 – 8 December 1928) was a soldier who reached the rank of General and served as Commander-in-Chief, Ireland, where he was partly responsible for the Curragh Incident.",TRUE,TRUE,
FP_new,Ashley_Lloyd,birthName,Ashley Luke Lloyd,,"Ashley Lloyd (billed as Ashley Luke Lloyd) (born 6 July 1991) is a British actor and dancer, who has performed in hit musical theatre shows such as Billy Elliot the Musical and Whistle Down the Wind. In 2012 Lloyd appeared in the new musical Loserville at the Garrick Theatre in London. Lloyd appeared in the Original London Cast of Dreamgirls at The Savoy Theatre and is now appearing in Saturday Night Fever at The Peacock Theatre in London. Fans of Hollyoaks might recognise Lloyd from the hit TV show playing Troy.",TRUE,FALSE,WV
FP_different,Ashley_Lloyd,label,Ashley Luke Lloyd,Ashley Lloyd,"Ashley Lloyd (billed as Ashley Luke Lloyd) (born 6 July 1991) is a British actor and dancer, who has performed in hit musical theatre shows such as Billy Elliot the Musical and Whistle Down the Wind. In 2012 Lloyd appeared in the new musical Loserville at the Garrick Theatre in London. Lloyd appeared in the Original London Cast of Dreamgirls at The Savoy Theatre and is now appearing in Saturday Night Fever at The Peacock Theatre in London. Fans of Hollyoaks might recognise Lloyd from the hit TV show playing Troy.",TRUE,FALSE,LCE
FN,Audu_Bako,birthYear,,1924,Audu Bako (1924–1980) was a Nigerian police officer and the first Governor of Kano State during the military regime of General Yakubu Gowon after the state was formed from part of Northern Region.,TRUE,TRUE,
FN,Audu_Bako,deathYear,,1980,Audu Bako (1924–1980) was a Nigerian police officer and the first Governor of Kano State during the military regime of General Yakubu Gowon after the state was formed from part of Northern Region.,TRUE,TRUE,
FN,Azumi_Asakura,birthName,,Azumi Yamamoto,"Azumi Yamamoto (山本 杏美, Yamamoto Azumi, born February 15, 1987), also known as Azumi Asakura (浅倉 杏美, Asakura Azumi), is a Japanese voice actress affiliated with Arts Vision.",TRUE,TRUE,
FP_different,Azumi_Asakura,birthName,Azumi Yamamoto Azumi,Azumi Yamamoto,"Azumi Yamamoto (山本 杏美, Yamamoto Azumi, born February 15, 1987), also known as Azumi Asakura (浅倉 杏美, Asakura Azumi), is a Japanese voice actress affiliated with Arts Vision.",FALSE,FALSE,SG
FN,Balzhan_Bultrikova,birthName,,Balzhan Böltırıkova,"Balzhan Bultrikova (Kazakh: Балжан Бөлтірікова; Baljan Böltırıkova, 15 November 1921 – 14 May 1998) was a Soviet and Kazakh teacher and politician who helped establish the diplomatic corps in the Kazakh Soviet Socialist Republic. She was the first woman to serve as Minister of Foreign Affairs and first Kazakh diplomat to participate in the General Assembly of the United Nations. She was honored with numerous medals and awards, including the Order of the Badge of Honour and the Order of the Red Banner of Labour.",TRUE,TRUE,
FN,Barbara_Kasten,birthYear,,1936,Barbara Kasten (born 1936) is an American artist from Chicago Illinois. Her work involves the use of abstract video and photograph projections.,TRUE,TRUE,
FN,Basiliscus,deathYear,,4701,"Basiliscus (Greek: Βασιλίσκος, Basilískos; died 476/477) was Eastern Roman emperor from 9 January 475 to August 476. He became magister militum per Thracias in 464, under his brother-in-law, Emperor Leo (r. 457–474). Basiliscus commanded the army for an invasion of the Vandal Kingdom in 468, which was defeated at the Battle of Cape Bon. There were accusations at the time that Basiliscus was bribed by Aspar, the magister militum; many historians dismiss this, instead concluding that Basiliscus was either incompetent or foolish for accepting Vandal King Gaiseric's offer of a truce, which the latter used to construct fireships. Basiliscus's defeat cost the Eastern Empire 130,000 pounds (59,000 kg) of gold, causing the empire to hover above bankruptcy for 30 years. When Basiliscus returned to",FALSE,FALSE,WV
FP_new,Basiliscus,birthYear,476,,"Basiliscus (Greek: Βασιλίσκος, Basilískos; died 476/477) was Eastern Roman emperor from 9 January 475 to August 476. He became magister militum per Thracias in 464, under his brother-in-law, Emperor Leo (r. 457–474). Basiliscus commanded the army for an invasion of the Vandal Kingdom in 468, which was defeated at the Battle of Cape Bon. There were accusations at the time that Basiliscus was bribed by Aspar, the magister militum; many historians dismiss this, instead concluding that Basiliscus was either incompetent or foolish for accepting Vandal King Gaiseric's offer of a truce, which the latter used to construct fireships. Basiliscus's defeat cost the Eastern Empire 130,000 pounds (59,000 kg) of gold, causing the empire to hover above bankruptcy for 30 years. When Basiliscus returned to",TRUE,TRUE,
FP_different,Basiliscus,deathYear,476,4701,"Basiliscus (Greek: Βασιλίσκος, Basilískos; died 476/477) was Eastern Roman emperor from 9 January 475 to August 476. He became magister militum per Thracias in 464, under his brother-in-law, Emperor Leo (r. 457–474). Basiliscus commanded the army for an invasion of the Vandal Kingdom in 468, which was defeated at the Battle of Cape Bon. There were accusations at the time that Basiliscus was bribed by Aspar, the magister militum; many historians dismiss this, instead concluding that Basiliscus was either incompetent or foolish for accepting Vandal King Gaiseric's offer of a truce, which the latter used to construct fireships. Basiliscus's defeat cost the Eastern Empire 130,000 pounds (59,000 kg) of gold, causing the empire to hover above bankruptcy for 30 years. When Basiliscus returned to",TRUE,TRUE,
FP_different,Basiliscus,deathYear,477,4701,"Basiliscus (Greek: Βασιλίσκος, Basilískos; died 476/477) was Eastern Roman emperor from 9 January 475 to August 476. He became magister militum per Thracias in 464, under his brother-in-law, Emperor Leo (r. 457–474). Basiliscus commanded the army for an invasion of the Vandal Kingdom in 468, which was defeated at the Battle of Cape Bon. There were accusations at the time that Basiliscus was bribed by Aspar, the magister militum; many historians dismiss this, instead concluding that Basiliscus was either incompetent or foolish for accepting Vandal King Gaiseric's offer of a truce, which the latter used to construct fireships. Basiliscus's defeat cost the Eastern Empire 130,000 pounds (59,000 kg) of gold, causing the empire to hover above bankruptcy for 30 years. When Basiliscus returned to",TRUE,TRUE,
FP_new,Basiliscus,birthDate,0476-01-09,,"Basiliscus (Greek: Βασιλίσκος, Basilískos; died 476/477) was Eastern Roman emperor from 9 January 475 to August 476. He became magister militum per Thracias in 464, under his brother-in-law, Emperor Leo (r. 457–474). Basiliscus commanded the army for an invasion of the Vandal Kingdom in 468, which was defeated at the Battle of Cape Bon. There were accusations at the time that Basiliscus was bribed by Aspar, the magister militum; many historians dismiss this, instead concluding that Basiliscus was either incompetent or foolish for accepting Vandal King Gaiseric's offer of a truce, which the latter used to construct fireships. Basiliscus's defeat cost the Eastern Empire 130,000 pounds (59,000 kg) of gold, causing the empire to hover above bankruptcy for 30 years. When Basiliscus returned to",FALSE,FALSE,AC
FP_new,Ben_Hill_Griffin_Jr%2E,birthName,Ben Hill Griffin Jr.,,"Ben Hill Griffin Jr. (October 20, 1910 – March 1, 1990) was a prominent American businessman, citrus producer, politician, and philanthropist who was a native and resident of Florida. He was an alumnus of the University of Florida, a former legislator, one-time candidate for governor, and a patron of college sports and higher education in Florida. Several of his grandchildren remain active in Florida politics. Griffin is the subject of the final chapter of John McPhee's work of creative nonfiction Oranges.",TRUE,TRUE,
FP_new,Benedykt_Kraskowski,deathDate,1944-12-16,,"Benedykt Kraskowski (1904, Biała Podlaska, Poland – 1944), was a Polish ""Righteous Among the Nations"" of German descent, with Jews he employed in his carpentry workshop. Kraskowski, who lived in Biala Podlaska, hid Jews and procured forged identity documents for them. For those in hiding who wished to join the partisans, he provided money and food. Kraskowski was killed by Ukrainian nationalists in 1944. On December 16, 1986, for saving Jews, he was posthumously recognized as a Righteous among the Nations by Yad Vashem, the highest honor given to a non-Jew.",FALSE,TRUE,
FN,Benedykt_Kraskowski,birthYear,,1904,"Benedykt Kraskowski (1904, Biała Podlaska, Poland – 1944), was a Polish ""Righteous Among the Nations"" of German descent, with Jews he employed in his carpentry workshop. Kraskowski, who lived in Biala Podlaska, hid Jews and procured forged identity documents for them. For those in hiding who wished to join the partisans, he provided money and food. Kraskowski was killed by Ukrainian nationalists in 1944. On December 16, 1986, for saving Jews, he was posthumously recognized as a Righteous among the Nations by Yad Vashem, the highest honor given to a non-Jew.",TRUE,TRUE,
FN,Benedykt_Kraskowski,deathYear,,1944,"Benedykt Kraskowski (1904, Biała Podlaska, Poland – 1944), was a Polish ""Righteous Among the Nations"" of German descent, with Jews he employed in his carpentry workshop. Kraskowski, who lived in Biala Podlaska, hid Jews and procured forged identity documents for them. For those in hiding who wished to join the partisans, he provided money and food. Kraskowski was killed by Ukrainian nationalists in 1944. On December 16, 1986, for saving Jews, he was posthumously recognized as a Righteous among the Nations by Yad Vashem, the highest honor given to a non-Jew.",TRUE,TRUE,
FP_new,Benjamin_F%2E_Deming,birthName,Benjamin F.Deming,,"Benjamin F. Deming (August 12, 1790 – July 11, 1834) was an American merchant and politician. He served as a U.S. Representative from Vermont.",FALSE,TRUE,
FN,Bernadeta_Bocek-Piotrowska,birthName,,Bernadeta Maria Bocek-Piotrowska,"Bernadeta Maria Bocek-Piotrowska (born March 11, 1970 in Istebna) is a Polish former cross-country skier who competed in the early 1990s. In the Olympics she was competing in 5, 15 and 30 km races, the 5 + 10 km pursuit and the 4 × 5 km relays. She took part in the 1992 Winter Olympics in Albertville with her best result being a 10th rank in women's 4 × 5 km relay. She finished eighth in the 4 × 5 km relay at the 1994 Winter Olympics in Lillehammer. In 1993 she was seventh in the 30 km race during world championships in Falun. In the 1998 Winter Olympics in Nagano the 4 × 5 km relay team became 13th, which was her best result in this games.",TRUE,TRUE,
FP_new,Beth_Campbell_%28jurist%29,label,Beth Campbell,,Lisbeth Campbell is a Magistrate of the Australian Capital Territory. She was sworn in as a Magistrate on 5 August 1998. She is the second woman to be appointed as a magistrate in the Australian Capital Territory.,TRUE,FALSE,ICE
FN,Beth_Campbell_%28jurist%29,birthName,,Lisbeth Campbell,Lisbeth Campbell is a Magistrate of the Australian Capital Territory. She was sworn in as a Magistrate on 5 August 1998. She is the second woman to be appointed as a magistrate in the Australian Capital Territory.,TRUE,TRUE,
FP_new,Beth_Campbell_%28jurist%29,birthDate,1998-08-05,,Lisbeth Campbell is a Magistrate of the Australian Capital Territory. She was sworn in as a Magistrate on 5 August 1998. She is the second woman to be appointed as a magistrate in the Australian Capital Territory.,TRUE,FALSE,WV
FP_new,Beth_Campbell_%28jurist%29,birthYear,1998,,Lisbeth Campbell is a Magistrate of the Australian Capital Territory. She was sworn in as a Magistrate on 5 August 1998. She is the second woman to be appointed as a magistrate in the Australian Capital Territory.,TRUE,FALSE,WV
FP_different,Beth_Campbell_%28jurist%29,birthName,Beth Campbell,Lisbeth Campbell,Lisbeth Campbell is a Magistrate of the Australian Capital Territory. She was sworn in as a Magistrate on 5 August 1998. She is the second woman to be appointed as a magistrate in the Australian Capital Territory.,TRUE,FALSE,ICE
FN,Beverly_L%2E_Clarke,birthName,,Beverly Leonidas Clarke,"Beverly Leonidas Clarke (February 11, 1809 – March 17, 1860) was a U.S. Representative from Kentucky. He was known for his ""sterling integrity, gentlemanly manners, and polished oratory.""",TRUE,TRUE,
FN,Bill_Schmidt,birthDate,,1947-12-29,"Bill Schmidt (born December 29, 1947) is a retired male American javelin thrower from the Pittsburgh suburb of Southview, Pennsylvania. He is the son of Helen and Louis Schmidt, and won the bronze medal at the 1972 Summer Olympics. His dad was born in Germany and came to the United States at the age of 7. His dad was a coal miner for 29 years and marched with John L Lewis, the UMW organizer and President. Bill is the youngest of seven children, six boys and one girl. He has an identical twin named Bob Schmidt. In 2013 Schmidt was inducted into the Greater Knoxville Sports Hall of Fame.",TRUE,TRUE,
FN,Bill_Schmidt,birthYear,,1947,"Bill Schmidt (born December 29, 1947) is a retired male American javelin thrower from the Pittsburgh suburb of Southview, Pennsylvania. He is the son of Helen and Louis Schmidt, and won the bronze medal at the 1972 Summer Olympics. His dad was born in Germany and came to the United States at the age of 7. His dad was a coal miner for 29 years and marched with John L Lewis, the UMW organizer and President. Bill is the youngest of seven children, six boys and one girl. He has an identical twin named Bob Schmidt. In 2013 Schmidt was inducted into the Greater Knoxville Sports Hall of Fame.",TRUE,TRUE,
FN,Bj%C3%B8rn_Alterhaug,birthDate,,1945-06-03,"Bjørn Alterhaug (born 3 June 1945) is a Norwegian jazz bassist, arranger, composer and professor of music.",TRUE,TRUE,
FN,Bj%C3%B8rn_Alterhaug,birthYear,,1945,"Bjørn Alterhaug (born 3 June 1945) is a Norwegian jazz bassist, arranger, composer and professor of music.",TRUE,TRUE,
FN,Bob_Franklin_%28comedian%29,birthName,,Robert Andrew Franklin,"Robert Andrew Franklin (born 1965), is a Hillingdon, London-born, Welsh raised, comedian who has lived in Australia since 1989.",TRUE,TRUE,
FP_new,Bob_Franklin_%28comedian%29,birthYear,1965,,"Robert Andrew Franklin (born 1965), is a Hillingdon, London-born, Welsh raised, comedian who has lived in Australia since 1989.",TRUE,TRUE,
FN,Bob_Goen,label,,Bob Goen,"Robert Kuehl Goen (born December 1, 1954) is an American game show emcee and television personality, best known for his work on Entertainment Tonight between 1993 and 2004 and as the fourth and final host of the daytime Wheel of Fortune from 1989 to 1991.",TRUE,TRUE,
FP_different,Bob_Goen,label,Bob Kuehl Goen,Bob Goen,"Robert Kuehl Goen (born December 1, 1954) is an American game show emcee and television personality, best known for his work on Entertainment Tonight between 1993 and 2004 and as the fourth and final host of the daytime Wheel of Fortune from 1989 to 1991.",TRUE,FALSE,LCE
FP_new,Bob_Peak,birthName,Robert M.Peak,,"Robert M. Peak (May 30, 1927 – August 1, 1992) was an American commercial illustrator. He is best known for his developments in the design of the modern film poster. His artwork has been on the cover of Time magazine, TV Guide, and Sports Illustrated. He also illustrated advertisements and U.S. postage stamps.",FALSE,TRUE,
FP_different,Bojan_Krki%C4%87,label,Bojan Krkić Pérez,Bojan Krkić,"Bojan Krkić Pérez (Spanish pronunciation: [ˈboʝaŋ ˈkiɾkitʃ ˈpeɾeθ]; Serbian Cyrillic: Бојан Кркић Перез, pronounced [bǒjan kr̩̂kitɕ pěrez]; born 28 August 1990), also known as simply Bojan, is a Spanish footballer who plays as a forward for J1 League club Vissel Kobe. Roma did not exercise their option of an additional €28 million to sign Bojan definitively, and so Barcelona re-signed him for €13 million. He spent the 2013–14 season on loan at Dutch club Ajax with whom he helped win the Eredivisie title. In July 2014, Bojan joined English club Stoke City for €1.8 million.",TRUE,FALSE,LCE
FN,Bona_%28singer%29,birthName,,Kim Ji-yeon,"Kim Ji-yeon (Korean: 김지연; born August 19, 1995), better known by her stage name Bona, is a South Korean singer and actress. She is a member of the South Korean-Chinese girl group WJSN, and also its sub-unit WJSN The Black. She made her acting debut in the KBS2 drama Hit the Top (2017), and was cast as the female lead in the teen drama Girls' Generation 1979 (2018). Most recently, Bona gained recognition for her portrayal as world champion and gold medalist fencer Ko Yu-rim in the tvN drama Twenty-Five Twenty-One (2022).",TRUE,TRUE,
FN,Bonnie_Bassler,birthName,,Bonnie Lynn Bassler,"Bonnie Lynn Bassler (born 1962) is an American molecular biologist; the Squibb Professor in Molecular Biology and chair of the Department of Molecular Biology at Princeton University; and a Howard Hughes Medical Institute Investigator. She has researched cell-to-cell chemical communication in bacteria and discovered key insights into the mechanism by which bacteria communicate, known as quorum sensing. She has contributed to the idea that disruption of chemical signaling can be used as an antimicrobial therapy.",TRUE,TRUE,
FN,Bonnie_Bassler,birthYear,,1962,"Bonnie Lynn Bassler (born 1962) is an American molecular biologist; the Squibb Professor in Molecular Biology and chair of the Department of Molecular Biology at Princeton University; and a Howard Hughes Medical Institute Investigator. She has researched cell-to-cell chemical communication in bacteria and discovered key insights into the mechanism by which bacteria communicate, known as quorum sensing. She has contributed to the idea that disruption of chemical signaling can be used as an antimicrobial therapy.",TRUE,TRUE,
FN,Brian_Baumgartner,birthName,,Brian Baumgartner,"Brian Baumgartner (born November 29, 1972) is an American actor. He is best known for playing Kevin Malone, a character in the NBC sitcom The Office (2005–2013).",TRUE,TRUE,
FN,Brian_Patrick_Regan,birthName,,Brian Patrick Regan,"Brian Patrick Regan (born October 23, 1962, in New York City, New York) is a former master sergeant in the United States Air Force who was convicted of offering to sell secret information to foreign governments.",TRUE,TRUE,
FP_new,Carol_Hughes_%28politician%29,birthName,Carol R.Hughes,,"Carol R. Hughes MP (born November 26, 1958 in Val Caron, Ontario) is a Canadian politician, who has represented the electoral district of Algoma—Manitoulin—Kapuskasing in the House of Commons of Canada since 2008. She is a member of the New Democratic Party. Prior to being elected, she worked as a staff representative for the Canadian Labour Congress. She ran as the NDP's candidate in the 2004 election and the 2006 election, losing to Liberal incumbent Brent St. Denis both times. Hughes endorsed Niki Ashton in the 2012 NDP leadership election, and Charlie Angus in the 2017 leadership election.",FALSE,TRUE,
FP_new,Catharine_Carter_Critcher,label,Catharine Carter Critcher,,"Catharine (sometimes Catherine) Carter Critcher (September 13, 1868 – June 11, 1964) was an American painter. A native of Westmoreland County, Virginia, she worked in Paris and Washington, D.C. before becoming, in 1924, a member of the Taos Society of Artists, the only woman ever elected to that body. She was a long time member of the Arts Club of Washington.",TRUE,TRUE,
FN,Charles_J%2E_Pedersen,birthName,,Charles John Pedersen,"Charles John Pedersen (Japanese: 安井 良男, October 3, 1904 – October 26, 1989) was an American organic chemist best known for describing methods of synthesizing crown ethers during his entire 42-year career as a chemist for DuPont at DuPont Experimental Station in Wilmington, Delaware and at DuPont's Jackson Laboratory in Deepwater, New Jersey. Often associated with Reed McNeil Izatt, Pedersen also shared the Nobel Prize in Chemistry in 1987 with Donald J. Cram and Jean-Marie Lehn. He is the only Nobel Prize laureate born in Korea other than Peace Prize laureate Kim Dae-jung.",TRUE,TRUE,
FN,Charles_W%2E_Henderson,birthName,,Charles William Henderson,"Charles William Henderson (born August 26, 1948) is a retired Marine Corps Warrant Officer and an author based in Colorado. Henderson is best known for his 2 biographies, Marine Sniper: 93 Confirmed Kills and Silent Warrior about Marine Corps Sniper Carlos Hathcock.",TRUE,TRUE,
FP_new,Charlotte_D%27Alessio,label,Charlotte Briar Christina D'Alessio,,"Charlotte Briar Christina D’Alessio (born Briar Christina D’Alessio; May 5, 1998) is a Canadian model and social media influencer. She was discovered at Coachella.",FALSE,FALSE,LCE
FP_different,Charlotte_D%27Alessio,birthName,Charlotte Briar Christina D'Alessio,Briar Christina D'Alessio,"Charlotte Briar Christina D’Alessio (born Briar Christina D’Alessio; May 5, 1998) is a Canadian model and social media influencer. She was discovered at Coachella.",TRUE,FALSE,LCE
FP_new,Charlotte_D%27Alessio,label,Charlotte D'Alessio,,"Charlotte Briar Christina D’Alessio (born Briar Christina D’Alessio; May 5, 1998) is a Canadian model and social media influencer. She was discovered at Coachella.",FALSE,TRUE,
FN,Charlotte_D%27Alessio,birthName,,Briar Christina D'Alessio,"Charlotte Briar Christina D’Alessio (born Briar Christina D’Alessio; May 5, 1998) is a Canadian model and social media influencer. She was discovered at Coachella.",TRUE,TRUE,
FP_different,Charlotte_D%27Alessio,birthName,Charlotte Briar Christina D’Alessio,Briar Christina D'Alessio,"Charlotte Briar Christina D’Alessio (born Briar Christina D’Alessio; May 5, 1998) is a Canadian model and social media influencer. She was discovered at Coachella.",TRUE,FALSE,LCE
FN,Chris_Gheysens,birthName,,Chris Gheysens,"Chris Gheysens (born March 31, 1971) is an American businessman who serves as the President and Chief Executive Officer of Wawa Inc., a privately held chain of convenience store and gas stations with over 900 locations along the East Coast of the United States.",TRUE,TRUE,
FN,Clara_Maniu,birthName,,Clara Coroianu,"Clara Maniu (born Clara Coroianu; 10 January 1842 – 29 July 1929) was a Romanian feminist and suffragist. She was the president of the Romanian women's movement organisation Reuniunea Femeilor Române Sălăjene (R.F.R.S) from 1881 to 1897. She was born in 1842 in Nagyderzsida, Kingdom of Hungary (now Bobota, in Sălaj County, Romania). Her father, Demetriu Coroianu, was a Greek-Catholic priest, while her mother, Iuliana Pop, was the granddaughter of protopope Grigorie Pop from Craidorolț.",TRUE,TRUE,
FN,Columbus_O%27Donnell_Iselin,birthYear,,1904,"Columbus O'Donnell Iselin (1904–1971) was an American oceanographer. He was the director of the Woods Hole Oceanographic Institution from 1940 to 1950, and from 1956 to 1960. He was Professor of Physical Oceanography at Harvard University and the Massachusetts Institute of Technology (MIT).",TRUE,TRUE,
FN,Columbus_O%27Donnell_Iselin,deathYear,,1971,"Columbus O'Donnell Iselin (1904–1971) was an American oceanographer. He was the director of the Woods Hole Oceanographic Institution from 1940 to 1950, and from 1956 to 1960. He was Professor of Physical Oceanography at Harvard University and the Massachusetts Institute of Technology (MIT).",TRUE,TRUE,
FN,Concha_Michel,birthName,,Concha Michel,"Concha Michel (1899–1990) was a singer-songwriter, political activist, playwright, and a researcher who published several projects on the culture of indigenous communities. She was one of the few women who performed in the corrido style. She created the Institute of Folklore in Michoacan and was one of the first collectors of folklore and preservers of the traditions of the Mexican people. She was a cultural icon having relationships with two presidents, and a broad range of Mexico's most prominent artists including Diego Rivera, Frida Kahlo, Guadalupe Marín, Tina Modotti, Elena Poniatowska, Anita Brenner and others.",TRUE,TRUE,
FN,Cyril_Herbert_Williams,birthYear,,1908,Cyril Herbert Williams CMG OBE (1908-1983) was Provincial Commissioner of the Nyanza Province of Kenya (1951–56).,TRUE,TRUE,
FN,Cyril_Herbert_Williams,deathYear,,1983,Cyril Herbert Williams CMG OBE (1908-1983) was Provincial Commissioner of the Nyanza Province of Kenya (1951–56).,TRUE,TRUE,
FN,Cyril_Herbert_Williams,label,,Cyril Herbert Williams,Cyril Herbert Williams CMG OBE (1908-1983) was Provincial Commissioner of the Nyanza Province of Kenya (1951–56).,TRUE,TRUE,
FN,Damian_Sims,birthDate,,1986-03-26,"Damian Sims (born March 26, 1986) is a former professional Canadian football running back. He was signed by the BC Lions of the Canadian Football League as a street free agent in 2009. He played college football for the Iowa Hawkeyes. His uncle is fellow BC Lion, Korey Banks.",TRUE,TRUE,
FN,Damian_Sims,birthYear,,1986,"Damian Sims (born March 26, 1986) is a former professional Canadian football running back. He was signed by the BC Lions of the Canadian Football League as a street free agent in 2009. He played college football for the Iowa Hawkeyes. His uncle is fellow BC Lion, Korey Banks.",TRUE,TRUE,
FP_different,Daniel_Noriega,label,Daniel Noriega Acosta,Daniel Noriega,Daniel Noriega Acosta (born 30 March 1977 in Puerto Ordaz) is a retired Venezuelan football striker who made a total number of 38 appearances (five goals) for the Venezuela national team between 1996 and 2005.,TRUE,FALSE,LCE
FN,Daniel_Tupou,birthDate,,1991-06-17,"Daniel Tupou (born 17 June 1991) is a professional rugby league footballer who plays on the wing for the Sydney Roosters in the NRL. He has played for Tonga and Australia at international level. Tupou has played for the City Origin, New South Wales in the State of Origin series and Prime Minister's XIII sides. He won the 2013, 2018 and 2019 NRL Grand Final with the Roosters.",TRUE,TRUE,
FN,Daniel_Tupou,birthYear,,1991,"Daniel Tupou (born 17 June 1991) is a professional rugby league footballer who plays on the wing for the Sydney Roosters in the NRL. He has played for Tonga and Australia at international level. Tupou has played for the City Origin, New South Wales in the State of Origin series and Prime Minister's XIII sides. He won the 2013, 2018 and 2019 NRL Grand Final with the Roosters.",TRUE,TRUE,
FN,Daphne_Brooker,birthName,,Daphne Elizabeth Brooker,"Daphne Elizabeth Brooker (née Beacon, 8 June 1927 – 2 February 2012) was a British model, costume designer, and a professor and head of fashion at Kingston University for three decades, where she had ""a leading role in the teaching of fashion"".",TRUE,TRUE,
FN,Dave_Coskunian,label,,Dave Coskunian,"Davit ""Dave Coskunian"" Çoşkun was a Turkish-American soccer player of Armenian descent who earned three caps with the U.S. national team. He played one season in the National Professional Soccer League and one in the North American Soccer League.",TRUE,TRUE,
FP_new,Dave_Coskunian,birthYear,1976,,"Davit ""Dave Coskunian"" Çoşkun was a Turkish-American soccer player of Armenian descent who earned three caps with the U.S. national team. He played one season in the National Professional Soccer League and one in the North American Soccer League.",FALSE,FALSE,FH
FP_new,Dave_Coskunian,birthYear,1904,,"Davit ""Dave Coskunian"" Çoşkun was a Turkish-American soccer player of Armenian descent who earned three caps with the U.S. national team. He played one season in the National Professional Soccer League and one in the North American Soccer League.",FALSE,FALSE,FH
FP_new,Dave_Coskunian,birthYear,1957,,"Davit ""Dave Coskunian"" Çoşkun was a Turkish-American soccer player of Armenian descent who earned three caps with the U.S. national team. He played one season in the National Professional Soccer League and one in the North American Soccer League.",FALSE,FALSE,FH
FP_new,Dave_Coskunian,birthYear,1982,,"Davit ""Dave Coskunian"" Çoşkun was a Turkish-American soccer player of Armenian descent who earned three caps with the U.S. national team. He played one season in the National Professional Soccer League and one in the North American Soccer League.",FALSE,FALSE,FH
FP_new,Dave_Coskunian,birthYear,1925,,"Davit ""Dave Coskunian"" Çoşkun was a Turkish-American soccer player of Armenian descent who earned three caps with the U.S. national team. He played one season in the National Professional Soccer League and one in the North American Soccer League.",FALSE,FALSE,FH
FP_new,Dave_Coskunian,birthYear,1944,,"Davit ""Dave Coskunian"" Çoşkun was a Turkish-American soccer player of Armenian descent who earned three caps with the U.S. national team. He played one season in the National Professional Soccer League and one in the North American Soccer League.",FALSE,FALSE,FH
FN,David_Leviathan,birthName,,David Leviathan,"David Leviathan (born 6 August 1950) is an Israeli painter, sculptor, and poet.",TRUE,TRUE,
FN,David_Shore,birthName,,David Shore,"David Shore (born July 3, 1959) is a Canadian television writer. Shore worked on Family Law, NYPD Blue and Due South, also producing many episodes of the latter. He created the critically acclaimed series House and more recently, Battle Creek and The Good Doctor.",TRUE,TRUE,
FN,David_Shore,birthDate,,1959-07-03,"David Shore (born July 3, 1959) is a Canadian television writer. Shore worked on Family Law, NYPD Blue and Due South, also producing many episodes of the latter. He created the critically acclaimed series House and more recently, Battle Creek and The Good Doctor.",TRUE,TRUE,
FN,David_Shore,birthYear,,1959,"David Shore (born July 3, 1959) is a Canadian television writer. Shore worked on Family Law, NYPD Blue and Due South, also producing many episodes of the latter. He created the critically acclaimed series House and more recently, Battle Creek and The Good Doctor.",TRUE,TRUE,
FN,DeAndre_Wright,birthDate,,1986-04-13,"DeAndre Scott Wright (born April 13, 1986) is an American football cornerback who is currently a free agent. He was drafted by the New York Giants in the sixth round of the 2009 NFL Draft. He played college football at New Mexico. Wright has also been a member of the Detroit Lions, Minnesota Vikings and Cleveland Browns.he now coaches the stars defense",TRUE,TRUE,
FN,Debendra_Nath_Roy,birthYear,,1955,"Debendra Nath Roy (1955 – 13 July 2020) was an Indian politician. He was elected to the West Bengal Legislative Assembly from Hemtabad in the 2016 West Bengal Legislative Assembly election as a member of the Communist Party of India (Marxist) and later joined the Bharatiya Janata Party. In May 2019, he along with Subhranshu Roy, Tushar Kanti Bhattacharya and more than 50 Councillors joined the Bharatiya Janata Party in the presence of senior BJP leaders Mukul Roy and Kailash Vijayvargiya.",TRUE,TRUE,
FP_new,Debendra_Nath_Roy,birthDate,1955-07-19,,"Debendra Nath Roy (1955 – 13 July 2020) was an Indian politician. He was elected to the West Bengal Legislative Assembly from Hemtabad in the 2016 West Bengal Legislative Assembly election as a member of the Communist Party of India (Marxist) and later joined the Bharatiya Janata Party. In May 2019, he along with Subhranshu Roy, Tushar Kanti Bhattacharya and more than 50 Councillors joined the Bharatiya Janata Party in the presence of senior BJP leaders Mukul Roy and Kailash Vijayvargiya.",FALSE,FALSE,AC
FP_new,Debendra_Nath_Roy,birthDate,1955-07-13,,"Debendra Nath Roy (1955 – 13 July 2020) was an Indian politician. He was elected to the West Bengal Legislative Assembly from Hemtabad in the 2016 West Bengal Legislative Assembly election as a member of the Communist Party of India (Marxist) and later joined the Bharatiya Janata Party. In May 2019, he along with Subhranshu Roy, Tushar Kanti Bhattacharya and more than 50 Councillors joined the Bharatiya Janata Party in the presence of senior BJP leaders Mukul Roy and Kailash Vijayvargiya.",FALSE,FALSE,WV
FP_new,Derek_Armstrong_%28politician%29,birthName,Derek W.Armstrong,,"Derek W. Armstrong (born August 17, 1980) is an American Republican politician and a former member of the Nevada Assembly representing District 21. He won the 2014 Republican primary against Andrew Coates. Armstrong defeated incumbent Andy Eisen. He lost reelection in 2016. Armstrong is a lawyer and veteran of the United States Marine Corps.",FALSE,TRUE,
FP_new,Desmond_Lee_%28basketball%29,label,Desmond Lee,,"Desmond Lee (born March 3, 1990) is an American professional basketball player for the Moncton Magic of the National Basketball League of Canada. He played college basketball for New Mexico Junior College and NC State.",TRUE,FALSE,ICE
FN,Don_Pardo,birthName,,Dominick George,"Dominick George ""Don"" Pardo (February 22, 1918 – August 18, 2014) was an American radio and television announcer whose career spanned more than seven decades. A member of the Television Hall of Fame, Pardo was noted for his 70-year tenure with NBC, working as the announcer for early incarnations of such notable shows as The Price Is Right, Jackpot, Jeopardy!, Three on a Match, Winning Streak and NBC Nightly News. His longest, and best-known, announcing job was for NBC's Saturday Night Live, a job he held for 38 seasons, from the show's debut in 1975 until 1981 and then 1982 until his death in 2014.",TRUE,FALSE,ICE
FP_new,Douglas_Lima_%28water_polo%29,label,Douglas Lima,,Douglas Lima (born 31 March 1932) is a Brazilian water polo player. He competed in the men's tournament at the 1952 Summer Olympics.,TRUE,FALSE,ICE
FN,Duncan_McFetridge,birthName,,Duncan McFetridge,"Duncan McFetridge (born 27 January 1952) is an Australian politician who represented the South Australian House of Assembly seat of Morphett for the Liberal Party from the 2002 election until 2018. Entering shadow cabinet in 2004, he was re-elected at the 2006, 2010 and 2014 elections, and holds the seat with a margin of 12.9 points. This was reduced to 7.7 points following the 2016 redistribution. McFetridge lost his shadow cabinet position in January 2017.",TRUE,TRUE,
FN,E%2E_V%2E_K%2E_Sampath,label,,E.V.K.Sampath,"Erode Venkatappa Krishnasamy Sampath(c. 5 March 1926 – 23 February 1977), usually referred to as E. V. K. Sampath was a prominent politician from Tamil Nadu, India. He was an advocate of the Dravidian Movement of Periyar E. V. Ramasamy and was considered by some as his political heir. He later split from Periyar's Dravidar Kazhagam to form Dravida Munnetra Kazhagam (DMK) along with C. N. Annadurai. In spite of being one of the founders of DMK he later left and formed his own party, by the name, Tamil National Party. Nevertheless, he later merged his party with the Indian National Congress. He is a former Member of Parliament from the constituency of Namakkal",FALSE,TRUE,
FN,E%2E_V%2E_K%2E_Sampath,birthName,,Erode Venkatappa Krishnasamy Sampath,"Erode Venkatappa Krishnasamy Sampath(c. 5 March 1926 – 23 February 1977), usually referred to as E. V. K. Sampath was a prominent politician from Tamil Nadu, India. He was an advocate of the Dravidian Movement of Periyar E. V. Ramasamy and was considered by some as his political heir. He later split from Periyar's Dravidar Kazhagam to form Dravida Munnetra Kazhagam (DMK) along with C. N. Annadurai. In spite of being one of the founders of DMK he later left and formed his own party, by the name, Tamil National Party. Nevertheless, he later merged his party with the Indian National Congress. He is a former Member of Parliament from the constituency of Namakkal",TRUE,TRUE,
FP_different,E%2E_V%2E_K%2E_Sampath,label,Erode Venkatappa Krishnasamy Sampath,E.V.K.Sampath,"Erode Venkatappa Krishnasamy Sampath(c. 5 March 1926 – 23 February 1977), usually referred to as E. V. K. Sampath was a prominent politician from Tamil Nadu, India. He was an advocate of the Dravidian Movement of Periyar E. V. Ramasamy and was considered by some as his political heir. He later split from Periyar's Dravidar Kazhagam to form Dravida Munnetra Kazhagam (DMK) along with C. N. Annadurai. In spite of being one of the founders of DMK he later left and formed his own party, by the name, Tamil National Party. Nevertheless, he later merged his party with the Indian National Congress. He is a former Member of Parliament from the constituency of Namakkal",TRUE,FALSE,WV
FN,Edmond_Haxhinasto,birthName,,Edmond Haxhinasto,Edmond Haxhinasto (born 16 November 1966) is an Albanian politician who was Deputy Prime Minister of Albania from 2011 to 2013.,TRUE,TRUE,
FP_new,Edwin_Abbott_%28public_servant%29,label,Edwin Abbott CBE,,"Edwin Abbott CBE (21 November 1878 – 1 September 1947) was a senior Australian public servant. Between 1933 and 1944, he was Controller-General of the Department of Trade and Customs.",TRUE,FALSE,WV
FP_new,Edwin_Abbott_%28public_servant%29,birthName,Edwin Abbott,,"Edwin Abbott CBE (21 November 1878 – 1 September 1947) was a senior Australian public servant. Between 1933 and 1944, he was Controller-General of the Department of Trade and Customs.",TRUE,TRUE,
FN,Eli_Fantasy,label,,Eli Fantasy,"Elinnette Rodríguez Calderín (Yauco, Puerto Rico, October 14, 1994), with stage name Eli Fantasy, is a Puerto Rican urban singer and model. Eliennette represented her native Yauco at the Miss Universe Puerto Rico pageant in 2015 where she won the Miss Amistad award. In 2016, she transitioned to the world of exotic dance to the music industry. Her musical career began with a video entitled La Peseta, characterized by its humorous content, urban rhythm and the colorful presence that Eli Fantasy possesses.",TRUE,TRUE,
FP_different,Eli_Fantasy,birthName,Eliennette,Elinnette Rodríguez Calderín,"Elinnette Rodríguez Calderín (Yauco, Puerto Rico, October 14, 1994), with stage name Eli Fantasy, is a Puerto Rican urban singer and model. Eliennette represented her native Yauco at the Miss Universe Puerto Rico pageant in 2015 where she won the Miss Amistad award. In 2016, she transitioned to the world of exotic dance to the music industry. Her musical career began with a video entitled La Peseta, characterized by its humorous content, urban rhythm and the colorful presence that Eli Fantasy possesses.",TRUE,FALSE,ICE
FN,Eli_Fantasy,birthName,,Elinnette Rodríguez Calderín,"Elinnette Rodríguez Calderín (Yauco, Puerto Rico, October 14, 1994), with stage name Eli Fantasy, is a Puerto Rican urban singer and model. Eliennette represented her native Yauco at the Miss Universe Puerto Rico pageant in 2015 where she won the Miss Amistad award. In 2016, she transitioned to the world of exotic dance to the music industry. Her musical career began with a video entitled La Peseta, characterized by its humorous content, urban rhythm and the colorful presence that Eli Fantasy possesses.",TRUE,TRUE,
FP_different,Eli_Fantasy,birthName,Eli Fantasy,Elinnette Rodríguez Calderín,"Elinnette Rodríguez Calderín (Yauco, Puerto Rico, October 14, 1994), with stage name Eli Fantasy, is a Puerto Rican urban singer and model. Eliennette represented her native Yauco at the Miss Universe Puerto Rico pageant in 2015 where she won the Miss Amistad award. In 2016, she transitioned to the world of exotic dance to the music industry. Her musical career began with a video entitled La Peseta, characterized by its humorous content, urban rhythm and the colorful presence that Eli Fantasy possesses.",TRUE,FALSE,WV
FP_different,Eli_Fantasy,birthName,Eli Rodríguez Calderín,Elinnette Rodríguez Calderín,"Elinnette Rodríguez Calderín (Yauco, Puerto Rico, October 14, 1994), with stage name Eli Fantasy, is a Puerto Rican urban singer and model. Eliennette represented her native Yauco at the Miss Universe Puerto Rico pageant in 2015 where she won the Miss Amistad award. In 2016, she transitioned to the world of exotic dance to the music industry. Her musical career began with a video entitled La Peseta, characterized by its humorous content, urban rhythm and the colorful presence that Eli Fantasy possesses.",FALSE,FALSE,LCE
FN,Eman_Suleman,birthName,,Eman Suleman,"Eman Suleman (born 1 January 1992) is a Pakistani model and actress. She started her modeling career in 2017 and since then appeared in ramps and advertisements. She is also known for her role as Yasmeen in Sarmad Khoosat's Aakhri Station (2018). In 2019, she receives nomination for Best Emerging Model at 18th Lux Style Awards. Eman is a vocal feminist and has endorsed causes such as students' rights and the MeToo movement.",TRUE,TRUE,
FP_different,Empress_Jit%C5%8D,deathDate,0703-01-13,0703-01-13,"Empress Jitō (持統天皇, Jitō-tennō, 645 – 13 January 703) was the 41st monarch of Japan, according to the traditional order of succession. Jitō's reign spanned the years from 686 through 697. In the history of Japan, Jitō was the third of eight women to take on the role of empress regnant. The two female monarchs before Jitō were Suiko and Kōgyoku/Saimei. The five women sovereigns reigning after Jitō were Genmei, Genshō, Kōken/Shōtoku, Meishō, and Go-Sakuramachi.",TRUE,TRUE,
FP_different,Empress_Jit%C5%8D,birthYear,645,6401,"Empress Jitō (持統天皇, Jitō-tennō, 645 – 13 January 703) was the 41st monarch of Japan, according to the traditional order of succession. Jitō's reign spanned the years from 686 through 697. In the history of Japan, Jitō was the third of eight women to take on the role of empress regnant. The two female monarchs before Jitō were Suiko and Kōgyoku/Saimei. The five women sovereigns reigning after Jitō were Genmei, Genshō, Kōken/Shōtoku, Meishō, and Go-Sakuramachi.",TRUE,TRUE,
FP_different,Empress_Jit%C5%8D,deathYear,703,7001,"Empress Jitō (持統天皇, Jitō-tennō, 645 – 13 January 703) was the 41st monarch of Japan, according to the traditional order of succession. Jitō's reign spanned the years from 686 through 697. In the history of Japan, Jitō was the third of eight women to take on the role of empress regnant. The two female monarchs before Jitō were Suiko and Kōgyoku/Saimei. The five women sovereigns reigning after Jitō were Genmei, Genshō, Kōken/Shōtoku, Meishō, and Go-Sakuramachi.",TRUE,TRUE,
FN,Empress_Jit%C5%8D,birthYear,,6401,"Empress Jitō (持統天皇, Jitō-tennō, 645 – 13 January 703) was the 41st monarch of Japan, according to the traditional order of succession. Jitō's reign spanned the years from 686 through 697. In the history of Japan, Jitō was the third of eight women to take on the role of empress regnant. The two female monarchs before Jitō were Suiko and Kōgyoku/Saimei. The five women sovereigns reigning after Jitō were Genmei, Genshō, Kōken/Shōtoku, Meishō, and Go-Sakuramachi.",FALSE,FALSE,WV
FN,Empress_Jit%C5%8D,deathDate,,0703-01-13,"Empress Jitō (持統天皇, Jitō-tennō, 645 – 13 January 703) was the 41st monarch of Japan, according to the traditional order of succession. Jitō's reign spanned the years from 686 through 697. In the history of Japan, Jitō was the third of eight women to take on the role of empress regnant. The two female monarchs before Jitō were Suiko and Kōgyoku/Saimei. The five women sovereigns reigning after Jitō were Genmei, Genshō, Kōken/Shōtoku, Meishō, and Go-Sakuramachi.",FALSE,TRUE,
FN,Empress_Jit%C5%8D,deathYear,,7001,"Empress Jitō (持統天皇, Jitō-tennō, 645 – 13 January 703) was the 41st monarch of Japan, according to the traditional order of succession. Jitō's reign spanned the years from 686 through 697. In the history of Japan, Jitō was the third of eight women to take on the role of empress regnant. The two female monarchs before Jitō were Suiko and Kōgyoku/Saimei. The five women sovereigns reigning after Jitō were Genmei, Genshō, Kōken/Shōtoku, Meishō, and Go-Sakuramachi.",FALSE,FALSE,WV
FP_new,Empress_Jit%C5%8D,birthDate,0645-01-13,,"Empress Jitō (持統天皇, Jitō-tennō, 645 – 13 January 703) was the 41st monarch of Japan, according to the traditional order of succession. Jitō's reign spanned the years from 686 through 697. In the history of Japan, Jitō was the third of eight women to take on the role of empress regnant. The two female monarchs before Jitō were Suiko and Kōgyoku/Saimei. The five women sovereigns reigning after Jitō were Genmei, Genshō, Kōken/Shōtoku, Meishō, and Go-Sakuramachi.",FALSE,FALSE,AC
FN,Eric_Hobsbawm,birthName,,Eric John Ernest Hobsbawm,"Eric John Ernest Hobsbawm CH FRSL FBA (/ˈhɒbz.bɔːm/; 9 June 1917 – 1 October 2012) was a British historian of the rise of industrial capitalism, socialism, and nationalism. A life-long Marxist, his socio-political convictions influenced the character of his work. His best-known works include his tetralogy about what he called the ""long 19th century"" (The Age of Revolution: Europe 1789–1848, The Age of Capital: 1848–1875 and The Age of Empire: 1875–1914), The Age of Extremes on the short 20th century, and an edited volume that introduced the influential idea of ""invented traditions"".",TRUE,TRUE,
FN,Eric_Parry,label,,Eric Parry,"Eric Owen Parry RA (born 24 March 1952) is a British architect, designer, writer and educator. Parry is the founder and principal of Eric Parry Architects established in London in 1983. His built work includes the restoration and renewal of St Martin-in-the-Fields in London, the Holburne Museum in Bath, 50 New Bond Street, 23 Savile Row, One Eagle Place in Piccadilly, Aldermanbury Square by London Wall, 30 Finsbury Square in London, and the London Stock Exchange. His projects also include a number of residential developments. Eric Parry's architectural work and design has been shown internationally on major exhibitions, including the Royal Academy of Arts, the British School at Rome, and the 2012 Venice Biennale of Architecture.",TRUE,TRUE,
FN,Ernest_Lawson,birthName,,Ernest Lawson,"Ernest Lawson (March 22, 1873 – December 18, 1939) was a Canadian-American painter and exhibited his work at the Canadian Art Club and as a member of the American group The Eight, artists who formed a loose association in 1908 to protest the narrowness of taste and restrictive exhibition policies of the conservative, powerful National Academy of Design. Though Lawson was primarily a landscape painter, he also painted a small number of realistic urban scenes. His painting style is heavily influenced by the art of John Henry Twachtman, J. Alden Weir, and Alfred Sisley. Though considered a Canadian-American Impressionist, Lawson falls stylistically between Impressionism and realism.",TRUE,TRUE,
FN,Ernesto_Paglia,birthName,,Ernesto Paglia,"Ernesto Paglia (born 9 April 1959, in São Paulo) is a Brazilian television journalist currently working for Rede Globo. Studied Journalism at the School of Communications and Arts at the University of São Paulo. He began working at 19, while still in the third year of Journalism School, (which requires 4 years in Brazil). Paglia was hired as reporter by Jovem Pan radio, but lasted only 3 months in this first job. He was fired after taking part in a strike led by the Journalist Union of S.Paulo in May 1979.",TRUE,TRUE,
FN,Ethel_M%2E_Dell,label,,Ethel M.Dell,"Ethel May Dell Savage (2 August 1881 – 17 September 1939) was a British writer, known by her pen name, Ethel M. Dell, of over 30 popular romance novels and several short stories from 1911 to 1939.",FALSE,TRUE,
FP_new,Evan_Jager,label,Evan Reese Jager,,"Evan Reese Jager (born March 8, 1989) is an American distance runner. He is the current North American record holder in the 3000 m steeplechase with a time of 8:00.45, which makes him the 13th fastest performer in the history of the event. He is sponsored by Nike and is coached by Jerry Schumacher in the Bowerman Track Club. On August 17, 2016 Jager won the silver medal at the 2016 Rio Olympics for the Steeplechase.",TRUE,FALSE,LCE
FN,Evelyn_S%2E_Lieberman,birthName,,Evelyn May Lieberman,"Evelyn May Lieberman (née Simonowitz; July 9, 1944 – December 12, 2015) was an American public affairs professional who, during the Clinton administration, became the first woman to serve as White House Deputy Chief of Staff, and was the first United States Under Secretary of State for Public Diplomacy and Public Affairs. From 2002 to 2015, Lieberman worked for the Smithsonian Institution, most recently as Senior Advisor and Assistant to the Secretary for external relations.",TRUE,TRUE,
FP_new,Eyitope_Ogunbodede,label,Eyitope Ogungbenro Ogunbodede,,"Eyitope Ogungbenro Ogunbodede (born 23 January 1957) is a professor of Dentistry and the 11th substantial Vice Chancellor of Obafemi Awolowo University, Ile-Ife, Nigeria. He is also the founder of, the first dental museum in Africa commissioned in 2015 which contains relics of modern Nigerian dental history.",TRUE,FALSE,LCE
FN,F%C3%A9lix_Taunay%2C_Baron_of_Taunay,birthName,,Félix Émile Taunay,"Félix Émile Taunay, Baron of Taunay (March 1, 1795 – April 10, 1881), was a French Brazilian painter, and drawing and Greek teacher. He was the father of famous writer and politician Alfredo d'Escragnolle Taunay, the Viscount of Taunay.",TRUE,TRUE,
FN,Faras_Hamdan,birthName,,Faras Hamdan,"Faras Hamdan (Arabic: فارس حمدان; Hebrew: פארס חמדאן, 1910 – 29 November 1966) was an Israeli Arab politician who served as a member of the Knesset for the Agriculture and Development party between 1951 and 1959.",TRUE,TRUE,
FP_new,Faras_Hamdan,birthDate,1910-11-10,,"Faras Hamdan (Arabic: فارس حمدان; Hebrew: פארס חמדאן, 1910 – 29 November 1966) was an Israeli Arab politician who served as a member of the Knesset for the Agriculture and Development party between 1951 and 1959.",FALSE,FALSE,AC
FP_new,Faras_Hamdan,birthDate,1910-10-10,,"Faras Hamdan (Arabic: فارس حمدان; Hebrew: פארס חמדאן, 1910 – 29 November 1966) was an Israeli Arab politician who served as a member of the Knesset for the Agriculture and Development party between 1951 and 1959.",FALSE,FALSE,AC
FP_new,Faras_Hamdan,birthDate,1910-11-29,,"Faras Hamdan (Arabic: فارس حمدان; Hebrew: פארס חמדאן, 1910 – 29 November 1966) was an Israeli Arab politician who served as a member of the Knesset for the Agriculture and Development party between 1951 and 1959.",FALSE,FALSE,WV
FN,Fern_Fitzgerald,birthName,,Fern Fitzgerald,"Fern Fitzgerald (born January 7, 1947 in Valley Stream, New York) is an American actress, best known for her recurring role as oil cartel businesswoman Marilee Stone in the CBS primetime soap opera Dallas from 1979 to 1989. She guest-starred in the number of other television series, like Archie Bunker's Place, Hill Street Blues, Hotel, Who's the Boss?, Life Goes On, and Seinfeld. In film, Fitzgerald appeared in The Beach Girls (1982). She also appeared in the original productions of Chicago and A Chorus Line on Broadway.",TRUE,TRUE,
FP_new,Fernando_Rivera_y_Moncada,label,Fernando Javier Rivera y Moncada,,"Fernando Javier Rivera y Moncada (c. 1725 – July 18, 1781) was a Mexican-born soldier of the Spanish Empire who served in The Californias (Las Californias), the far north-western frontier of New Spain. He participated in several early overland explorations and later served as third Governor of The Californias, from 1774–1777.",TRUE,FALSE,LCE
FN,Fernando_Rivera_y_Moncada,birthName,,Fernando Javier Rivera y Moncada,"Fernando Javier Rivera y Moncada (c. 1725 – July 18, 1781) was a Mexican-born soldier of the Spanish Empire who served in The Californias (Las Californias), the far north-western frontier of New Spain. He participated in several early overland explorations and later served as third Governor of The Californias, from 1774–1777.",TRUE,TRUE,
FP_new,Fernando_Rivera_y_Moncada,birthDate,1725-07-17,,"Fernando Javier Rivera y Moncada (c. 1725 – July 18, 1781) was a Mexican-born soldier of the Spanish Empire who served in The Californias (Las Californias), the far north-western frontier of New Spain. He participated in several early overland explorations and later served as third Governor of The Californias, from 1774–1777.",FALSE,FALSE,AC
FN,Fernando_Rivera_y_Moncada,birthYear,,1725,"Fernando Javier Rivera y Moncada (c. 1725 – July 18, 1781) was a Mexican-born soldier of the Spanish Empire who served in The Californias (Las Californias), the far north-western frontier of New Spain. He participated in several early overland explorations and later served as third Governor of The Californias, from 1774–1777.",TRUE,TRUE,
FP_new,Fernando_Rivera_y_Moncada,birthDate,1725-07-25,,"Fernando Javier Rivera y Moncada (c. 1725 – July 18, 1781) was a Mexican-born soldier of the Spanish Empire who served in The Californias (Las Californias), the far north-western frontier of New Spain. He participated in several early overland explorations and later served as third Governor of The Californias, from 1774–1777.",FALSE,FALSE,AC
FN,Fikri_Demirel,birthName,,Fikri Demirel,"Fikri Demirel (born November 2, 1956) is a Turkish politician from the Justice and Development Party (AK Party) who serves as a Member of Parliament for the Yalova since 7 June 2015.",TRUE,TRUE,
FP_different,Flavio_Rog%C3%A9rio,label,Flavio Rogério Ribeiro,Flavio Rogério,"Flávio Rogério Ribeiro, sometimes known as just Flávio (born December 22, 1976 in Siqueira Campos) is a Brazilian former professional footballer who last played for Puebla of the Primera División de México. He is a Mexican naturalized citizen.",TRUE,FALSE,LCE
FP_different,Flavio_Rog%C3%A9rio,label,Flávio Rogério Ribeiro,Flavio Rogério,"Flávio Rogério Ribeiro, sometimes known as just Flávio (born December 22, 1976 in Siqueira Campos) is a Brazilian former professional footballer who last played for Puebla of the Primera División de México. He is a Mexican naturalized citizen.",TRUE,FALSE,LCE
FP_new,Frances_Murray_%28suffragist%29,birthName,Frances Porter Murray,,"Frances Porter Murray (née Stoddard, 23 February 1843 – 3 April 1919) was a suffragist raised in Scotland, an advocate of women's education, a lecturer in Scottish music and a writer.",TRUE,TRUE,
FN,Frank_Agnew,label,,Frank Agnew,"Francis Thomas ""Frank"" Agnew (born August 18, 1964) is an American guitarist and songwriter, best known for being a member of punk rock band the Adolescents. Frank's brothers Rikk Agnew and Alfie Agnew, as well as his son Frank Agnew Jr., are also former Adolescents guitarists.",TRUE,TRUE,
FN,Fred_Peacock,birthName,,Frederick Halliday Peacock,"Frederick Halliday Peacock (November 23, 1916 – February 15, 2010) was a business man and former provincial level politician from Alberta, Canada. He served as a member of the Legislative Assembly of Alberta from 1971 until 1979.",TRUE,TRUE,
FP_different,Fred_Peacock,birthName,Fred Halliday Peacock,Frederick Halliday Peacock,"Frederick Halliday Peacock (November 23, 1916 – February 15, 2010) was a business man and former provincial level politician from Alberta, Canada. He served as a member of the Legislative Assembly of Alberta from 1971 until 1979.",FALSE,FALSE,ICE
FN,Frederik_Jacobsen,birthName,,Frederik Jacobsen,"Frederik Jacobsen (12 September 1876 – 4 September 1922), was a Danish actor. He appeared in 27 films between 1911 and 1923.",TRUE,TRUE,
FP_new,Gabriel_Faure_%28writer%29,deathDate,1962-08-05,,"Gabriel Faure (15 May 1877 – 5 August 1962) was a French poet, novelist and essayist. He was the author of many books about Italy, and the editor of a book prefaced by Benito Mussolini. He won five prizes from the Académie française.",TRUE,TRUE,
FN,George_DeLeone,birthDate,,1948-05-09,"George DeLeone (May 9, 1948 – March 1, 2022) was an American football offensive line coach for Baylor University. Prior to rejoining Temple's staff, where he was once the offensive coordinator from 2006 through 2007, DeLeone was an offensive line coach for the Cleveland Browns. DeLeone was once the head coach at Southern Connecticut State University (SCSU) from 1976 to 1979, where he compiled a record of 15 wins and 24 losses. DeLeone served in assistant coach & coordinator positions at Southern Connecticut, Rutgers, Holy Cross, Syracuse, Ole Miss, Temple, UConn, and Baylor.",TRUE,TRUE,
FN,George_DeLeone,deathDate,,2022-03-01,"George DeLeone (May 9, 1948 – March 1, 2022) was an American football offensive line coach for Baylor University. Prior to rejoining Temple's staff, where he was once the offensive coordinator from 2006 through 2007, DeLeone was an offensive line coach for the Cleveland Browns. DeLeone was once the head coach at Southern Connecticut State University (SCSU) from 1976 to 1979, where he compiled a record of 15 wins and 24 losses. DeLeone served in assistant coach & coordinator positions at Southern Connecticut, Rutgers, Holy Cross, Syracuse, Ole Miss, Temple, UConn, and Baylor.",TRUE,TRUE,
FN,George_DeLeone,birthYear,,1948,"George DeLeone (May 9, 1948 – March 1, 2022) was an American football offensive line coach for Baylor University. Prior to rejoining Temple's staff, where he was once the offensive coordinator from 2006 through 2007, DeLeone was an offensive line coach for the Cleveland Browns. DeLeone was once the head coach at Southern Connecticut State University (SCSU) from 1976 to 1979, where he compiled a record of 15 wins and 24 losses. DeLeone served in assistant coach & coordinator positions at Southern Connecticut, Rutgers, Holy Cross, Syracuse, Ole Miss, Temple, UConn, and Baylor.",TRUE,TRUE,
FN,George_DeLeone,deathYear,,2022,"George DeLeone (May 9, 1948 – March 1, 2022) was an American football offensive line coach for Baylor University. Prior to rejoining Temple's staff, where he was once the offensive coordinator from 2006 through 2007, DeLeone was an offensive line coach for the Cleveland Browns. DeLeone was once the head coach at Southern Connecticut State University (SCSU) from 1976 to 1979, where he compiled a record of 15 wins and 24 losses. DeLeone served in assistant coach & coordinator positions at Southern Connecticut, Rutgers, Holy Cross, Syracuse, Ole Miss, Temple, UConn, and Baylor.",TRUE,TRUE,
FN,George_Montagu%2C_4th_Duke_of_Manchester,birthName,,George Montagu,"George Montagu, 4th Duke of Manchester PC (6 April 1737 – 2 September 1788) was a British politician and diplomat.",TRUE,TRUE,
FN,Georgi_Yumatov,birthName,,Georgi Aleksandrovich Yumatov,"Georgi Aleksandrovich Yumatov (Russian: Гeopгий Алeксандpoвич Юматов, IPA: [ɡʲɪˈorɡʲɪj jʊˈmatəf]; 11 March 1926 – 6 October 1997) was a Soviet and Russian film actor. He appeared in 72 films between 1946 and 1994. He was a People’s Artist of the RSFSR (1982).",TRUE,TRUE,
FP_new,Golam_Samdani_Koraishi,label,Golam Samdani Quraishy,,Golam Samdani Quraishy (Bengali: গোলাম সামদানী কোরায়শী; 5 April 1929 – 11 October 1991) was a Bangladeshi poet and writer. He was given Independence Day Award posthumously in 2017 by the Government of Bangladesh.,TRUE,FALSE,WV
FN,Golam_Samdani_Koraishi,birthName,,Golam Samdani Quraishy,Golam Samdani Quraishy (Bengali: গোলাম সামদানী কোরায়শী; 5 April 1929 – 11 October 1991) was a Bangladeshi poet and writer. He was given Independence Day Award posthumously in 2017 by the Government of Bangladesh.,TRUE,TRUE,
FN,Gordon_Persons,birthName,,Seth Gordon Persons,"Seth Gordon Persons (February 5, 1902 – May 29, 1965) was an American Democratic politician who was the 43rd Governor of Alabama from 1951 to 1955. He was born and died in Montgomery, Alabama. The Dauphin Island Bridge south of Mobile is formally named for him. The Gordon Persons Building is a six floor, 60,000 square foot state government office building in Montgomery. After leaving office as governor, Persons never sought statewide public office again, but he made an unsuccessful run for circuit judge late in life.",TRUE,TRUE,
FN,Gordon_Persons,label,,Gordon Persons,"Seth Gordon Persons (February 5, 1902 – May 29, 1965) was an American Democratic politician who was the 43rd Governor of Alabama from 1951 to 1955. He was born and died in Montgomery, Alabama. The Dauphin Island Bridge south of Mobile is formally named for him. The Gordon Persons Building is a six floor, 60,000 square foot state government office building in Montgomery. After leaving office as governor, Persons never sought statewide public office again, but he made an unsuccessful run for circuit judge late in life.",TRUE,TRUE,
FN,Gudrun_Brendel-Fischer,birthName,,Gudrun Brendel-Fischer,"Gudrun Brendel-Fischer (born June 17, 1959 in Bayreuth, Germany) is a German politician, representative of the Christian Social Union of Bavaria. She is a representative of the district of Bayreuth in the Bavarian State Parliament.",TRUE,TRUE,
FN,Gudrun_Dorothea_R%C3%A6der,birthName,,Gudrun Dorothea Ræder,"Gudrun Dorothea Ræder (née Martius; 21 April 1908 – 26 September 1998) was a Norwegian diplomat. She was the first female Norwegian diplomat, serving at the legation in London.",TRUE,TRUE,
FN,Gustav_Vigeland,birthName,,Adolf Gustav Thorsen,"Gustav Vigeland (11 April 1869 – 12 March 1943), born as Adolf Gustav Thorsen, was a Norwegian sculptor. Gustav Vigeland occupies a special position among Norwegian sculptors, both in the power of his creative imagination and in his productivity. He is most associated with the Vigeland installation (Vigelandsanlegget) in Frogner Park, Oslo. He was also the designer of the Nobel Peace Prize medal.",TRUE,TRUE,
FP_different,Gustav_Vigeland,birthName,Gustav Gustav Thorsen,Adolf Gustav Thorsen,"Gustav Vigeland (11 April 1869 – 12 March 1943), born as Adolf Gustav Thorsen, was a Norwegian sculptor. Gustav Vigeland occupies a special position among Norwegian sculptors, both in the power of his creative imagination and in his productivity. He is most associated with the Vigeland installation (Vigelandsanlegget) in Frogner Park, Oslo. He was also the designer of the Nobel Peace Prize medal.",FALSE,FALSE,SG
FP_new,Hachisuka_Iemasa,birthDate,1558-02-02,,"Hachisuka Iemasa (蜂須賀 家政, 1558 – February 2, 1639) was a Japanese daimyō of the early Edo period. Iemasa, the son of Hachisuka Masakatsu or Koroku, was the founder of the Tokushima Domain. He was one of some daimyo who have bad terms with Ishida Mitsunari. His father was a retainer of Hideyoshi. But later Iemasa served both Oda Nobunaga and Toyotomi Hideyoshi, taking part in the Battle of Yamazaki 1582, Invasion of Shikoku 1585 and Hideyoshi's Korean campaign 1592-1598.",FALSE,FALSE,AC
FP_new,Hachisuka_Iemasa,birthDate,1558-58-58,,"Hachisuka Iemasa (蜂須賀 家政, 1558 – February 2, 1639) was a Japanese daimyō of the early Edo period. Iemasa, the son of Hachisuka Masakatsu or Koroku, was the founder of the Tokushima Domain. He was one of some daimyo who have bad terms with Ishida Mitsunari. His father was a retainer of Hideyoshi. But later Iemasa served both Oda Nobunaga and Toyotomi Hideyoshi, taking part in the Battle of Yamazaki 1582, Invasion of Shikoku 1585 and Hideyoshi's Korean campaign 1592-1598.",FALSE,FALSE,IAC
FP_new,Hachisuka_Iemasa,birthDate,1558-02-58,,"Hachisuka Iemasa (蜂須賀 家政, 1558 – February 2, 1639) was a Japanese daimyō of the early Edo period. Iemasa, the son of Hachisuka Masakatsu or Koroku, was the founder of the Tokushima Domain. He was one of some daimyo who have bad terms with Ishida Mitsunari. His father was a retainer of Hideyoshi. But later Iemasa served both Oda Nobunaga and Toyotomi Hideyoshi, taking part in the Battle of Yamazaki 1582, Invasion of Shikoku 1585 and Hideyoshi's Korean campaign 1592-1598.",FALSE,FALSE,AC
FN,Hanno_M%C3%BCller-Brachmann,birthYear,,1970,"Hanno Müller-Brachmann (born 1970) is a German bass-baritone who made an international career in both opera and concert. A member of the Berlin State Opera from 1998 to 2011, he first sang Mozart roles such as Papageno and Figaro, and created roles in premieres such as Mephistopheles in Dusapin's Faustus, the Last Night in 2006.",TRUE,TRUE,
FN,Harold_Soref,birthName,,Harold Benjamin Soref,"Harold Benjamin Soref (18 December 1916—14 March 1993) was a Conservative Member of Parliament (MP) in the United Kingdom for Ormskirk, Lancashire, first elected at the 1970 general election. He subsequently lost the seat to Labour in February 1974. Soref was a leading member of the Conservative Monday Club.",TRUE,TRUE,
FP_new,Harrison_W%2E_Call,deathDate,1975-08-29,,"Harrison W. Call (January 5, 1898 - August 29, 1975) served in the California State Assembly for the 29th and 27th district from 1937 to 1947. He served in the United States Army in the Mexican Expedition (1916–1917) and World War I.",FALSE,TRUE,
FN,Harrison_W%2E_Call,birthYear,,1898,"Harrison W. Call (January 5, 1898 - August 29, 1975) served in the California State Assembly for the 29th and 27th district from 1937 to 1947. He served in the United States Army in the Mexican Expedition (1916–1917) and World War I.",TRUE,TRUE,
FN,Harrison_W%2E_Call,deathYear,,1975,"Harrison W. Call (January 5, 1898 - August 29, 1975) served in the California State Assembly for the 29th and 27th district from 1937 to 1947. He served in the United States Army in the Mexican Expedition (1916–1917) and World War I.",TRUE,TRUE,
FN,Harry_Livermore,birthYear,,1908,Sir Harry Livermore (1908–1989) was a Liverpool solicitor and local politician who served as Lord Mayor of Liverpool.,TRUE,TRUE,
FN,Harry_Livermore,deathYear,,1989,Sir Harry Livermore (1908–1989) was a Liverpool solicitor and local politician who served as Lord Mayor of Liverpool.,TRUE,TRUE,
FN,Harvey_Morgan,birthName,,Harvey Bland Morgan,"Harvey Bland Morgan (born August 18, 1930) is an American politician. From 1980–2012 he served in the Virginia House of Delegates, representing the 98th district on the Middle Peninsula. He is a member of the Republican Party.",TRUE,TRUE,
FN,Henry_Bourne_Joy,birthName,,Henry Bourne Joy,"Henry Bourne Joy (November 23, 1864 – November 6, 1936) was an American businessman and President of the Packard Motor Car Company. He was a major developer of automotive activities as well as being a social activist. Joy was also a prominent figure on both sides of prohibition during that turbulent era.",TRUE,TRUE,
FN,Henry_Cass,birthName,,Henry Cass,"Henry Cass (24 June 1903 – 15 March 1989) was a British director, particularly prolific in film in the horror and comedy genres. Previously an actor, he was also a prolific stage director of classical theatre at the Old Vic in the 1930s. In 1923, Lee DeForest filmed Cass for a short film Henry Cass Demonstration Film made in DeForest's Phonofilm sound-on-film process. The film was previewed at the Engineers Society of New York on 12 April 1923, and premiered at the Rivoli Theatre in New York on 15 April 1923 with 17 other short Phonofilms. He was married to the actress Joan Hopkins.",TRUE,TRUE,
FN,Henry_George_Flanagan,birthDate,,1861-01-22,"Henry George Flanagan (22 January 1861 – 23 October 1919) was a South African-born plant collector, traveller, botanist and farmer. He developed a renowned garden for native South African trees and rare exotic plants. A rare endemic of Eastern Cape, Greyia flanaganii is one of several plants named in his honour.",TRUE,TRUE,
FN,Henry_George_Flanagan,deathDate,,1919-10-23,"Henry George Flanagan (22 January 1861 – 23 October 1919) was a South African-born plant collector, traveller, botanist and farmer. He developed a renowned garden for native South African trees and rare exotic plants. A rare endemic of Eastern Cape, Greyia flanaganii is one of several plants named in his honour.",TRUE,TRUE,
FN,Henry_George_Flanagan,birthYear,,1861,"Henry George Flanagan (22 January 1861 – 23 October 1919) was a South African-born plant collector, traveller, botanist and farmer. He developed a renowned garden for native South African trees and rare exotic plants. A rare endemic of Eastern Cape, Greyia flanaganii is one of several plants named in his honour.",TRUE,TRUE,
FN,Henry_George_Flanagan,deathYear,,1919,"Henry George Flanagan (22 January 1861 – 23 October 1919) was a South African-born plant collector, traveller, botanist and farmer. He developed a renowned garden for native South African trees and rare exotic plants. A rare endemic of Eastern Cape, Greyia flanaganii is one of several plants named in his honour.",TRUE,TRUE,
FP_new,Henry_Harris_%28Australian_cricketer%29,deathDate,1933-03-07,,"Henry Vere Poulett-Harris (22 April 1865 – 7 March 1933) was an Australian cricket player, runner, footballer, gold prospector and gold mine owner. Vere Poulett-Harris played five first-class cricket matches for the Tasmania and Western Australia cricket teams between 1883 and 1899. One early news report described him as a ""sterling cricketer and footballer"" whilst another described him as a ""sterling batsman and good field."" In 1911, he was called as a witness to testify during Chaffinch Mine Conspiracy trial.",TRUE,TRUE,
FP_new,Henry_Harris_%28Australian_cricketer%29,deathYear,1933,,"Henry Vere Poulett-Harris (22 April 1865 – 7 March 1933) was an Australian cricket player, runner, footballer, gold prospector and gold mine owner. Vere Poulett-Harris played five first-class cricket matches for the Tasmania and Western Australia cricket teams between 1883 and 1899. One early news report described him as a ""sterling cricketer and footballer"" whilst another described him as a ""sterling batsman and good field."" In 1911, he was called as a witness to testify during Chaffinch Mine Conspiracy trial.",TRUE,TRUE,
FP_new,Hernando_Molina_Ara%C3%BAjo,label,Hernando César Molina Araújo,,"Hernando César Molina Araújo (born August 28, 1961 in Valledupar) is a Colombian politician. Son of Hernando Molina Céspedes and Consuelo Araújo, he studied at the Colegio Nacional Loperena in Valledupar and later studied Law in the, but dropped out. He declares himself a self-taught man. Molina was governor of the Colombian Department of Cesar for the period 2004–2007, a term which he did not complete due to his involvement in the Parapolitica scandal. he was called to testify on May 17, 2007 at the Office of the Attorney General of Colombia.",TRUE,TRUE,
FN,Hernando_Molina_Ara%C3%BAjo,birthName,,Hernando César Molina Araújo,"Hernando César Molina Araújo (born August 28, 1961 in Valledupar) is a Colombian politician. Son of Hernando Molina Céspedes and Consuelo Araújo, he studied at the Colegio Nacional Loperena in Valledupar and later studied Law in the, but dropped out. He declares himself a self-taught man. Molina was governor of the Colombian Department of Cesar for the period 2004–2007, a term which he did not complete due to his involvement in the Parapolitica scandal. he was called to testify on May 17, 2007 at the Office of the Attorney General of Colombia.",TRUE,TRUE,
FP_new,Hernando_Molina_Ara%C3%BAjo,label,Hernando Molina Araújo,,"Hernando César Molina Araújo (born August 28, 1961 in Valledupar) is a Colombian politician. Son of Hernando Molina Céspedes and Consuelo Araújo, he studied at the Colegio Nacional Loperena in Valledupar and later studied Law in the, but dropped out. He declares himself a self-taught man. Molina was governor of the Colombian Department of Cesar for the period 2004–2007, a term which he did not complete due to his involvement in the Parapolitica scandal. he was called to testify on May 17, 2007 at the Office of the Attorney General of Colombia.",TRUE,TRUE,
FP_new,Ian_MacPherson_%28historian%29,label,Ian MacPherson,,"Ian MacPherson (1939 – November 16, 2013) was a Canadian historian, and a supporter of the co-operative movement. MacPherson was born in Toronto, Ontario.",TRUE,FALSE,ICE
FP_new,In%C5%8D_Tadataka,birthDate,1745-02-11,,"Inō Tadataka (伊能 忠敬, February 11, 1745 - May 17, 1818) was a Japanese surveyor and cartographer. He is known for completing the first map of Japan using modern surveying techniques.",FALSE,TRUE,
FP_new,In%C5%8D_Tadataka,deathDate,1818-05-17,,"Inō Tadataka (伊能 忠敬, February 11, 1745 - May 17, 1818) was a Japanese surveyor and cartographer. He is known for completing the first map of Japan using modern surveying techniques.",FALSE,TRUE,
FN,Ines_Castellani_Fantoni_Benaglio,deathDate,,1897-05-06,"Ines Castellani Fantoni Benaglio, also known by the pseudonym of Memini (1849 Pavia - 6 May 1897 Azzate), was an Italian writer. She lived in Florence and Milan. She made her debut as a writer in 1880, with Estella and Nemorino. She wrote for magazines, including Perseveranza, La Gazzetta Provinciale and Vita Intimate. She wrote numerous novels, which attracted the attention of Anna Radius Zuccari, and they were friends. She married the poet Luigi Benaglio.",TRUE,TRUE,
FN,Ingrid_Wilhite,label,,Ingrid Wilhite,"Ingrid Joy Wilhite (May 4, 1959 – January 15, 2008) was an American filmmaker and musician.",TRUE,TRUE,
FN,Ingrid_Wilhite,birthName,,Ingrid Joy Wilhite,"Ingrid Joy Wilhite (May 4, 1959 – January 15, 2008) was an American filmmaker and musician.",TRUE,TRUE,
FN,Ioan_Culcer,birthName,,Ioan Culcer,"Ioan Culcer (29 July 1853 – September 1928) was a Wallachian-born Romanian military leader and politician. Culcer served as a lieutenant during the Romanian War of Independence (1877–1878) and as a general during the Second Balkan War and World War I. In early 1918, he served as Minister for Public Works in the First Averescu cabinet.",TRUE,TRUE,
FP_new,Ioan_Culcer,deathDate,1928-09-28,,"Ioan Culcer (29 July 1853 – September 1928) was a Wallachian-born Romanian military leader and politician. Culcer served as a lieutenant during the Romanian War of Independence (1877–1878) and as a general during the Second Balkan War and World War I. In early 1918, he served as Minister for Public Works in the First Averescu cabinet.",FALSE,FALSE,AC
FP_new,Ion_Creang%C4%83_%28jurist%29,label,Ion Creangă,,"Ion Creangă (born December 11, 1962 in Goteşti) is a Moldovan jurist and the head of the Legal Department of the Parliament of Moldova. Creangă was born in Goteşti, Cantemir District. He studied at the Moldova State University (1987–1992) and got his PhD in 2000. He is the head of the Legal Department of the Apparatus of the Parliament of Moldova. Also, he is secretary of the Commission for constitutional reform in Moldova.",TRUE,TRUE,
FP_new,Ivar_of_Limerick,birthYear,977,,"Ivar of Limerick (Irish: Ímar Luimnich, rí Gall; Ímar ua Ímair; Ímar Ua hÍmair, Ard Rí Gall Muman ocus Gáedel; Íomhar Mór; Old Norse: Ívarr [ˈiːˌwɑrː]; died 977), was the last Norse king of the city-state of Limerick, and penultimate King of the Foreigners of Munster, reigning during the rise to power of the Dál gCais and the fall of the Eóganachta.",TRUE,FALSE,WV
FP_new,Ivar_of_Limerick,birthYear,977,,"Ivar of Limerick (Irish: Ímar Luimnich, rí Gall; Ímar ua Ímair; Ímar Ua hÍmair, Ard Rí Gall Muman ocus Gáedel; Íomhar Mór; Old Norse: Ívarr [ˈiːˌwɑrː]; died 977), was the last Norse king of the city-state of Limerick, and penultimate King of the Foreigners of Munster, reigning during the rise to power of the Dál gCais and the fall of the Eóganachta.",FALSE,FALSE,WV
FN,Jack_Martin_Smith,birthName,,Jack Martin Smith,"Jack Martin Smith (January 2, 1911 - November 7, 1993) was a highly successful Hollywood art director with over 130 films to his credit and nine Academy Award nominations which ultimately yielded three Oscars.",TRUE,TRUE,
FP_new,Jack_Martin_Smith,birthDate,1911-01-02,,"Jack Martin Smith (January 2, 1911 - November 7, 1993) was a highly successful Hollywood art director with over 130 films to his credit and nine Academy Award nominations which ultimately yielded three Oscars.",FALSE,TRUE,
FP_new,Jack_Martin_Smith,deathDate,1993-11-07,,"Jack Martin Smith (January 2, 1911 - November 7, 1993) was a highly successful Hollywood art director with over 130 films to his credit and nine Academy Award nominations which ultimately yielded three Oscars.",FALSE,TRUE,
FN,Jack_Trice,label,,Jack Trice,"John G. Trice (May 12, 1902 – October 8, 1923) was a football player who became the first African-American athlete for Iowa State College. Trice died due to injuries suffered during a college football game against the University of Minnesota on October 6, 1923. He is the namesake for Jack Trice Stadium, Iowa State's football stadium.",TRUE,TRUE,
FP_new,James_Bell_%28bishop%29,birthName,James Harold Bell,,James Harold Bell (born 20 November 1950) is a retired British Anglican bishop. He was the area Bishop of Ripon in the Diocese of Leeds.,TRUE,TRUE,
FP_new,James_Campbell_%28land_commissioner%29,birthYear,1787,,"Lieutenant-Colonel James Campbell (1787 – 7 July 1858) was a lieutenant-colonel of the British army who distinguished himself in the Peninsular War. He emigrated to New Zealand and was appointed as a land commissioner, and later as Registrar of Deeds, in Canterbury.",TRUE,TRUE,
FN,James_Seay,birthName,,James Seay,"James Seay (September 9, 1914 – October 10, 1992) was an American character actor who often played minor supporting roles as government officials.",TRUE,TRUE,
FN,James_William_Moore,birthName,,James William Moore,"James William Moore (February 12, 1818 – September 17, 1877) was an American judge and politician from Montgomery County, Kentucky. He represented Kentucky in the Confederate States Congress during the American Civil War. Moore was born in Montgomery County, Kentucky. Moore served as a Kentucky state court judge from 1851 to 1858. In 1861 he became a delegate to the Kentucky Secessionist Convention and represented the state in the First Confederate Congress and the Second Confederate Congress from 1862 to 1865. James Moore died on September 17, 1877, and was buried in Machpelah Cemetery.",TRUE,TRUE,
FN,Jean_Ren%C3%A9_Baroux,birthYear,,1922,"Jean René Baroux (1922–1992) was a Morocco-born veteran of World War II and a writer very much engaged in the evolution of the French language. While a member of the Science Council of Canada (Director of Communications), in 1976 he founded the Association Québécoise des Professionnels de la Communication Scientifique (AQPCS), a complementary extension to the Canadian Scientific Writers Association.",TRUE,TRUE,
FN,Jean_Ren%C3%A9_Baroux,deathYear,,1992,"Jean René Baroux (1922–1992) was a Morocco-born veteran of World War II and a writer very much engaged in the evolution of the French language. While a member of the Science Council of Canada (Director of Communications), in 1976 he founded the Association Québécoise des Professionnels de la Communication Scientifique (AQPCS), a complementary extension to the Canadian Scientific Writers Association.",TRUE,TRUE,
FN,Jean-Jacques_Rousseau,birthName,,Jean-Jacques Rousseau,"Jean-Jacques Rousseau (UK: /ˈruːsoʊ/, US: /ruːˈsoʊ/ French: [ʒɑ̃ ʒak ʁuso]; 28 June 1712 – 2 July 1778) was a Genevan philosopher, writer, and composer. His political philosophy influenced the progress of the Age of Enlightenment throughout Europe, as well as aspects of the French Revolution and the development of modern political, economic, and educational thought.",TRUE,TRUE,
FP_new,Jefferson_Souza_%28water_polo%29,birthDate,1908-06-08,,Jefferson Souza (June 1908 – 1 December 1992) was a Brazilian water polo player. He competed in the men's tournament at the 1932 Summer Olympics.,FALSE,FALSE,AC
FP_new,Jefferson_Souza_%28water_polo%29,birthYear,1908,,Jefferson Souza (June 1908 – 1 December 1992) was a Brazilian water polo player. He competed in the men's tournament at the 1932 Summer Olympics.,TRUE,TRUE,
FP_new,Jefferson_Souza_%28water_polo%29,birthDate,1908-06-06,,Jefferson Souza (June 1908 – 1 December 1992) was a Brazilian water polo player. He competed in the men's tournament at the 1932 Summer Olympics.,FALSE,FALSE,AC
FP_new,Jefferson_Souza_%28water_polo%29,birthDate,1908-06-29,,Jefferson Souza (June 1908 – 1 December 1992) was a Brazilian water polo player. He competed in the men's tournament at the 1932 Summer Olympics.,FALSE,FALSE,AC
FP_new,Jefferson_Souza_%28water_polo%29,label,Jefferson Souza,,Jefferson Souza (June 1908 – 1 December 1992) was a Brazilian water polo player. He competed in the men's tournament at the 1932 Summer Olympics.,TRUE,TRUE,
FP_new,Jefferson_Souza_%28water_polo%29,birthDate,1908-06-28,,Jefferson Souza (June 1908 – 1 December 1992) was a Brazilian water polo player. He competed in the men's tournament at the 1932 Summer Olympics.,FALSE,FALSE,AC
FN,Jes%C3%BAs_Rafael_Soto,birthName,,Jesús Rafael Soto,"Jesús Rafael Soto (June 5, 1923 – January 17, 2005) was a Venezuelan op and kinetic artist, a sculptor and a painter. His works can be found in the collections of the main museums of the world, including Tate (London), Museum Ludwig (Germany), Centre Georges Pompidou (Paris), Galleria Nazionale d’Arte Moderna (Roma) and MoMA (New York). One of the main museums of art in Venezuela, in his home town, has his name in tribute to him.",TRUE,TRUE,
FN,Jicka,birthName,,Jacques Kalaydjian,"Jacques Kalaydjian (January 1, 1926, Le Raincy, Paris, France - 15 May 2005) was a French artist of Armenian origin that was creating under the name of Jicka. During 1984-1988 he has been the author of Les Pieds Nickelés - the most popular French comics of the time. 
* v 
* t 
* e",TRUE,TRUE,
FN,Jicka,label,,Jicka,"Jacques Kalaydjian (January 1, 1926, Le Raincy, Paris, France - 15 May 2005) was a French artist of Armenian origin that was creating under the name of Jicka. During 1984-1988 he has been the author of Les Pieds Nickelés - the most popular French comics of the time. 
* v 
* t 
* e",TRUE,TRUE,
FN,Jina_Valentine,birthName,,Jina Valentine,"Jina Valentine (born November 9, 1979, in Berwyn, Pennsylvania) is a contemporary American visual artist whose work is informed by the techniques and strategies of American folk artists. She uses a variety of media to weave histories—including drawing, papermaking, found-object collage, and radical archiving.",TRUE,TRUE,
FP_new,Jo%C3%A3o_Carlos_de_Saldanha_Oliveira_e_Daun%2C_1st_Duke_of_Saldanha,label,"João Carlos Gregório Domingos Vicente Francisco de Saldanha Oliveira e Daun, 1st Duke of Saldanha",,"João Carlos Gregório Domingos Vicente Francisco de Saldanha Oliveira e Daun, 1st Duke of Saldanha, (17 November 1790 – 20 November 1876; Portuguese pronunciation: [saɫˈdɐɲɐ]) was a Portuguese marshal and statesman.",TRUE,FALSE,ICE
FP_new,Jo%C3%A3o_Carlos_de_Saldanha_Oliveira_e_Daun%2C_1st_Duke_of_Saldanha,label,João Carlos Gregório Domingos Vicente Francisco de Saldanha Oliveira e Daun,,"João Carlos Gregório Domingos Vicente Francisco de Saldanha Oliveira e Daun, 1st Duke of Saldanha, (17 November 1790 – 20 November 1876; Portuguese pronunciation: [saɫˈdɐɲɐ]) was a Portuguese marshal and statesman.",TRUE,FALSE,ICE
FP_new,Jo%C3%A3o_Carlos_de_Saldanha_Oliveira_e_Daun%2C_1st_Duke_of_Saldanha,birthName,João Carlos Gregório Domingos Vicente Francisco de Saldanha Oliveira e Daun,,"João Carlos Gregório Domingos Vicente Francisco de Saldanha Oliveira e Daun, 1st Duke of Saldanha, (17 November 1790 – 20 November 1876; Portuguese pronunciation: [saɫˈdɐɲɐ]) was a Portuguese marshal and statesman.",TRUE,TRUE,
FN,Johanna_Gadski,birthName,,Johanna Emilia Agnes Gadski,"Johanna Emilia Agnes Gadski (15 June 1872 – 22 February 1932) was a German soprano. She was blessed with a secure, powerful, ringing voice, fine musicianship and an excellent technique. These attributes enabled her to enjoy a highly successful career in New York City and London, performing heavy dramatic roles in the German and Italian repertoires.",TRUE,TRUE,
FN,John_Cavosie,birthDate,,1908-01-06,"John Cavosie (January 6, 1908 – March 16, 1995) was an American football player. He played as a fullback for the Portsmouth Spartans in the National Football League. He was active in the league from 1931-1933, having a career spanning only 3 seasons.",TRUE,TRUE,
FN,John_Cavosie,deathDate,,1995-03-16,"John Cavosie (January 6, 1908 – March 16, 1995) was an American football player. He played as a fullback for the Portsmouth Spartans in the National Football League. He was active in the league from 1931-1933, having a career spanning only 3 seasons.",TRUE,TRUE,
FN,John_Cavosie,birthYear,,1908,"John Cavosie (January 6, 1908 – March 16, 1995) was an American football player. He played as a fullback for the Portsmouth Spartans in the National Football League. He was active in the league from 1931-1933, having a career spanning only 3 seasons.",TRUE,TRUE,
FN,John_Cavosie,deathYear,,1995,"John Cavosie (January 6, 1908 – March 16, 1995) was an American football player. He played as a fullback for the Portsmouth Spartans in the National Football League. He was active in the league from 1931-1933, having a career spanning only 3 seasons.",TRUE,TRUE,
FP_new,John_Davis_%28Pennsylvania_politician%29,birthName,John Davis,,"John Davis (August 7, 1788 – April 1, 1878) was a member of the U.S. House of Representatives from Pennsylvania.",TRUE,TRUE,
FN,John_Dransfield,birthYear,,1945,"John Dransfield (born 1945) is an honorary research fellow and former head of palm research at the Royal Botanic Gardens, Kew, United Kingdom, as well as being an authority on the phylogenetic classification of palms. Dransfield has written or contributed to several books on palms, notably both the first and second editions of Genera Palmarum. The first edition was the standard reference for palm evolution and classification and the second edition, expanding on the original, is expected to achieve that same benchmark. He married Dr Soejatmi Dransfield (née Soejatmi Soenarko) in Malaysia (1977).",TRUE,TRUE,
FP_new,John_Glass_%28footballer%29,deathYear,1991,,John Shaw Glass (5 November 1908 – 1991) was a Scottish footballer who played for Kilmarnock and Dumbarton.,TRUE,TRUE,
FN,John_Knotwell,label,,John Knotwell,"William John Knotwell III (born January 24, 1978) is an American politician. He was a Republican member of the Utah House of Representatives representing District 52 from January 1, 2013 to October 26, 2019. The district includes Herriman, western Riverton, southwest South Jordan in the State of Utah. Born to American parents in Subic Bay, Republic of the Philippines, Knotwell spent most of his childhood in Southern California, near San Diego. Knotwell's father was a career United States Navy sailor who spent half his career as an enlisted sailor and half as a Commissioned Warrant Officer.",TRUE,TRUE,
FP_new,John_Knotwell,birthName,William John Knotwell III,,"William John Knotwell III (born January 24, 1978) is an American politician. He was a Republican member of the Utah House of Representatives representing District 52 from January 1, 2013 to October 26, 2019. The district includes Herriman, western Riverton, southwest South Jordan in the State of Utah. Born to American parents in Subic Bay, Republic of the Philippines, Knotwell spent most of his childhood in Southern California, near San Diego. Knotwell's father was a career United States Navy sailor who spent half his career as an enlisted sailor and half as a Commissioned Warrant Officer.",TRUE,TRUE,
FP_new,John_L%2E_Nau,birthName,John L.Nau,,"John L. Nau, III is the Chairman and CEO of Silver Eagle Beverages, one of the largest Anheuser-Busch distributors in the nation. Silver Eagle employs more than 500 employees who service a territory that includes the greater San Antonio area in Bexar County and extends over 12 additional counties in southwest Texas. Silver Eagle Beverages distributes Grupo Modelo beers, a broad selection of national and local craft beers and several non-alcohol beverages and waters.",FALSE,TRUE,
FP_new,John_L%2E_Nau,birthYear,1953,,"John L. Nau, III is the Chairman and CEO of Silver Eagle Beverages, one of the largest Anheuser-Busch distributors in the nation. Silver Eagle employs more than 500 employees who service a territory that includes the greater San Antonio area in Bexar County and extends over 12 additional counties in southwest Texas. Silver Eagle Beverages distributes Grupo Modelo beers, a broad selection of national and local craft beers and several non-alcohol beverages and waters.",FALSE,FALSE,FH
FN,John_Richards_Lapenoti%C3%A8re,birthYear,,1770,"Captain John Richards Lapenotière (1770 – 19 January 1834) was a British Royal Navy officer who, as a lieutenant commanding the tiny topsail schooner HMS Pickle, observed the Battle of Trafalgar on 21 October 1805, participated in the rescue operations which followed it and then carried the dispatches of the victory and the death of Admiral Nelson to Britain.",TRUE,TRUE,
FP_new,John_Richards_Lapenoti%C3%A8re,birthDate,1770-10-70,,"Captain John Richards Lapenotière (1770 – 19 January 1834) was a British Royal Navy officer who, as a lieutenant commanding the tiny topsail schooner HMS Pickle, observed the Battle of Trafalgar on 21 October 1805, participated in the rescue operations which followed it and then carried the dispatches of the victory and the death of Admiral Nelson to Britain.",FALSE,FALSE,AC
FN,John_William_Polidori,birthName,,John William Polidori,"John William Polidori (7 September 1795 – 24 August 1821) was a British writer and physician. He is known for his associations with the Romantic movement and credited by some as the creator of the vampire genre of fantasy fiction. His most successful work was the short story ""The Vampyre"" (1819), the first published modern vampire story. Although the story was at first erroneously credited to Lord Byron, both Byron and Polidori affirmed that the author was Polidori.",TRUE,TRUE,
FN,Johnston_Knox_Corbett,birthDate,,1861-06-20,"Johnston Knox Corbett (June 20, 1861 – April 22, 1934) was elected to two one year terms as mayor of Tucson, Arizona. He served from January 1915 to January 1917.",TRUE,TRUE,
FN,Johnston_Knox_Corbett,deathDate,,1934-04-22,"Johnston Knox Corbett (June 20, 1861 – April 22, 1934) was elected to two one year terms as mayor of Tucson, Arizona. He served from January 1915 to January 1917.",TRUE,TRUE,
FN,Johnston_Knox_Corbett,birthYear,,1861,"Johnston Knox Corbett (June 20, 1861 – April 22, 1934) was elected to two one year terms as mayor of Tucson, Arizona. He served from January 1915 to January 1917.",TRUE,TRUE,
FN,Johnston_Knox_Corbett,deathYear,,1934,"Johnston Knox Corbett (June 20, 1861 – April 22, 1934) was elected to two one year terms as mayor of Tucson, Arizona. He served from January 1915 to January 1917.",TRUE,TRUE,
FN,Jos%C3%A9_B%C3%B3dalo,birthName,,José Bódalo Zúffoli,"José Bódalo Zúffoli (March 24, 1916 – July 24, 1985) was an Argentine born Spanish film actor.",TRUE,TRUE,
FP_different,Jos%C3%A9_B%C3%B3dalo,label,José Bódalo Zúffoli,José Bódalo,"José Bódalo Zúffoli (March 24, 1916 – July 24, 1985) was an Argentine born Spanish film actor.",TRUE,TRUE,
FN,Jos%C3%A9_Luis_Manzano,birthName,,José Luis Manzano,"José Luis Manzano (born March 9, 1956) is an Argentine businessman and former politician. He is currently a partner in the second largest multimedia group in his country, Grupo América, and has investments in several economic sectors, including energy, wine, and clothing. During his time in Argentine politics, Manzano was known as a power broker and negotiator and one of the architects of the success of the Menem government.",TRUE,TRUE,
FN,Josh_Whidborne,birthDate,,1989-09-18,"Josh Whidborne (born 18 September 1989) is an English ice dancer who represents Great Britain. With his partner Charlotte Aiken, he is the 2012 Ondrej Nepela Memorial bronze medalist and 2012 British national silver medalist.",TRUE,TRUE,
FN,Josh_Whidborne,birthYear,,1989,"Josh Whidborne (born 18 September 1989) is an English ice dancer who represents Great Britain. With his partner Charlotte Aiken, he is the 2012 Ondrej Nepela Memorial bronze medalist and 2012 British national silver medalist.",TRUE,TRUE,
FP_new,Juan_C%C3%A1mara,label,Juan del Carmen Cámara Mesa,,Juan del Carmen Cámara Mesa (Spanish pronunciation: [ˈxuaŋ ˈkamaɾa]; born 13 February 1994) is a Spanish professional footballer who plays as a winger for Polish club Jagiellonia Białystok.,TRUE,FALSE,LCE
FN,Jules_Hochet,birthName,,Jules Louis Hochet,Jules Louis Hochet (17 March 1813 – 2 April 1867) was a French industrialist who managed an iron foundry and a railway line in the south of France.,TRUE,TRUE,
FN,Kainaat_Arora,birthName,,Kainaat Arora,"Kainaat Arora (born 2 December 1986) is an Indian actress who made her debut in the Bollywood 100 crore blockbuster comedy film Grand Masti as Marlow. She also appeared in Mankatha and Khatta Meetha, and sang in Malayalam films.",TRUE,TRUE,
FN,Kamta_Prasad_Guru,birthYear,,1875,Kamta Prasad Guru (1875 – 16 November 1947) was an expert on grammar of Hindi language. He was the author of the book Hindi vyakarana. He was born in Sagar in Madhya Pradesh state in India. His Hindi grammar book has been translated into many foreign languages. Kamta Prasad Guru died in Jabalpur. The Government of India issued a commemorative stamp in his honour in 1977.,TRUE,TRUE,
FN,Kamta_Prasad_Guru,deathDate,,1947-11-16,Kamta Prasad Guru (1875 – 16 November 1947) was an expert on grammar of Hindi language. He was the author of the book Hindi vyakarana. He was born in Sagar in Madhya Pradesh state in India. His Hindi grammar book has been translated into many foreign languages. Kamta Prasad Guru died in Jabalpur. The Government of India issued a commemorative stamp in his honour in 1977.,TRUE,TRUE,
FN,Kamta_Prasad_Guru,deathYear,,1947,Kamta Prasad Guru (1875 – 16 November 1947) was an expert on grammar of Hindi language. He was the author of the book Hindi vyakarana. He was born in Sagar in Madhya Pradesh state in India. His Hindi grammar book has been translated into many foreign languages. Kamta Prasad Guru died in Jabalpur. The Government of India issued a commemorative stamp in his honour in 1977.,TRUE,TRUE,
FP_new,Kamta_Prasad_Guru,birthDate,1875-11-16,,Kamta Prasad Guru (1875 – 16 November 1947) was an expert on grammar of Hindi language. He was the author of the book Hindi vyakarana. He was born in Sagar in Madhya Pradesh state in India. His Hindi grammar book has been translated into many foreign languages. Kamta Prasad Guru died in Jabalpur. The Government of India issued a commemorative stamp in his honour in 1977.,FALSE,FALSE,AC
FN,Karloff_Lagarde,label,,Karloff Lagarde,"Carlos Delucio Lagarde (July 27, 1928 – August 31, 2007) is best known as Karloff Lagarde, a Mexican Luchador, or professional wrestler, who was immensely popular during the 1960s and 1970s. Through his career had faced most of Mexico's top stars of the 1950s, 1960s and 1970s including lucha libre legends such as El Santo, El Solitario, Mil Máscaras, Black Shadow, Huracán Ramírez, Gory Guerrero, Ray Mendoza and Perro Aguayo. He was known as the ""king of the Welterweight"" due to him holding the Mexican National Welterweight Championship four times and the NWA World Welterweight Championship three times in his career. Lagarde teamed up with René Guajardo to form a tag team known as Los Rebeldes, considered to be one of the top five tag teams in Lucha libre history.",TRUE,TRUE,
FN,Karloff_Lagarde,birthName,,Carlos Delucio Lagarde,"Carlos Delucio Lagarde (July 27, 1928 – August 31, 2007) is best known as Karloff Lagarde, a Mexican Luchador, or professional wrestler, who was immensely popular during the 1960s and 1970s. Through his career had faced most of Mexico's top stars of the 1950s, 1960s and 1970s including lucha libre legends such as El Santo, El Solitario, Mil Máscaras, Black Shadow, Huracán Ramírez, Gory Guerrero, Ray Mendoza and Perro Aguayo. He was known as the ""king of the Welterweight"" due to him holding the Mexican National Welterweight Championship four times and the NWA World Welterweight Championship three times in his career. Lagarde teamed up with René Guajardo to form a tag team known as Los Rebeldes, considered to be one of the top five tag teams in Lucha libre history.",TRUE,TRUE,
FP_new,Katie_Ghose,birthDate,1970-07-21,,"Katie Sushila Ratna Ghose (born July 1970) is a British charity chief executive and campaigner. In September 2019 she was appointed chief executive of KIDS, a national charity for disabled children and young people. She was previously Chief Executive of the Women's Aid Federation of England and the Electoral Reform Society.",FALSE,FALSE,AC
FN,Katie_Ghose,birthName,,Katie Sushila Ratna Ghose,"Katie Sushila Ratna Ghose (born July 1970) is a British charity chief executive and campaigner. In September 2019 she was appointed chief executive of KIDS, a national charity for disabled children and young people. She was previously Chief Executive of the Women's Aid Federation of England and the Electoral Reform Society.",TRUE,TRUE,
FP_new,Katie_Ghose,birthDate,1970-07-1970,,"Katie Sushila Ratna Ghose (born July 1970) is a British charity chief executive and campaigner. In September 2019 she was appointed chief executive of KIDS, a national charity for disabled children and young people. She was previously Chief Executive of the Women's Aid Federation of England and the Electoral Reform Society.",FALSE,FALSE,IAC
FP_new,Katie_Ghose,birthDate,1970-07-70,,"Katie Sushila Ratna Ghose (born July 1970) is a British charity chief executive and campaigner. In September 2019 she was appointed chief executive of KIDS, a national charity for disabled children and young people. She was previously Chief Executive of the Women's Aid Federation of England and the Electoral Reform Society.",FALSE,FALSE,IAC
FP_new,Katie_Ghose,birthDate,1970-07-07,,"Katie Sushila Ratna Ghose (born July 1970) is a British charity chief executive and campaigner. In September 2019 she was appointed chief executive of KIDS, a national charity for disabled children and young people. She was previously Chief Executive of the Women's Aid Federation of England and the Electoral Reform Society.",FALSE,FALSE,IAC
FP_different,Kazuto_Ishido,label,Kazuto Kazuto,Kazuto Ishido,"Kazuto Ishido (石堂和人, Ishido Kazuto, born 1 April 1982) is a retired Japanese footballer who played for Fukushima United as a midfielder.",TRUE,FALSE,SG
FP_new,Kim_Kuk-hyang_%28diver%29,label,Kim Kuk-hyang,,"Kim Kuk-hyang (Korean pronunciation: [kim.ɡu.kʰjaŋ] or [kim] [ku.kʰjaŋ]; born 4 April 1999) is a North Korean diver. Her main event is 10m platform. At the 2015 World Aquatics Championships, she became the first world champion in Team North Korea after winning the gold medal of women's 10m platform.",TRUE,TRUE,
FN,Kim_Kyung-ju,birthName,,Kim Kyung Ju,"Kim Kyung Ju (born July 14, 1976) is a South Korean poet and performance artist.",TRUE,TRUE,
FP_different,KJ_Apa,birthName,KJ James Fitzgerald Apa,Savae Keneti James Fitzgerald Apa,"Savae Keneti James Fitzgerald Apa, Moata'a (born 17 June 1997) is a New Zealand actor, singer and musician. He has received various accolades, including a Saturn Award and nominations for an MTV Movie & TV Award, two People's Choice Awards and two Teen Choice Awards, and was appointed the matai title of Savae chief of his village Moata'a in 2022.",FALSE,FALSE,WV
FN,KJ_Apa,birthName,,Savae Keneti James Fitzgerald Apa,"Savae Keneti James Fitzgerald Apa, Moata'a (born 17 June 1997) is a New Zealand actor, singer and musician. He has received various accolades, including a Saturn Award and nominations for an MTV Movie & TV Award, two People's Choice Awards and two Teen Choice Awards, and was appointed the matai title of Savae chief of his village Moata'a in 2022.",TRUE,TRUE,
FN,Koutoub_Moustapha_Sano,birthName,,Koutoub Moustapha Sano,"Koutoub Moustapha Sano (born April 10, 1966) is a politician and academic from Guinea. He served as minister of the office of the president of Guinea and diplomatic advisor to the president. He holds a doctorate in law.",TRUE,TRUE,
FN,Kurt_Morath,birthDate,,1984-11-13,"Kurt Morath (born 13 November 1984) is a New Zealand-born Tongan rugby union player who plays at fly-half. He currently plays for the Austin Gilgronis in Major League Rugby (MLR). He previously played for Doncaster Knights in RFU Championship Morath was part of the Tonga squad at the 2011, 2015 and 2019 Rugby World Cup.",TRUE,TRUE,
FN,Kurt_Morath,birthYear,,1984,"Kurt Morath (born 13 November 1984) is a New Zealand-born Tongan rugby union player who plays at fly-half. He currently plays for the Austin Gilgronis in Major League Rugby (MLR). He previously played for Doncaster Knights in RFU Championship Morath was part of the Tonga squad at the 2011, 2015 and 2019 Rugby World Cup.",TRUE,TRUE,
FN,Lance_Barber,birthName,,Lance Barber,"Lance Barber (born June 29, 1973) is an American actor. He is best known for playing George Cooper, Sr. on the CBS sitcom Young Sheldon (2017–present), as well as Bill Ponderosa on the FX show It's Always Sunny in Philadelphia.",TRUE,TRUE,
FN,Lee_Greenwood,birthName,,Melvin Lee Greenwood,"Melvin Lee Greenwood (born October 27, 1942) is an American country music singer-songwriter. He also plays the saxophone. Active since 1962, he has released more than 20 major-label albums and has charted more than 35 singles on the Billboard country music charts.",TRUE,TRUE,
FN,Len_Meltzer,birthYear,,1930,Len Meltzer (born c. 1930) is a former Canadian football player who played for the Winnipeg Blue Bombers and BC Lions.,TRUE,TRUE,
FN,Li_Jiahang,birthName,,Lǐ Jiāháng,"Li Jiahang (Chinese: 李佳航; pinyin: Lǐ Jiāháng; born March 8, 1987) is a Chinese actor.",TRUE,TRUE,
FN,Lina_Trivedi,birthName,,Lina Trivedi,"Lina Trivedi (born June 11, 1973) is an American entrepreneur, author, educator and civil servant. Her most noted writing credit is for authoring the first 136 poems of Beanie Babies. She is also credited for directing the world's first business to consumer Web site, which she did for Ty Inc., manufacturer of Beanie Babies. She is referred to as the woman who gave birth to the Internet and invented E-commerce. In effect, Beanie Babies evolved to become the world's first Internet sensation and Ty Warner became a billionaire.",TRUE,TRUE,
FN,Lorenz_Jaeger,birthName,,Lorenz Jaeger,"Lorenz Jaeger (23 September 1892 – 1 April 1975) was a German cardinal of the Roman Catholic Church, who served as Archbishop of Paderborn from 1941 to 1973, and was elevated to the cardinalate in 1965.",TRUE,TRUE,
FN,Louis_Sve%C4%87enski,birthName,,Ljudevit Kohn,"Louis Svećenski (Croatian: Ljudevit ""Lujo"" Svećenski, born Ljudevit Kohn; November 7, 1862 – June 18, 1926) was notable Croatian - American violist - violinist and rector of the Boston Academy of Music. Svećenski is credited with the erection of Osijek memorial plaque in 1895, for his friend Franjo Krežma. He stayed in touch with his hometown and family until the day he died on June 18, 1926.",TRUE,TRUE,
FN,Louis_Sve%C4%87enski,deathDate,,1926-06-18,"Louis Svećenski (Croatian: Ljudevit ""Lujo"" Svećenski, born Ljudevit Kohn; November 7, 1862 – June 18, 1926) was notable Croatian - American violist - violinist and rector of the Boston Academy of Music. Svećenski is credited with the erection of Osijek memorial plaque in 1895, for his friend Franjo Krežma. He stayed in touch with his hometown and family until the day he died on June 18, 1926.",TRUE,TRUE,
FN,Louis_Sve%C4%87enski,deathYear,,1926,"Louis Svećenski (Croatian: Ljudevit ""Lujo"" Svećenski, born Ljudevit Kohn; November 7, 1862 – June 18, 1926) was notable Croatian - American violist - violinist and rector of the Boston Academy of Music. Svećenski is credited with the erection of Osijek memorial plaque in 1895, for his friend Franjo Krežma. He stayed in touch with his hometown and family until the day he died on June 18, 1926.",TRUE,TRUE,
FP_new,Lowell_S%2E_Hawley,birthDate,1908-09-20,,Lowell S. Hawley (20 September 1908 - 6 May 2003) was an American writer.,FALSE,TRUE,
FP_new,Lowell_S%2E_Hawley,deathDate,2003-05-06,,Lowell S. Hawley (20 September 1908 - 6 May 2003) was an American writer.,FALSE,TRUE,
FP_different,Maggie_Flecknoe,birthName,Margaret Kathryn Flecknoe,Marguerite Kathryn Flecknoe,"Marguerite Kathryn Flecknoe is an American voice actress, radio personality, television host and producer.",FALSE,FALSE,WV
FN,Maggie_Flecknoe,label,,Maggie Flecknoe,"Marguerite Kathryn Flecknoe is an American voice actress, radio personality, television host and producer.",TRUE,TRUE,
FP_new,Maggie_Flecknoe,birthYear,1944,,"Marguerite Kathryn Flecknoe is an American voice actress, radio personality, television host and producer.",FALSE,FALSE,FH
FN,Manuel_Palaiologos,deathYear,,1513,"Manuel Palaiologos or Palaeologus (Greek: Μανουήλ Παλαιολόγος, romanized: Manouēl Palaiologos; 2 January 1455 – before 1513) was the youngest son of Thomas Palaiologos, a brother of Constantine XI Palaiologos, the final Byzantine emperor. Thomas took Manuel and the rest of his family to Corfu after the Fall of Constantinople in 1453 and the subsequent Ottoman invasion of the Morea in 1460. After Thomas's death in 1465, the children moved to Rome, where they were initially taken care of by Cardinal Bessarion and were provided with money and housing by the papacy.",TRUE,TRUE,
FP_new,Manuel_Palaiologos,deathDate,1513-15-13,,"Manuel Palaiologos or Palaeologus (Greek: Μανουήλ Παλαιολόγος, romanized: Manouēl Palaiologos; 2 January 1455 – before 1513) was the youngest son of Thomas Palaiologos, a brother of Constantine XI Palaiologos, the final Byzantine emperor. Thomas took Manuel and the rest of his family to Corfu after the Fall of Constantinople in 1453 and the subsequent Ottoman invasion of the Morea in 1460. After Thomas's death in 1465, the children moved to Rome, where they were initially taken care of by Cardinal Bessarion and were provided with money and housing by the papacy.",FALSE,FALSE,IAC
FN,Mar%C3%ADa_Conesa,alias,,La Gatita Blanca,"María Conesa, also known as La Gatita Blanca (The White Kitten) (December 12, 1892 – September 9, 1978), was a Spanish-born Mexican stage, television, film actress and vedette. She was one of the principal stars of the Revue and Vaudeville in México and Latin America in the early 20th century.",TRUE,TRUE,
FN,Mar%C3%ADa_Conesa,birthName,,María Conesa,"María Conesa, also known as La Gatita Blanca (The White Kitten) (December 12, 1892 – September 9, 1978), was a Spanish-born Mexican stage, television, film actress and vedette. She was one of the principal stars of the Revue and Vaudeville in México and Latin America in the early 20th century.",TRUE,TRUE,
FP_new,Mar%C3%ADa_Guillermina_Valdes_Villalva,birthName,María Guillermina,,"María Guillermina (Guille) Valdes Villalva (also known as Guillermina Valdez de Villalva or Villalba, December 15, 1939 – September 11, 1991) was a Chicana scholar and activist born in El Paso, Texas. She was considered an ""authority"" and ""pioneer"" on researching United States-Mexico border issues and had a ""lifelong commitment to social justice.""",TRUE,TRUE,
FP_new,Margo_%28singer%29,birthName,Margaret Catherine O'Donnell,,Margo (born Margaret Catherine O'Donnell; 6 February 1951) is an Irish singer. She rose to prominence during the 1960s in the Irish country music scene and has had a long career since.,TRUE,TRUE,
FN,Marilyn_McIntyre,birthName,,Marilyn McIntyre,"Marilyn McIntyre (born May 23, 1949) is an American television and film actress.",TRUE,TRUE,
FP_new,Marina_Ladynina,birthDate,1908-06-24,,"Marina Alekseyevna Ladynina (Russian: Мари́на Алексе́евна Лады́нина; June 24 [o.s. 11], 1908 in Skotinino, Smolensk, Russian Empire – March 10, 2003 in Moscow, Russian Federation) was a popular Soviet film and theatre actress, best remembered for her leading roles in Tractor Drivers (1939), The Swine Girl and the Shepherd (1941), Six O'Clock after the War is Over (1944), Ballad of Siberia (1947) and Cossacks of the Kuban (1949), all directed by her husband Ivan Pyryev. In 1950 Ladynina was honoured with the People's Artist of the USSR title. She was a five-times Stalin Prize laureate.",FALSE,TRUE,
FP_different,Mario_Martos,label,Mario Martos Serrano,Mario Martos,Mario Martos Serrano (born 14 November 1991) is a Spanish footballer who plays as a forward for UD Ciudad de Torredonjimeno.,TRUE,FALSE,LCE
FN,Mark_Gasson,birthName,,Mark N.Gasson,"Mark N. Gasson is a British scientist and visiting research fellow at the Cybernetics Research Group, University of Reading, UK. He pioneered developments in direct neural interfaces between computer systems and the human nervous system, has developed brain–computer interfaces and is active in the research fields of human microchip implants, medical devices and digital identity. He is known for his experiments transmitting a computer virus into a human implant, and is credited with being the first human infected with a computer virus. He is currently based in Los Angeles, California.",FALSE,TRUE,
FP_new,Mark_Gasson,birthYear,1957,,"Mark N. Gasson is a British scientist and visiting research fellow at the Cybernetics Research Group, University of Reading, UK. He pioneered developments in direct neural interfaces between computer systems and the human nervous system, has developed brain–computer interfaces and is active in the research fields of human microchip implants, medical devices and digital identity. He is known for his experiments transmitting a computer virus into a human implant, and is credited with being the first human infected with a computer virus. He is currently based in Los Angeles, California.",FALSE,FALSE,FH
FN,Mary_Cockburn_Mercer,birthYear,,1882,"Mary Cockburn Mercer (1882–1963), was an Australian painter. She spent the 1920s and 1930s in Europe, and the 1940s in Melbourne, Australia. Her final years were spent in France. She exhibited with the Contemporary Art Society in Australia.",TRUE,TRUE,
FN,Mary_Cockburn_Mercer,deathYear,,1963,"Mary Cockburn Mercer (1882–1963), was an Australian painter. She spent the 1920s and 1930s in Europe, and the 1940s in Melbourne, Australia. Her final years were spent in France. She exhibited with the Contemporary Art Society in Australia.",TRUE,TRUE,
FP_new,Mary_Hamilton_%28politician%29,birthName,Mary Agnes Hamilton,,"Mary Agnes Hamilton (née Adamson, 8 July 1882 – 10 February 1966) was a writer, journalist, broadcaster, civil servant, and the Labour Member of Parliament for Blackburn from 1929 to 1931.",TRUE,TRUE,
FN,Mashiho_Chiri,birthName,,Mashiho Chiri,"Mashiho Chiri (Japanese: 知里 真志保) (February 24, 1909 – June 9, 1961) was an Ainu linguist and anthropologist. He was best known for creating Ainu-Japanese dictionaries.",TRUE,TRUE,
FN,Masud_Pathik,birthName,,Masud Pathik,"Masud Pathik (born 1 August 1979) is a Bangladeshi filmmaker, poet and lyricist. His feature films Nekabborer Mohaproyan (2014) won seven and Maya: The Lost Mother (2019) won eight Bangladesh National Film Awards. Individually, he won the Best Lyrics and Best Story awards. For his poetry, he won the 2013 HSBC Kali O Kalam award for his poem Ekaki Jomin.",TRUE,TRUE,
FN,Matar_Al_Harthi,birthYear,,1948,Matar Al Harthi (born 1948) is a Saudi Arabian sport shooter. He competed in the 1988 Summer Olympics.,TRUE,TRUE,
FN,Mel_King,birthName,,Melvin Herbert King,"Melvin Herbert King (born 20 October 1928) is an American politician, community organizer, and educator, who holds the position of Senior Lecturer Emeritus at the Massachusetts Institute of Technology in their Department of Urban Studies and Planning. In 1973, King was elected as a member of the Massachusetts House of Representatives' 9th Suffolk district, a post he held until early 1983. King was the runner-up in the 1983 Boston mayoral election, against Raymond Flynn.",TRUE,TRUE,
FP_different,Mel_King,birthName,Mel Herbert King,Melvin Herbert King,"Melvin Herbert King (born 20 October 1928) is an American politician, community organizer, and educator, who holds the position of Senior Lecturer Emeritus at the Massachusetts Institute of Technology in their Department of Urban Studies and Planning. In 1973, King was elected as a member of the Massachusetts House of Representatives' 9th Suffolk district, a post he held until early 1983. King was the runner-up in the 1983 Boston mayoral election, against Raymond Flynn.",FALSE,FALSE,ICE
FN,Melvin_Frank,birthName,,Melvin Frank,"Melvin Frank (13 August 1913 – 13 October 1988) was an American screenwriter, film producer and film director. He is known for his partnership with Norman Panama and their work on films such as Mr. Blandings Builds His Dream House (1948), White Christmas (1954), and The Court Jester (1956). He also directed films such as Buona Sera, Mrs. Campbell and A Touch of Class (1973).",TRUE,TRUE,
FN,Micha%C5%82_Go%C5%82%82%C4%99biowski,birthName,,Michał Gołębiowski,,,,
FN,Micha%C5%82_Go%C5%82%C4%99biowski,birthName,,Michał Gołębiowski,"Michał Gołębiowski (born January 6, 1989) is a Polish writer, essayist, translator and scholar who works on history of literature and literary theory, born in Nowy Targ, Podhale. He studied at Jagiellonian University in Kraków, and wrote his doctoral thesis about ""the Patristic influences on Renaissance and Baroque religious ideas"". In 2016-2017, he was a holder of scholarship from the Ministry of Science and Higher Education. He describes himself as a Roman Catholic.",TRUE,TRUE,
FP_new,Michael_A%2E_Kelen,birthName,Michael A.Kelen,,"Michael A. Kelen (born October 17, 1948) is a former Canadian judge. He served on the Federal Court of Canada from 2001 until his retirement in 2012.",FALSE,TRUE,
FN,Michael_McCloud,birthYear,,1947,"Michael McCloud (born 1947) is the stage name of Michael Snyder, an American folk singer and songwriter who regularly performs at the in Key West, Florida.His album Ain't Life Grand features the lead guitar playing of the late ""Doctor"" George Turner.He gained national attention after filing a formal complaint for copyright infringement against country music star Toby Keith in 2006. McCloud claimed that Keith's 2003 hit song ""I Love This Bar"" was copied largely from McCloud's work, ""Tourist Town Bar."" In 2009, McCloud released volumes 1 and 2 of his CD, Live As I Can Be.",TRUE,TRUE,
FN,Michelle_Kline,birthName,,Michelle Lynn Kline,"Michelle Lynn Kline (born 8 November 1968) is a former American female speed skater. She competed at the 1992 Winter Olympics and 1994 Winter Olympics representing United States. Just prior to the 1992 Winter Olympics (which was also her first Olympic event), she met with an accident in 1991 causing severe major injuries to her ribs and lungs along with other members when they were engaged in a trip from Chicago to Milwaukee. However, she recovered from the major injuries and was able to participate at the 1992 Winter Olympics.",TRUE,TRUE,
FN,Mika_Kanai,birthName,,Mika Kanai,"Mika Kanai (かない みか, Kanai Mika, born March 18, 1964) is a Japanese voice actress and singer. She is attached to Ken Production. She is best known for her roles in Idol Tenshi Yokoso Yoko (as Yoko Tanaka), Tanoshii Moomin Ikka (as the Snork Maiden), Goldfish Warning! (as Wapiko), Soreike! Anpanman (as Melonpanna), Yadamon (as Yadamon), After War Gundam X (as Tiffa Adill), Hare Tokidoki Buta (as Harebuta), Galaxy Angel (as Vanilla H and Normad), Higurashi When They Cry (as Satoko Hōjō), Tales of Phantasia (as Arche Klein), Uchi no 3 Shimai (as Sū), Sailor Moon S (as Mimet), Mysterious Theft Saint Tail (as Maju Sendo). She is currently the voice of Jigglypuff in the Pokémon and Super Smash Bros. series. She freelanced for the voice of Bonnie, also from the Pokémon series when her regular voic",TRUE,TRUE,
FP_new,Mike_Kelly_%28Pennsylvania_politician%29,birthName,George Joseph,,"George Joseph ""Mike"" Kelly Jr. (born May 10, 1948) is an American politician and businessman who has been a U.S. representative since 2011 and is currently serving as representative for Pennsylvania's 16th congressional district. The district, numbered as the 3rd district from 2011 to 2019, is based in Erie and stretches from the northwest corner of the state to the outer northern suburbs of Pittsburgh.",TRUE,TRUE,
FN,Mikhail_Akimov,birthName,,Mikhail Grigoroevich Akimov,"Mikhail Grigoroevich Akimov (1847–1915) was a Russian politician. After graduating from the University of Moscow, he entered the Ministry of Justice. He served as an Assistant Public Prosecutor in Kiev in 1881. It is known that he was on the roster of Senators in December 1905, because the Chairman of the Council of Ministers, Sergei Witte, chose him to be the successor of Sergey Manukhin from that list. He served as Minister of Justice in the Witte government for the remainder of Witte's tenure (April 1906). He was appointed to the Imperial State Council in 1906. He was eventually chosen as the Chairman of the Imperial State Council.",TRUE,TRUE,
FN,Mohammad_Gul_Khan_Momand,birthDate,,1885-01-17,"Mohammad Gul Khan Momand (Pashto: محمد ګل خان مومند) (born January 17, 1885 – died August 18, 1964), also spelled as Mohmand, was both a literary figure and a well-known politician in Afghanistan. He was also known as Wazir Mohammad Gul Khan Momand or Momand Baba. Mohammad Gul Khan was an Army Officer during Afghanistan's Independence war in 1919. He served numerous Government and Leadership positions including Home Minister of Afghanistan.",TRUE,TRUE,
FN,Mohammad_Gul_Khan_Momand,deathDate,,1964-08-18,"Mohammad Gul Khan Momand (Pashto: محمد ګل خان مومند) (born January 17, 1885 – died August 18, 1964), also spelled as Mohmand, was both a literary figure and a well-known politician in Afghanistan. He was also known as Wazir Mohammad Gul Khan Momand or Momand Baba. Mohammad Gul Khan was an Army Officer during Afghanistan's Independence war in 1919. He served numerous Government and Leadership positions including Home Minister of Afghanistan.",TRUE,TRUE,
FN,Mohammad_Gul_Khan_Momand,birthYear,,1885,"Mohammad Gul Khan Momand (Pashto: محمد ګل خان مومند) (born January 17, 1885 – died August 18, 1964), also spelled as Mohmand, was both a literary figure and a well-known politician in Afghanistan. He was also known as Wazir Mohammad Gul Khan Momand or Momand Baba. Mohammad Gul Khan was an Army Officer during Afghanistan's Independence war in 1919. He served numerous Government and Leadership positions including Home Minister of Afghanistan.",TRUE,TRUE,
FN,Mohammad_Gul_Khan_Momand,deathYear,,1964,"Mohammad Gul Khan Momand (Pashto: محمد ګل خان مومند) (born January 17, 1885 – died August 18, 1964), also spelled as Mohmand, was both a literary figure and a well-known politician in Afghanistan. He was also known as Wazir Mohammad Gul Khan Momand or Momand Baba. Mohammad Gul Khan was an Army Officer during Afghanistan's Independence war in 1919. He served numerous Government and Leadership positions including Home Minister of Afghanistan.",TRUE,TRUE,
FN,Moissaye_Boguslawski,birthDate,,1887-11-01,"Moissaye Boguslawski (November 1, 1887 – August 30, 1944) was an American pianist, composer, editor and teacher. Sometimes known as Bogie.",TRUE,TRUE,
FN,Moissaye_Boguslawski,deathDate,,1944-08-30,"Moissaye Boguslawski (November 1, 1887 – August 30, 1944) was an American pianist, composer, editor and teacher. Sometimes known as Bogie.",TRUE,TRUE,
FN,Moissaye_Boguslawski,birthYear,,1887,"Moissaye Boguslawski (November 1, 1887 – August 30, 1944) was an American pianist, composer, editor and teacher. Sometimes known as Bogie.",TRUE,TRUE,
FN,Moissaye_Boguslawski,deathYear,,1944,"Moissaye Boguslawski (November 1, 1887 – August 30, 1944) was an American pianist, composer, editor and teacher. Sometimes known as Bogie.",TRUE,TRUE,
FP_new,Muhammad_Yousuf_%28politician%29,birthName,Qari Muhammad Yousaf,,"Qari Muhammad Yousaf (born 1 January 1952) is a Pakistani politician who had been a member of the National Assembly of Pakistan, from June 2013 to May 2018. Previously, he had been a member of the National Assembly from 2002 to 2007.",TRUE,TRUE,
FN,Munawar_Sultana,birthName,,Munawar Sultana,"Munawar Sultana (8 November 1924 – 15 September 2007) was an Indian cinema actress, who acted in Hindi films. She is cited as one of the ""popular"" actresses of the late 1940s to early 1950s period, along with Noor Jehan, Swarnalata and Ragini. Her specialty was playing a selfless woman, enduring the rough treatment meted by her husband and family, but who eventually ""brought her erring husband back home"".",TRUE,TRUE,
FN,Nettie_Stevens,birthName,,Nettie Maria Stevens,"Nettie Maria Stevens (July 7, 1861 – May 4, 1912) was an American geneticist who discovered sex chromosomes. In 1905, soon after the rediscovery of Mendel's paper on genetics in 1900, she observed that male mealworms produced two kinds of sperm, one with a large chromosome and one with a small chromosome. When the sperm with the large chromosome fertilized eggs, they produced female offspring, and when the sperm with the small chromosome fertilized eggs, they produced male offspring. The pair of sex chromosomes that she studied later became known as the X and Y chromosomes.",TRUE,TRUE,
FN,Nicholas_Biwott,birthName,,Nicholas Kipyator Kiprono arap Biwott,"Nicholas Kipyator Kiprono arap Biwott (1940 – 11 July 2017) was a Kenyan businessman, politician and philanthropist. Biwott served as a civil servant, Member of Parliament and government minister, during which time he held eight senior ministerial positions during the presidency of Daniel arap Moi.",TRUE,TRUE,
FP_different,Nicholas_Biwott,birthName,Nicholas Kiprono arap Biwott,Nicholas Kipyator Kiprono arap Biwott,"Nicholas Kipyator Kiprono arap Biwott (1940 – 11 July 2017) was a Kenyan businessman, politician and philanthropist. Biwott served as a civil servant, Member of Parliament and government minister, during which time he held eight senior ministerial positions during the presidency of Daniel arap Moi.",FALSE,FALSE,ICE
FP_new,Nicholas_Biwott,birthDate,1940-07-11,,"Nicholas Kipyator Kiprono arap Biwott (1940 – 11 July 2017) was a Kenyan businessman, politician and philanthropist. Biwott served as a civil servant, Member of Parliament and government minister, during which time he held eight senior ministerial positions during the presidency of Daniel arap Moi.",FALSE,FALSE,MCE
FN,Nina_Etkin,birthName,,Nina Lilian Etkin,"Nina Lilian Etkin (June 13, 1948 – January 26, 2009) was an anthropologist and biologist. Etkin was noted for her work in medical anthropology, ethnobiology, and ethnopharmacology. She studied the relation between food and health for over thirty years. Her work involved complementary and alternative medicines for prevention and treatment in Hawai‘i; the use of ethnomedicines in Indonesia; and health issues in Nigeria. She won numerous grants and awards from national and international agencies and published several books as well as over 80 professional articles in peer reviewed journals.",TRUE,TRUE,
FN,Noa_Raviv,birthYear,,1987,"Noa Raviv (born 1987) is an Israeli fashion designer known for her use of grid patterns and employment of 3D printing in her work. She attended Shenkar College of Engineering and Design, graduating in 2014. She collaborated with the tech printing firm Stratasys on two pieces which were exhibited in 2016 in the exhibition Manus X Machina at the Anna Wintour Costume Center in New York City at the Metropolitan Museum of Art. Raviv's work has been as described as manifesting the aesthetic phenomenon of hypertexture.",TRUE,TRUE,
FN,Onursal_Uraz,birthYear,,1944,Onursal Uraz (born 1944) is a Turkish footballer. He played in four matches for the Turkey national football team from 1965 to 1966.,TRUE,TRUE,
FP_new,Orn-anong_Panyawong,label,Orn-anong,,"Orn-anong (Thai: อรอนงค์ จิตรสุททร), nicknamed Orn (Thai: อร) (born December 27, 1972 in Chiang Mai, Thailand) is Miss Thailand 1992. She competed in Miss Universe 1992 pageant competition held in Thailand.",TRUE,TRUE,
FN,Orn-anong_Panyawong,birthName,,Orn-anong,"Orn-anong (Thai: อรอนงค์ จิตรสุททร), nicknamed Orn (Thai: อร) (born December 27, 1972 in Chiang Mai, Thailand) is Miss Thailand 1992. She competed in Miss Universe 1992 pageant competition held in Thailand.",TRUE,TRUE,
FN,Orn-anong_Panyawong,birthDate,,1972-12-27,"Orn-anong (Thai: อรอนงค์ จิตรสุททร), nicknamed Orn (Thai: อร) (born December 27, 1972 in Chiang Mai, Thailand) is Miss Thailand 1992. She competed in Miss Universe 1992 pageant competition held in Thailand.",TRUE,TRUE,
FN,Orn-anong_Panyawong,birthYear,,1972,"Orn-anong (Thai: อรอนงค์ จิตรสุททร), nicknamed Orn (Thai: อร) (born December 27, 1972 in Chiang Mai, Thailand) is Miss Thailand 1992. She competed in Miss Universe 1992 pageant competition held in Thailand.",TRUE,TRUE,
FN,Otto_Sydow,birthDate,,1896-02-01,Otto Sydow (1 February 1896 – 24 June 1970) was a highly decorated Generalmajor in the Luftwaffe during World War II. He was also a recipient of the Knight's Cross of the Iron Cross. The Knight's Cross of the Iron Cross was awarded to recognise extreme battlefield bravery or successful military leadership. Otto Sydow was captured by Soviet troops in May 1945 and was held until October 1955.,TRUE,TRUE,
FN,Otto_Sydow,deathDate,,1970-06-24,Otto Sydow (1 February 1896 – 24 June 1970) was a highly decorated Generalmajor in the Luftwaffe during World War II. He was also a recipient of the Knight's Cross of the Iron Cross. The Knight's Cross of the Iron Cross was awarded to recognise extreme battlefield bravery or successful military leadership. Otto Sydow was captured by Soviet troops in May 1945 and was held until October 1955.,TRUE,TRUE,
FN,Otto_Sydow,birthYear,,1896,Otto Sydow (1 February 1896 – 24 June 1970) was a highly decorated Generalmajor in the Luftwaffe during World War II. He was also a recipient of the Knight's Cross of the Iron Cross. The Knight's Cross of the Iron Cross was awarded to recognise extreme battlefield bravery or successful military leadership. Otto Sydow was captured by Soviet troops in May 1945 and was held until October 1955.,TRUE,TRUE,
FN,Otto_Sydow,deathYear,,1970,Otto Sydow (1 February 1896 – 24 June 1970) was a highly decorated Generalmajor in the Luftwaffe during World War II. He was also a recipient of the Knight's Cross of the Iron Cross. The Knight's Cross of the Iron Cross was awarded to recognise extreme battlefield bravery or successful military leadership. Otto Sydow was captured by Soviet troops in May 1945 and was held until October 1955.,TRUE,TRUE,
FP_new,Oumar_Ballo_%28football%29,label,Oumar Ballo,,Oumar Ballo (born 2 April 1991) is a Malian footballer.,TRUE,TRUE,
FN,Paola_Gianturco,birthYear,,1939,Paola Gianturco (born 1939) is an American photojournalist and former business executive. Her photojournalistic work has focused on women around the world who have overcome difficult issues.,TRUE,TRUE,
FP_different,Pat_Mountain_%28politician%29,birthName,Pat Ann Mountain,Patricia Ann Mountain,Patricia Ann Mountain is a British politician who served as the Interim Leader of the UK Independence Party (UKIP) from 2019 to 2020. Mountain also served as the Deputy Leader of UKIP from July to September 2020.,FALSE,FALSE,ICE
FN,Pat_Mountain_%28politician%29,birthName,,Patricia Ann Mountain,Patricia Ann Mountain is a British politician who served as the Interim Leader of the UK Independence Party (UKIP) from 2019 to 2020. Mountain also served as the Deputy Leader of UKIP from July to September 2020.,TRUE,TRUE,
FP_new,Pat_Mountain_%28politician%29,birthYear,1929,,Patricia Ann Mountain is a British politician who served as the Interim Leader of the UK Independence Party (UKIP) from 2019 to 2020. Mountain also served as the Deputy Leader of UKIP from July to September 2020.,FALSE,FALSE,FH
FP_new,Patricia_Poleo,birthYear,2017,,"Patricia Poleo (born in Caracas) is a Venezuelan journalist and the winner of the King of Spain Journalism Award for her investigation into the whereabouts of Peruvian dictator Alberto Fujimori's right-hand man, Vladimiro Montesinos. She is the daughter of the journalist Rafael Poleo, wife of the former student leader Nixon Moreno, a political scientist graduated from the University of the Andes, and former director of her father's newspaper, El Nuevo País. She is known for her work and opposition to the current government in Venezuela.",FALSE,FALSE,FH
FP_new,Patricia_Poleo,birthYear,1954,,"Patricia Poleo (born in Caracas) is a Venezuelan journalist and the winner of the King of Spain Journalism Award for her investigation into the whereabouts of Peruvian dictator Alberto Fujimori's right-hand man, Vladimiro Montesinos. She is the daughter of the journalist Rafael Poleo, wife of the former student leader Nixon Moreno, a political scientist graduated from the University of the Andes, and former director of her father's newspaper, El Nuevo País. She is known for her work and opposition to the current government in Venezuela.",FALSE,FALSE,FH
FP_new,Patricia_Poleo,birthYear,2001,,"Patricia Poleo (born in Caracas) is a Venezuelan journalist and the winner of the King of Spain Journalism Award for her investigation into the whereabouts of Peruvian dictator Alberto Fujimori's right-hand man, Vladimiro Montesinos. She is the daughter of the journalist Rafael Poleo, wife of the former student leader Nixon Moreno, a political scientist graduated from the University of the Andes, and former director of her father's newspaper, El Nuevo País. She is known for her work and opposition to the current government in Venezuela.",FALSE,FALSE,FH
FP_new,Patricia_Poleo,birthYear,1957,,"Patricia Poleo (born in Caracas) is a Venezuelan journalist and the winner of the King of Spain Journalism Award for her investigation into the whereabouts of Peruvian dictator Alberto Fujimori's right-hand man, Vladimiro Montesinos. She is the daughter of the journalist Rafael Poleo, wife of the former student leader Nixon Moreno, a political scientist graduated from the University of the Andes, and former director of her father's newspaper, El Nuevo País. She is known for her work and opposition to the current government in Venezuela.",FALSE,FALSE,FH
FP_new,Patricia_Poleo,birthYear,1927,,"Patricia Poleo (born in Caracas) is a Venezuelan journalist and the winner of the King of Spain Journalism Award for her investigation into the whereabouts of Peruvian dictator Alberto Fujimori's right-hand man, Vladimiro Montesinos. She is the daughter of the journalist Rafael Poleo, wife of the former student leader Nixon Moreno, a political scientist graduated from the University of the Andes, and former director of her father's newspaper, El Nuevo País. She is known for her work and opposition to the current government in Venezuela.",FALSE,FALSE,FH
FN,Paul_Germain,birthName,,Paul Lazarus Germain,"Paul Lazarus Germain (born June 6, 1959) is an American writer, director, and producer. Among the shows Germain has written, produced or directed are Rugrats, Recess, ""The Big Splash"" from Even Stevens, Lloyd in Space, and The Tracey Ullman Show. Germain (along with Arlene Klasky and Gábor Csupó) was one of the creators of the award-winning animated series Rugrats for Nickelodeon, and he was a primary creative force for the series. He left the show on its third season to team up with his Rugrats colleague Joe Ansolabehere, to create Disney's Recess and Lloyd in Space. Germain and Ansolabehere formed the television production company Paul & Joe Productions. They also worked on Pound Puppies for Discovery Family and Disney Junior's Goldie & Bear.",TRUE,TRUE,
FN,Paul_K%C3%B6chli,birthDate,,1947-04-22,"Paul Köchli is a former bicycle racer and cycling coach from Switzerland, born April 22, 1947 in Basel.",TRUE,TRUE,
FN,Paul_K%C3%B6chli,birthYear,,1947,"Paul Köchli is a former bicycle racer and cycling coach from Switzerland, born April 22, 1947 in Basel.",TRUE,TRUE,
FP_new,Paul_McDowell_%28actor%29,deathDate,2016-05-02,,Paul William McDowell (15 August 1931 – 2 May 2016) was an English actor and writer who appeared in numerous television productions over a 40-year period.,TRUE,TRUE,
FN,Paul_Schulze,birthName,,Paul Schulze,"Paul Schulze (born June 12, 1962) is an American actor. He is known for appearing in The Sopranos, Nurse Jackie, 24 (2002–2004), and The Punisher (2017), and his films roles in Panic Room (2002), and Rambo (2008).",TRUE,TRUE,
FN,Pauline_Flanagan,birthName,,Pauline Flanagan,"Pauline Flanagan (29 June 1925 – 28 June 2003) was a Irish-born actress who had a long career on stage, she was best known in the United States for her role as Annie Colleary, on the television soap opera Ryan's Hope in 1979 and again in 1981. She later returned to the show as Sister Mary Joel.",TRUE,TRUE,
FP_new,Peter_Jankowski,birthName,Peter F.Jankowski,,"Peter F. Jankowski (born January 8, 1964) is an American television, film producer and film developer. He is President and Chief Operating Officer of Dick Wolf's Wolf Entertainment, headquartered in Universal City, California. His work across both film and television have earned him an Academy Award, a Grammy Award, and a nomination for an Emmy Award. Jankowski has produced over 1900 episodes of television.",FALSE,TRUE,
FN,Phil_Taylor_%28American_football%29,birthDate,,1988-04-07,"Phillip Eugene Taylor Sr. (born April 7, 1988) is a former American football nose tackle. He was drafted in the first round of the 2011 NFL Draft by the Cleveland Browns. He played college football at Penn State and Baylor.",TRUE,TRUE,
FN,Pia_Kj%C3%A6rsgaard,birthName,,Pia Merete Kjærsgaard,"Pia Merete Kjærsgaard (Danish pronunciation: [ˈpʰiːæ ˈkʰeˀɐ̯sˌkɒˀ]; born 23 February 1947) is a Danish politician who was Speaker of the Danish Parliament from 2015 to 2019, and former leader of the Danish People's Party. On 7 August 2012, Kjærsgaard announced her resignation from the leader position of the Danish People's Party. She appointed Kristian Thulesen Dahl as her successor, and he took office on 12 September 2012, promising to maintain the course laid out by Kjærsgaard.",TRUE,TRUE,
FN,Pico%C4%9Flu_Osman,birthYear,,1901,"Picoğlu Osman (Turkish: [piˈdʒoːɫu ˈosman], 1901 – 31 May 1946) was a Turkish kemençe player from the Eastern Black Sea Region in Turkey. He was also a famous composer and he is thought to be one of the best kemençe players.",TRUE,TRUE,
FP_new,Pico%C4%9Flu_Osman,birthDate,1901-01-01,,"Picoğlu Osman (Turkish: [piˈdʒoːɫu ˈosman], 1901 – 31 May 1946) was a Turkish kemençe player from the Eastern Black Sea Region in Turkey. He was also a famous composer and he is thought to be one of the best kemençe players.",FALSE,FALSE,AC
FP_new,Pico%C4%9Flu_Osman,birthDate,1901-05-31,,"Picoğlu Osman (Turkish: [piˈdʒoːɫu ˈosman], 1901 – 31 May 1946) was a Turkish kemençe player from the Eastern Black Sea Region in Turkey. He was also a famous composer and he is thought to be one of the best kemençe players.",FALSE,FALSE,AC
FN,Pierre_Vercheval,birthDate,,1964-11-22,"Pierre Vercheval (born November 22, 1964) is a former all star offensive lineman in the Canadian Football League. Vercheval played his university football at the University of Western Ontario, where he won the J. P. Metras Trophy top lineman in Canadian university football in 1987. He tried out with the New England Patriots of the NFL, unsuccessfully, and signed with the Edmonton Eskimos in 1988, beginning a 14-year CFL career.",TRUE,TRUE,
FN,Pierre_Vercheval,birthYear,,1964,"Pierre Vercheval (born November 22, 1964) is a former all star offensive lineman in the Canadian Football League. Vercheval played his university football at the University of Western Ontario, where he won the J. P. Metras Trophy top lineman in Canadian university football in 1987. He tried out with the New England Patriots of the NFL, unsuccessfully, and signed with the Edmonton Eskimos in 1988, beginning a 14-year CFL career.",TRUE,TRUE,
FN,PJ_Bianco,birthName,,Patrick James Bianco,"Patrick James Bianco (born February 26, 1981), better known as PJ Bianco, is an American songwriter, record producer and artist developer from New Jersey. PJ is known for his early days development of The Jonas Brothers as the songwriter/producer behind their debut album & top 40 hit ""When You Look Me In The Eyes"" and most recently as a major collaborator of American band, A R I Z O N A. His recent notable songwriting/production credits include Avicii's ""Hold The Line"", A R I Z O N A's ""Oceans Away"", Axwell's ""Nobody Else"" and LP's ""Into The Wild"".",TRUE,TRUE,
FN,PJ_Bianco,label,,PJ Bianco,"Patrick James Bianco (born February 26, 1981), better known as PJ Bianco, is an American songwriter, record producer and artist developer from New Jersey. PJ is known for his early days development of The Jonas Brothers as the songwriter/producer behind their debut album & top 40 hit ""When You Look Me In The Eyes"" and most recently as a major collaborator of American band, A R I Z O N A. His recent notable songwriting/production credits include Avicii's ""Hold The Line"", A R I Z O N A's ""Oceans Away"", Axwell's ""Nobody Else"" and LP's ""Into The Wild"".",TRUE,TRUE,
FN,Princess_Guevarra,birthName,,Princess Guevarra,"Princess Guevarra, (born on March 7, 1999 in Imus, Cavite, Philippines), is a Filipino actress, and she is best known as one of the contestants in the 6th season of StarStruck, Guevarra signed a contract in GMA Artist Center in 2016.",TRUE,TRUE,
FP_different,R%C3%A9mi_Taffin,label,R%C3%A9mi Taffin,Rémi Taffin,"Rémi Taffin (born 14 March 1975) is a French engineer who is the technical director of French firm Oreca. He was previously the engine technical director for the French Formula 1 team Alpine F1 and Renault Sport. In December 2021, Taffin began as Oreca's technical director.",TRUE,FALSE,TMI
FN,Rahel_Varnhagen,label,,Rahel Varnhagen,"Rahel Antonie Friederike Varnhagen (German: [ˈʁaːɛl ˈfaʁnhaːɡən]) (née Levin, later Robert; 19 May 1771 – 7 March 1833) was a German writer who hosted one of the most prominent salons in Europe during the late 18th and early 19th centuries. She is the subject of a celebrated biography, Rahel Varnhagen: The Life of a Jewess (1957), written by Hannah Arendt. Arendt cherished Varnhagen as her ""closest friend, though she ha[d] been dead for some hundred years"". The asteroid 100029 Varnhagen is named in her honour.",TRUE,TRUE,
FN,Rahel_Varnhagen,birthName,,Rahel Antonie Friederike Varnhagen,"Rahel Antonie Friederike Varnhagen (German: [ˈʁaːɛl ˈfaʁnhaːɡən]) (née Levin, later Robert; 19 May 1771 – 7 March 1833) was a German writer who hosted one of the most prominent salons in Europe during the late 18th and early 19th centuries. She is the subject of a celebrated biography, Rahel Varnhagen: The Life of a Jewess (1957), written by Hannah Arendt. Arendt cherished Varnhagen as her ""closest friend, though she ha[d] been dead for some hundred years"". The asteroid 100029 Varnhagen is named in her honour.",TRUE,TRUE,
FN,Ralph_Willett_Miller,birthName,,Ralph Willett Miller,"Ralph Willett Miller (24 January 1762 – 14 May 1799) was an officer of the Royal Navy. He served during the American Revolutionary and the French Revolutionary Wars, eventually rising to the rank of Captain. He was one of Vice-Admiral Horatio Nelson's Band of Brothers at the Battle of the Nile in 1798.",TRUE,TRUE,
FN,Ralph_Willett_Miller,birthDate,,1762-01-24,"Ralph Willett Miller (24 January 1762 – 14 May 1799) was an officer of the Royal Navy. He served during the American Revolutionary and the French Revolutionary Wars, eventually rising to the rank of Captain. He was one of Vice-Admiral Horatio Nelson's Band of Brothers at the Battle of the Nile in 1798.",TRUE,TRUE,
FN,Ralph_Willett_Miller,deathDate,,1799-05-14,"Ralph Willett Miller (24 January 1762 – 14 May 1799) was an officer of the Royal Navy. He served during the American Revolutionary and the French Revolutionary Wars, eventually rising to the rank of Captain. He was one of Vice-Admiral Horatio Nelson's Band of Brothers at the Battle of the Nile in 1798.",TRUE,TRUE,
FN,Ralph_Willett_Miller,birthYear,,1762,"Ralph Willett Miller (24 January 1762 – 14 May 1799) was an officer of the Royal Navy. He served during the American Revolutionary and the French Revolutionary Wars, eventually rising to the rank of Captain. He was one of Vice-Admiral Horatio Nelson's Band of Brothers at the Battle of the Nile in 1798.",TRUE,TRUE,
FN,Ralph_Willett_Miller,deathYear,,1799,"Ralph Willett Miller (24 January 1762 – 14 May 1799) was an officer of the Royal Navy. He served during the American Revolutionary and the French Revolutionary Wars, eventually rising to the rank of Captain. He was one of Vice-Admiral Horatio Nelson's Band of Brothers at the Battle of the Nile in 1798.",TRUE,TRUE,
FN,Ralph_Willett_Miller,label,,Ralph Willett Miller,"Ralph Willett Miller (24 January 1762 – 14 May 1799) was an officer of the Royal Navy. He served during the American Revolutionary and the French Revolutionary Wars, eventually rising to the rank of Captain. He was one of Vice-Admiral Horatio Nelson's Band of Brothers at the Battle of the Nile in 1798.",TRUE,TRUE,
FN,Randolph_Townsend,birthName,,Randolph Townsend,"Randolph Townsend (born January 24, 1947 in Los Angeles, California) is an American Republican Party politician from Nevada. From 1982 to 2010, he served as a member of the Nevada Senate, representing Washoe County District 4 (map). He served from 2010 to 2014 as a member of the Nevada Gaming Commission. Townsend holds Bachelor's and master's degrees in Education from the University of Nevada, Reno.",TRUE,TRUE,
FN,Rapha%C3%ABl_Van_Dorpe,birthName,,Raphaël Van Dorpe,Raphaël Van Dorpe (1910 – 1996) was a Belgian architect. His work was part of the architecture event in the art competition at the 1932 Summer Olympics.,TRUE,TRUE,
FP_new,Ray_Brown_%28wrestler%29,label,Ray Brown,,Ray Brown (born 16 February 1943) is an Australian wrestler. He competed in the men's freestyle featherweight at the 1964 Summer Olympics.,TRUE,TRUE,
FN,Raymond_J%2E_Saulnier,birthName,,Raymond Joseph Saulnier,"Raymond Joseph Saulnier (September 20, 1908 – April 30, 2009) was an American economist who served as the chairman of the Council of Economic Advisers from 1956 to 1961 under President Dwight D. Eisenhower.",TRUE,TRUE,
FN,Rebecca_Walker,birthName,,Rebecca Leventhal,"Rebecca Walker (born November 17, 1969, as Rebecca Leventhal) is an American writer, feminist, and activist. Walker has been regarded as one of the prominent voices of Third Wave Feminism, and the coiner of the term ""third wave"", since publishing a 1992 article on feminism in Ms. magazine called ""Becoming the Third Wave"", in which she proclaimed: ""I am the Third Wave."" Walker does extensive writing and speaking about gender, racial, economic, and social justice at universities around the United States and internationally.",TRUE,TRUE,
FN,Reginald_Stourton,alias,,Sir Reginald Stourton,"Sir Reginald Stourton of Stourton, Wiltshire (born 1434) was an English knight.",TRUE,TRUE,
FN,Reginald_Stourton,birthYear,,1434,"Sir Reginald Stourton of Stourton, Wiltshire (born 1434) was an English knight.",TRUE,TRUE,
FN,Reginald_Stourton,label,,Reginald Stourton,"Sir Reginald Stourton of Stourton, Wiltshire (born 1434) was an English knight.",TRUE,TRUE,
FP_different,Reginald_Stourton,alias,Sir Reginald Stourton of Stourton,Sir Reginald Stourton,"Sir Reginald Stourton of Stourton, Wiltshire (born 1434) was an English knight.",TRUE,FALSE,SG
FP_different,Ren%C3%A9_Hiddink,label,Ren Hiddink,Rene Hiddink,"Rene Hiddink (born 19 June 1955 in Heerenveen) is a Dutch retired footballer who now works as assistant coach of the Maldives national football team. Besides the Netherlands, he has managed in Rwanda, Madagascar, and the Maldives.",TRUE,FALSE,ICE
FP_different,Ren%C3%A9_Hiddink,label,Ren%C3%A9 Hiddink,Rene Hiddink,"Rene Hiddink (born 19 June 1955 in Heerenveen) is a Dutch retired footballer who now works as assistant coach of the Maldives national football team. Besides the Netherlands, he has managed in Rwanda, Madagascar, and the Maldives.",TRUE,FALSE,TMI
FP_different,Ren%C3%A9_Hiddink,label,Renene Hiddink,Rene Hiddink,"Rene Hiddink (born 19 June 1955 in Heerenveen) is a Dutch retired footballer who now works as assistant coach of the Maldives national football team. Besides the Netherlands, he has managed in Rwanda, Madagascar, and the Maldives.",TRUE,FALSE,SG
FP_different,Ren%C3%A9_Hiddink,label,Ren Rene Hiddink,Rene Hiddink,"Rene Hiddink (born 19 June 1955 in Heerenveen) is a Dutch retired footballer who now works as assistant coach of the Maldives national football team. Besides the Netherlands, he has managed in Rwanda, Madagascar, and the Maldives.",TRUE,FALSE,SG
FN,Reuben_Bourne,birthYear,,1692,"Reuben Bourne (fl. 1692), was an English dramatist. Bourne belonged to the Middle Temple, and left behind him a comedy which has never been acted. The title of this is 'The Contented Cuckold, or Woman's Advocate,' 4to, 1692. Its scene is Edmonton, and the principal character, Sir Peter Lovejoy, contends that a cuckold is one of the scarcest of created beings.",TRUE,FALSE,WV
FP_new,Robert_K%2E_Scott_%28diplomat%29,birthName,Robert K.Scott,,"Robert K. Scott (born June 5, 1963) is an American diplomat who served as the United States Ambassador to Malawi from 2019 to 2021.",FALSE,TRUE,
FN,Ron_Hendren,birthName,,Ralph C Hendren,"Ron Hendren, born Ralph C Hendren (Born August 3, 1945) is a journalist and television personality. He is best known as one of the original hosts of Entertainment Tonight, joining the syndicated television show at its debut in 1981.",TRUE,TRUE,
FP_different,Ron_Hendren,birthName,Ron Hendren,Ralph C Hendren,"Ron Hendren, born Ralph C Hendren (Born August 3, 1945) is a journalist and television personality. He is best known as one of the original hosts of Entertainment Tonight, joining the syndicated television show at its debut in 1981.",TRUE,FALSE,ICE
FN,Russell_Simmons,birthName,,Russell Wendell Simmons,"Russell Wendell Simmons (born October 4, 1957) is an American entrepreneur and record executive. He co-founded the hip-hop label Def Jam Recordings, and created the clothing fashion lines Phat Farm, Argyleculture, and Tantris. Simmons' net worth was estimated at $340 million in 2011. Simmons has been living in Bali for five years. According to Simmons, Ubud, Bali looks like ""yoga and vegan Disneyland"". Simmons has lived life as a vegetarian for nearly 20 years. Simmons promotes a plant-based diet and a yogic lifestyle.",TRUE,TRUE,
FP_different,Ry%C5%8Dma_Baba,label,Ryma Baba,Ryōma Baba,"Ryouma Baba (馬場 良馬, Baba Ryōma, born December 15, 1984 in Chiba Prefecture) is a Japanese actor who is affiliated with Toki Entertainment. He played the role of Ryuji Iwasaki (Blue Buster) in the 2012 Super Sentai TV series Tokumei Sentai Go-Busters. His blood type is B.",TRUE,FALSE,ICE
FP_new,Ry%C5%8Dma_Baba,birthName,Ryouma Baba Ryōma,,"Ryouma Baba (馬場 良馬, Baba Ryōma, born December 15, 1984 in Chiba Prefecture) is a Japanese actor who is affiliated with Toki Entertainment. He played the role of Ryuji Iwasaki (Blue Buster) in the 2012 Super Sentai TV series Tokumei Sentai Go-Busters. His blood type is B.",FALSE,FALSE,MCE
FP_new,S%2E_Thandayuthapani,label,S.2E_Thandayuthapani,,"Singaravelu Thandayuthapani (Tamil: சிங்காரவேலு தண்டாயுதபாணி; born 7 August 1950) is a Sri Lankan Tamil teacher, civil servant, politician and provincial minister.",FALSE,TRUE,
FP_new,S%2E_Thandayuthapani,label,S%2E_Thandayuthapani,,"Singaravelu Thandayuthapani (Tamil: சிங்காரவேலு தண்டாயுதபாணி; born 7 August 1950) is a Sri Lankan Tamil teacher, civil servant, politician and provincial minister.",FALSE,FALSE,TMI
FP_new,S%2E_Thandayuthapani,label,Sandayuthapani,,"Singaravelu Thandayuthapani (Tamil: சிங்காரவேலு தண்டாயுதபாணி; born 7 August 1950) is a Sri Lankan Tamil teacher, civil servant, politician and provincial minister.",FALSE,FALSE,ICE
FP_new,S%2E_Thandayuthapani,label,Saravelu Thandayuthapani,,"Singaravelu Thandayuthapani (Tamil: சிங்காரவேலு தண்டாயுதபாணி; born 7 August 1950) is a Sri Lankan Tamil teacher, civil servant, politician and provincial minister.",TRUE,FALSE,LCE
FN,Sally_McManus,birthName,,Sally McManus,"Sally McManus (born 31 July 1971) is an Australian trade unionist, feminist and political activist who has served as the Secretary of the Australian Council of Trade Unions (ACTU) since 2017. She is the first woman to hold the position of Secretary in the ACTU’s 90-year history. Prior to becoming Secretary she served as a Vice President and Campaigns Director. Before joining the ACTU, McManus was the Branch Secretary and an organiser with the Australian Services Union (ASU) in NSW and the ACT.",TRUE,TRUE,
FN,Samuel_Valencia,label,,Samuel Valencia,Samuel Valencia (born 19 October 1947) is an Ecuadorian boxer. He competed in the men's light welterweight event at the 1968 Summer Olympics.,TRUE,TRUE,
FN,Samuel_W_Hill,birthName,,Samuel W Hill,"Samuel W Hill, (November 6, 1815 – August 28, 1889) was an American surveyor, geologist and mining developer in Michigan's Copper Country.",TRUE,TRUE,
FN,Santa_Camar%C3%A3o,label,,Santa Camarão,"José Soares Santa (25 December 1902 – 5 April 1968), known as Santa Camarão (""Camarão"" being a family nickname meaning Shrimp in English) or Zé Santa in Portugal, and as Jose Santa or Joe Santa in the United States, was a Portuguese boxer. At 2.02 m (6 ft 8 in) he was one of the tallest heavyweight boxers in history.",TRUE,TRUE,
FN,Se%C3%A1n_Cummings,birthDate,,1968-01-17,"Seán Cummings is a Canadian film and television industry professional and former playwright, actor, producer, and director from Vancouver, British Columbia, Canada. He was born in Ontario on January 17, 1968. Cummings' first full-length play, ""Chasing Home"" was produced at the Vancouver Playhouse by the Frank Theatre Company and the Vancouver Playhouse Theatre Company in Vancouver, BC in 2012. His first published work appears as the preface to C.E. Gatchalian's ""Crossing"" and other Plays - Lethe Press (Feb. 6 2011).",TRUE,TRUE,
FN,Se%C3%A1n_Cummings,birthYear,,1968,"Seán Cummings is a Canadian film and television industry professional and former playwright, actor, producer, and director from Vancouver, British Columbia, Canada. He was born in Ontario on January 17, 1968. Cummings' first full-length play, ""Chasing Home"" was produced at the Vancouver Playhouse by the Frank Theatre Company and the Vancouver Playhouse Theatre Company in Vancouver, BC in 2012. His first published work appears as the preface to C.E. Gatchalian's ""Crossing"" and other Plays - Lethe Press (Feb. 6 2011).",TRUE,TRUE,
FP_new,Se%C3%A1n_Kenny_%28politician%29,birthName,Seán Kenny,,"Seán Kenny (born 1 October 1942) is an Irish former Labour Party politician who served as a Teachta Dála (TD) for the Dublin North-East constituency from 1992 to 1997 and 2011 to 2016. He also served as Lord Mayor of Dublin from 1991 to 1992. A former executive officer in CIÉ, Kenny was elected to Dáil Éireann for Dublin North-East during the swing to Labour in the 1992 general election. During his time in the Dáil, he was a member of the Forum for Peace and Reconciliation and served as Chairman of the Social Affairs Committee.",TRUE,TRUE,
FN,Seika_Furuhata,birthName,,Seika Furuhata,"Seika Furuhata (古畑 星夏, Furuhata Seika, born July 8, 1996, in Tokyo, Japan) is a Japanese actress and model who is represented by LesPros Entertainment. She is an exclusive model for the magazines Seventeen and Nicola.",TRUE,TRUE,
FP_new,Seleucus_V_Philometor,birthYear,1936,,"The Seleucid king Seleucus V Philometor (Greek: Σέλευκος Ε΄ ὁ Φιλομήτωρ; 126/125 BC), ruler of the Hellenistic Seleucid kingdom, was the eldest son of Demetrius II Nicator and Cleopatra Thea. The epithet Philometor means ""mother-loving"" and in the Hellenistic world usually indicated that the mother acted as co-regent for the prince.",FALSE,FALSE,FH
FP_new,Seleucus_V_Philometor,birthYear,126,,"The Seleucid king Seleucus V Philometor (Greek: Σέλευκος Ε΄ ὁ Φιλομήτωρ; 126/125 BC), ruler of the Hellenistic Seleucid kingdom, was the eldest son of Demetrius II Nicator and Cleopatra Thea. The epithet Philometor means ""mother-loving"" and in the Hellenistic world usually indicated that the mother acted as co-regent for the prince.",TRUE,FALSE,DFE
FP_new,Seleucus_V_Philometor,deathYear,125,,"The Seleucid king Seleucus V Philometor (Greek: Σέλευκος Ε΄ ὁ Φιλομήτωρ; 126/125 BC), ruler of the Hellenistic Seleucid kingdom, was the eldest son of Demetrius II Nicator and Cleopatra Thea. The epithet Philometor means ""mother-loving"" and in the Hellenistic world usually indicated that the mother acted as co-regent for the prince.",TRUE,FALSE,DFE
FP_different,Sergio_De_La_Pava,label,Sergio de la Pava,Sergio De La Pava,Sergio de la Pava (born 1970/71) is an American novelist and lawyer. He is best known for his novel A Naked Singularity.,TRUE,FALSE,TMI
FN,Sergio_De_La_Pava,birthYear,,1970,Sergio de la Pava (born 1970/71) is an American novelist and lawyer. He is best known for his novel A Naked Singularity.,TRUE,TRUE,
FN,Shirley_Dysart,birthName,,Shirley Theresa Dysart,"Shirley Theresa Dysart CM (née Britt, February 22, 1928 – December 14, 2016) was an American-born Canadian teacher and a politician in the province of New Brunswick. She attained a number of ""firsts"" in New Brunswick politics. She was the first female Liberal in serve in the Legislative Assembly of New Brunswick, the first woman to serve as the leader of a party in the provincial Legislature (1985), the first woman to be Minister of Education (1987–1991) and first woman to be Speaker (1991–1995).",TRUE,TRUE,
FP_new,Sir_Robert_Grierson%2C_1st_Baronet,birthYear,1655,,"Sir Robert Grierson, 1st Baronet of Lag (1655 – 31 December 1733) was a Scottish baronet from Dunfries-shire. He is best remembered as a notorious persecutor of the Covenanters, particularly among the people of Galloway, and is still referred to by nickname, ""Cruel Lag."" The character of Sir Robert Redgauntlet of Wandering Willie's tale in Sir Walter Scott's Redgauntlet is based on Grierson.",TRUE,TRUE,
FP_different,Sir_Robert_Grierson%2C_1st_Baronet,label,"Sir Robert Grierson, 1st Baronet of Lag","Sir Robert Grierson, 1st Baronet","Sir Robert Grierson, 1st Baronet of Lag (1655 – 31 December 1733) was a Scottish baronet from Dunfries-shire. He is best remembered as a notorious persecutor of the Covenanters, particularly among the people of Galloway, and is still referred to by nickname, ""Cruel Lag."" The character of Sir Robert Redgauntlet of Wandering Willie's tale in Sir Walter Scott's Redgauntlet is based on Grierson.",TRUE,FALSE,LCE
FP_new,Sir_Robert_Grierson%2C_1st_Baronet,birthDate,1655-12-31,,"Sir Robert Grierson, 1st Baronet of Lag (1655 – 31 December 1733) was a Scottish baronet from Dunfries-shire. He is best remembered as a notorious persecutor of the Covenanters, particularly among the people of Galloway, and is still referred to by nickname, ""Cruel Lag."" The character of Sir Robert Redgauntlet of Wandering Willie's tale in Sir Walter Scott's Redgauntlet is based on Grierson.",FALSE,FALSE,FH
FN,Slavko_Perovi%C4%87,birthName,,Slavko Perović,"Slavko Perović (Montenegrin Cyrillic: Славко Перовић; born 2 August 1954) is a Montenegrin politician. He is best known as a co-founder and former leader of Liberal Alliance of Montenegro (LSCG), former party that was fighting for independence of Montenegro and promoting liberalism in Montenegro throughout the 1990s and early 2000s.",TRUE,TRUE,
FN,Sorovakatini_Tuifagalele,birthDate,,1994-06-15,"Sorovakatini Tuifagalele (born 15 June 1994) is a Fijian rugby union player, currently playing for the Drua. His preferred position is lock.",TRUE,TRUE,
FN,Sorovakatini_Tuifagalele,birthYear,,1994,"Sorovakatini Tuifagalele (born 15 June 1994) is a Fijian rugby union player, currently playing for the Drua. His preferred position is lock.",TRUE,TRUE,
FN,Stephen_Edward_Smith,birthName,,Stephen Edward Smith,"Stephen Edward Smith (September 24, 1927 – August 19, 1990) was the husband of Jean Ann Kennedy. He was a financial analyst and political strategist in the 1960 United States presidential campaign of his brother-in-law John F. Kennedy.",TRUE,TRUE,
FP_different,Stephen_Edward_Smith,birthName,Jean Ann Kennedy,Stephen Edward Smith,"Stephen Edward Smith (September 24, 1927 – August 19, 1990) was the husband of Jean Ann Kennedy. He was a financial analyst and political strategist in the 1960 United States presidential campaign of his brother-in-law John F. Kennedy.",TRUE,FALSE,WV
FP_different,Stephen_Edward_Smith,birthName,Stephen Ann Kennedy,Stephen Edward Smith,"Stephen Edward Smith (September 24, 1927 – August 19, 1990) was the husband of Jean Ann Kennedy. He was a financial analyst and political strategist in the 1960 United States presidential campaign of his brother-in-law John F. Kennedy.",FALSE,FALSE,MCE
FN,Stephen_Edward_Smith,label,,Stephen Edward Smith,"Stephen Edward Smith (September 24, 1927 – August 19, 1990) was the husband of Jean Ann Kennedy. He was a financial analyst and political strategist in the 1960 United States presidential campaign of his brother-in-law John F. Kennedy.",TRUE,TRUE,
FN,Stewart_Cockburn,birthName,,Alexander Stewart Cockburn,"Alexander Stewart Cockburn AM (16 October 1921 – 6 July 2009) was an Australian journalist, commentator and author from Adelaide, South Australia.",TRUE,TRUE,
FN,Stewart_Cockburn,label,,Stewart Cockburn,"Alexander Stewart Cockburn AM (16 October 1921 – 6 July 2009) was an Australian journalist, commentator and author from Adelaide, South Australia.",TRUE,TRUE,
FP_different,Susana_Agust%C3%AD,label,Susana Agustí Requena,Susana Agustí,"Susana Agustí Requena is a Spanish biological oceanographer who has participated in over 25 oceanographic expeditions in the Arctic, Southern Ocean (Antarctic), Atlantic, Pacific and Indian Oceans. She played a key role in the Malaspina Circumnavigation Expedition. She is professor in Marine Science at King Abdullah University of Science and Technology in Saudi Arabia and an adjunct Professor at the University of Tromsø (Norway).",TRUE,FALSE,LCE
FN,Syed_Aman_Bachchan,alias,,Bachchan,"Syed Amanullah known by his professional name Syed Aman Bachchan or Bachchan is an Indian film producer in the Kannada film industry. Edegarike, a film produced by him and directed by Sumana Kittur, was the only Indian film selected for screening in Mumbai Women's International Film Festival, 2013.",TRUE,TRUE,
FP_different,Syed_Aman_Bachchan,birthName,Syed Aman Aman Bachchan,Syed Amanullah,"Syed Amanullah known by his professional name Syed Aman Bachchan or Bachchan is an Indian film producer in the Kannada film industry. Edegarike, a film produced by him and directed by Sumana Kittur, was the only Indian film selected for screening in Mumbai Women's International Film Festival, 2013.",FALSE,FALSE,SG
FP_different,Syed_Aman_Bachchan,birthName,Syed Aman Bachchan,Syed Amanullah,"Syed Amanullah known by his professional name Syed Aman Bachchan or Bachchan is an Indian film producer in the Kannada film industry. Edegarike, a film produced by him and directed by Sumana Kittur, was the only Indian film selected for screening in Mumbai Women's International Film Festival, 2013.",TRUE,FALSE,WV
FN,Syed_Aman_Bachchan,birthName,,Syed Amanullah,"Syed Amanullah known by his professional name Syed Aman Bachchan or Bachchan is an Indian film producer in the Kannada film industry. Edegarike, a film produced by him and directed by Sumana Kittur, was the only Indian film selected for screening in Mumbai Women's International Film Festival, 2013.",TRUE,TRUE,
FN,Sylvie_Courvoisier,birthDate,,1968-11-30,"Sylvie Courvoisier (born 30 November 1968) is a composer, pianist and improviser.",TRUE,TRUE,
FN,Sylvie_Courvoisier,birthYear,,1968,"Sylvie Courvoisier (born 30 November 1968) is a composer, pianist and improviser.",TRUE,TRUE,
FP_new,Teddy_Sinclair,alias,Natalia Noemi,,"Natalia Noemi ""Teddy"" Sinclair (née Cappuccini; born 15 August 1986), is an English singer, songwriter and actress. She has recorded music under various aliases, most famously as Natalia Kills and Verbalicious. She is currently the lead vocalist of the band Cruel Youth, which also releases music under the name The Powder Room. In March 2015, Sinclair and her husband, Willy Moon, were fired as judges from New Zealand X Factor for their harsh comments towards one of the contestants.",TRUE,TRUE,
FP_new,Teddy_Sinclair,birthName,Natalia Noemi,,"Natalia Noemi ""Teddy"" Sinclair (née Cappuccini; born 15 August 1986), is an English singer, songwriter and actress. She has recorded music under various aliases, most famously as Natalia Kills and Verbalicious. She is currently the lead vocalist of the band Cruel Youth, which also releases music under the name The Powder Room. In March 2015, Sinclair and her husband, Willy Moon, were fired as judges from New Zealand X Factor for their harsh comments towards one of the contestants.",TRUE,TRUE,
FP_new,Teoman_%28wrestler%29,birthName,Metehan Kocabaşoğlu,,"Metehan Kocabaşoğlu (born 4 March 1993) is a German professional wrestler of Turkish descent. He was most recently signed to WWE, where he performed on the NXT UK brand under the ring name Teoman. He is best known for his work with Westside Xtreme Wrestling (wXw), where under the ring name Lucky Kid and under his birth name Metehan, his accomplishments include being a one-time wXw Shotgun Champion, a one-time wXw World Tag Team Champion and the winner of 16 Carat Gold.",TRUE,TRUE,
FN,Terrance_Hanold,birthYear,,1912,"Terrance Hanold (1912–1996) was an American attorney, food industry executive, and President of the Pillsbury Company. Hanold was an orphan from the age of four after his parents died in an unknown fire. He was then adopted and moved to a farm family in Illinois where descendants still live to this day as cattle farmers. Hanold was a graduate of the University of Minnesota, the University of Minnesota Law School, and married to Ruth E. Hanold. Upon becoming Pillsbury President in 1967, Hanold diversified the management structure of the company. He travelled the United States to tend to the large Pillsbury operation. He also practiced law in Minnesota and left his papers to the University of Minnesota archives.",TRUE,TRUE,
FN,Terrance_Hanold,deathYear,,1996,"Terrance Hanold (1912–1996) was an American attorney, food industry executive, and President of the Pillsbury Company. Hanold was an orphan from the age of four after his parents died in an unknown fire. He was then adopted and moved to a farm family in Illinois where descendants still live to this day as cattle farmers. Hanold was a graduate of the University of Minnesota, the University of Minnesota Law School, and married to Ruth E. Hanold. Upon becoming Pillsbury President in 1967, Hanold diversified the management structure of the company. He travelled the United States to tend to the large Pillsbury operation. He also practiced law in Minnesota and left his papers to the University of Minnesota archives.",TRUE,TRUE,
FN,Terry_Ward,deathYear,,1963,"Terence ""Terry"" Ward (10 December 1939 – 1963) was an English footballer who played in the Football League for Stoke City along with his brother Derrick.",TRUE,TRUE,
FP_new,Teruaki_Mukaiyama,birthName,Teruaki Mukaiyama Teruaki,,"Teruaki Mukaiyama (向山 光昭, Mukaiyama Teruaki, January 5, 1927 – November 17, 2018) was a Japanese organic chemist. One of the most prolific chemists of the 20th century in the field of organic synthesis, Mukaiyama helped establish the field of organic chemistry in Japan after World War II.",FALSE,FALSE,SG
FN,Teton_Saltes,birthDate,,1998-05-04,"Teton Saltes (born May 4, 1998) is an American football offensive tackle for the Michigan Panthers of the United States Football League (USFL). He played college football at the University of New Mexico, where he was the 2020 recipient of the Wuerffel Trophy, given to the player who ""best combines exemplary community service with athletic and academic achievement"".",TRUE,TRUE,
FN,Teton_Saltes,birthYear,,1998,"Teton Saltes (born May 4, 1998) is an American football offensive tackle for the Michigan Panthers of the United States Football League (USFL). He played college football at the University of New Mexico, where he was the 2020 recipient of the Wuerffel Trophy, given to the player who ""best combines exemplary community service with athletic and academic achievement"".",TRUE,TRUE,
FN,The_Brothers_Chaps,label,,The Brothers Chaps,"Matthew ""Matt"" Alan Chapman (born November 1, 1976) and Michael ""Mike"" Raymond Chapman (born September 20, 1973), known collectively as The Brothers Chaps, are American writers, voice actors, directors, animators, producers and composers. They are best known as the creators of the animated series Homestar Runner.",TRUE,TRUE,
FN,The_Brothers_Chaps,alias,,The Brothers Chaps,"Matthew ""Matt"" Alan Chapman (born November 1, 1976) and Michael ""Mike"" Raymond Chapman (born September 20, 1973), known collectively as The Brothers Chaps, are American writers, voice actors, directors, animators, producers and composers. They are best known as the creators of the animated series Homestar Runner.",TRUE,TRUE,
FP_new,The_Brothers_Chaps,birthName,The Brothers Chaps,,"Matthew ""Matt"" Alan Chapman (born November 1, 1976) and Michael ""Mike"" Raymond Chapman (born September 20, 1973), known collectively as The Brothers Chaps, are American writers, voice actors, directors, animators, producers and composers. They are best known as the creators of the animated series Homestar Runner.",TRUE,FALSE,WV
FP_different,The_Brothers_Chaps,birthDate,1976-09-20,1976-11-01,"Matthew ""Matt"" Alan Chapman (born November 1, 1976) and Michael ""Mike"" Raymond Chapman (born September 20, 1973), known collectively as The Brothers Chaps, are American writers, voice actors, directors, animators, producers and composers. They are best known as the creators of the animated series Homestar Runner.",FALSE,FALSE,MCE
FP_new,The_Brothers_Chaps,birthName,Matthew Chapman,,"Matthew ""Matt"" Alan Chapman (born November 1, 1976) and Michael ""Mike"" Raymond Chapman (born September 20, 1973), known collectively as The Brothers Chaps, are American writers, voice actors, directors, animators, producers and composers. They are best known as the creators of the animated series Homestar Runner.",FALSE,FALSE,ICE
FP_new,The_Brothers_Chaps,birthName,Matthew Alan Chapman,,"Matthew ""Matt"" Alan Chapman (born November 1, 1976) and Michael ""Mike"" Raymond Chapman (born September 20, 1973), known collectively as The Brothers Chaps, are American writers, voice actors, directors, animators, producers and composers. They are best known as the creators of the animated series Homestar Runner.",FALSE,TRUE,
FP_new,Tim_Brooks_%28wrestler%29,birthName,Tim Paul Brooks,,"Timothy Paul Brooks (December 4, 1947 – June 30, 2020), better known by his ring name Killer Tim Brooks, was an American professional wrestler. He competed in North American regional promotions, including the National Wrestling Alliance (NWA), Pacific Northwest Wrestling (PNW), World Wrestling Council (WWC), World Class Championship Wrestling (WCCW) and Southwest Championship Wrestling (SWCW) during the 1970s and 1980s.",FALSE,TRUE,
FN,Todd_Pillion,birthName,,Todd Edward Pillion,"Todd Edward Pillion (born November 1, 1973) is an American dentist, business owner, and politician from the Commonwealth of Virginia. A member of the Republican Party, Pillion represents the 40th district in the Virginia Senate in Southwest Virginia. He previously represented the 4th district in the Virginia House of Delegates. Pillion is from Abingdon, Virginia.",TRUE,TRUE,
FN,Tomasz_Ganicz,birthName,,Tomasz Ganicz,"Tomasz Ganicz, ps. Polimerek (born 27 August 1966 in Łódź), is a Polish chemist, doctor habilitas of chemical sciences and professor extraordinarius at the Military University of Technology in Warsaw. He was the president of Wikimedia Polska (2007–2018).",TRUE,TRUE,
FN,Trey_Ratcliff,birthName,,Trey Ratcliff,"Trey Ratcliff (born July 7, 1971) is an American photographer, public speaker and writer.",TRUE,TRUE,
FN,Tu_Shou%27e,birthYear,,1917,"Tu Shou'e or Shou-ngo Tu (Chinese: 屠守锷; 1917–2012) was a Chinese aerospace engineer who was a specialist in structural mechanics. Tu is famous as the chief designer of the Long March 2 rocket and China's intercontinental ballistic missile. Together with Liang Shoupan, Huang Weilu and Ren Xinmin, Tu is considered one of the ""Four Elders of China's Aerospace"". He was granted the Two Bombs, One Satellite Merit Medal in 1999. Tu was elected a member of the Chinese Academy of Sciences in 1991.",TRUE,TRUE,
FN,Tu_Shou%27e,deathYear,,2012,"Tu Shou'e or Shou-ngo Tu (Chinese: 屠守锷; 1917–2012) was a Chinese aerospace engineer who was a specialist in structural mechanics. Tu is famous as the chief designer of the Long March 2 rocket and China's intercontinental ballistic missile. Together with Liang Shoupan, Huang Weilu and Ren Xinmin, Tu is considered one of the ""Four Elders of China's Aerospace"". He was granted the Two Bombs, One Satellite Merit Medal in 1999. Tu was elected a member of the Chinese Academy of Sciences in 1991.",TRUE,TRUE,
FN,Udaya_Soundari,birthName,,Udaya Soundari,"Udaya Soundari (born 28 April 1991), is a Singaporean Indian actress and television presenter. She has appeared in films such as Parandhu Sella Vaa (2016) and A Yellow Bird (2016). She is also the first person in Singapore to win three awards in one year at the Pradhana Vizha festival.",TRUE,TRUE,
FN,Vicente_Riva_Palacio,label,,Vicente Riva Palacio,"Vicente Florencio Carlos Riva Palacio Guerrero better known as Vicente Riva Palacio (16 October 1832 in Mexico City – 22 November 1896 in Madrid) was a Mexican liberal politician, novelist, journalist, intellectual, and military leader. His father was Mariano Riva Palacio, a moderate liberal, and his mother was María de los Dolores Guerrero Hernández, daughter of independence hero and President of Mexico Vicente Guerrero and María de Guadalupe Hernández. Vicente's father worked for the Emperor Maximilian I of Mexico in Querétaro during the French intervention in Mexico.",TRUE,TRUE,
FN,Vicente_Riva_Palacio,birthName,,Vicente Florencio Carlos Riva Palacio Guerrero,"Vicente Florencio Carlos Riva Palacio Guerrero better known as Vicente Riva Palacio (16 October 1832 in Mexico City – 22 November 1896 in Madrid) was a Mexican liberal politician, novelist, journalist, intellectual, and military leader. His father was Mariano Riva Palacio, a moderate liberal, and his mother was María de los Dolores Guerrero Hernández, daughter of independence hero and President of Mexico Vicente Guerrero and María de Guadalupe Hernández. Vicente's father worked for the Emperor Maximilian I of Mexico in Querétaro during the French intervention in Mexico.",TRUE,TRUE,
FP_different,Vicente_Riva_Palacio,birthName,Vicente Florencio Carlos Riva Palacio,Vicente Florencio Carlos Riva Palacio Guerrero,"Vicente Florencio Carlos Riva Palacio Guerrero better known as Vicente Riva Palacio (16 October 1832 in Mexico City – 22 November 1896 in Madrid) was a Mexican liberal politician, novelist, journalist, intellectual, and military leader. His father was Mariano Riva Palacio, a moderate liberal, and his mother was María de los Dolores Guerrero Hernández, daughter of independence hero and President of Mexico Vicente Guerrero and María de Guadalupe Hernández. Vicente's father worked for the Emperor Maximilian I of Mexico in Querétaro during the French intervention in Mexico.",TRUE,FALSE,ICE
FP_different,Vicente_Riva_Palacio,birthName,Vicente Riva Palacio,Vicente Florencio Carlos Riva Palacio Guerrero,"Vicente Florencio Carlos Riva Palacio Guerrero better known as Vicente Riva Palacio (16 October 1832 in Mexico City – 22 November 1896 in Madrid) was a Mexican liberal politician, novelist, journalist, intellectual, and military leader. His father was Mariano Riva Palacio, a moderate liberal, and his mother was María de los Dolores Guerrero Hernández, daughter of independence hero and President of Mexico Vicente Guerrero and María de Guadalupe Hernández. Vicente's father worked for the Emperor Maximilian I of Mexico in Querétaro during the French intervention in Mexico.",TRUE,FALSE,ICE
FP_different,Vicente_Sim%C3%B3n,label,Vicente Simón Foj,Vicente Simón,"Vicente Simón Foj (born 1 March 1969), is a Spanish retired footballer who played as a forward.",TRUE,FALSE,LCE
FN,Vicente_Sim%C3%B3n,label,,Vicente Simón,"Vicente Simón Foj (born 1 March 1969), is a Spanish retired footballer who played as a forward.",TRUE,TRUE,
FN,Victor_Murdock,birthName,,Victor Murdock,"Victor Murdock (March 18, 1871 – July 8, 1945) was an American politician and newspaper editor who served as a U.S. Representative from Kansas.",TRUE,TRUE,
FN,Vikentij_Maku%C5%A1ev,birthName,,Викентий Васильевич Макушев,Vikentij Makušev (Russian: Викентий Васильевич Макушев) (1837—1883) was a Russian Slavist and Albanologist. He is best known because of his works about Dubrovnik. He was born on 10 November 1837 in Brest Litovsk. His father was military engineer. His mother died in 1847 of cholera. In period between 1856 and 1860 he studied at University of Petrograd. In January 1863 Makušev was appointed as Russian consul in Dubrovnik where he spent five years researching archives of Dubrovnik.,TRUE,TRUE,
FP_new,Vikentij_Maku%C5%A1ev,deathDate,1883-03-10,,Vikentij Makušev (Russian: Викентий Васильевич Макушев) (1837—1883) was a Russian Slavist and Albanologist. He is best known because of his works about Dubrovnik. He was born on 10 November 1837 in Brest Litovsk. His father was military engineer. His mother died in 1847 of cholera. In period between 1856 and 1860 he studied at University of Petrograd. In January 1863 Makušev was appointed as Russian consul in Dubrovnik where he spent five years researching archives of Dubrovnik.,FALSE,FALSE,AC
FN,Vikentij_Maku%C5%A1ev,birthDate,,1837-11-10,Vikentij Makušev (Russian: Викентий Васильевич Макушев) (1837—1883) was a Russian Slavist and Albanologist. He is best known because of his works about Dubrovnik. He was born on 10 November 1837 in Brest Litovsk. His father was military engineer. His mother died in 1847 of cholera. In period between 1856 and 1860 he studied at University of Petrograd. In January 1863 Makušev was appointed as Russian consul in Dubrovnik where he spent five years researching archives of Dubrovnik.,TRUE,TRUE,
FN,Vikentij_Maku%C5%A1ev,birthYear,,1837,Vikentij Makušev (Russian: Викентий Васильевич Макушев) (1837—1883) was a Russian Slavist and Albanologist. He is best known because of his works about Dubrovnik. He was born on 10 November 1837 in Brest Litovsk. His father was military engineer. His mother died in 1847 of cholera. In period between 1856 and 1860 he studied at University of Petrograd. In January 1863 Makušev was appointed as Russian consul in Dubrovnik where he spent five years researching archives of Dubrovnik.,TRUE,TRUE,
FN,Vikentij_Maku%C5%A1ev,deathYear,,1883,Vikentij Makušev (Russian: Викентий Васильевич Макушев) (1837—1883) was a Russian Slavist and Albanologist. He is best known because of his works about Dubrovnik. He was born on 10 November 1837 in Brest Litovsk. His father was military engineer. His mother died in 1847 of cholera. In period between 1856 and 1860 he studied at University of Petrograd. In January 1863 Makušev was appointed as Russian consul in Dubrovnik where he spent five years researching archives of Dubrovnik.,TRUE,TRUE,
FN,Walter_Mooney,birthYear,,1892,"Walter Mooney (c. 1892 – c. 1958) was an English professional rugby league footballer who played in the 1910s and 1920s. He played at representative level for Great Britain, and at club level for Leigh (Heritage № 214) (captain), as a stand-off, i.e. number 6.",TRUE,TRUE,
FN,Walter_Mooney,deathYear,,1958,"Walter Mooney (c. 1892 – c. 1958) was an English professional rugby league footballer who played in the 1910s and 1920s. He played at representative level for Great Britain, and at club level for Leigh (Heritage № 214) (captain), as a stand-off, i.e. number 6.",TRUE,TRUE,
FN,Wendy_Saddington,alias,,Gandharvika Dasi,"Wendy June Saddington (26 September 1949 – 21 June 2013), also known as Gandharvika Dasi, was an Australian blues, soul and jazz singer, and was in the bands Chain, Copperwine and the Wendy Saddington Band. She wrote for teen pop newspaper Go-Set from September 1969 to September 1970 as an agony aunt in her weekly ""Takes Care of Business"" column, and as a feature writer. Saddington had Top 30 chart success with her 1972 solo single ""Looking Through a Window"", which was written and produced by Billy Thorpe and Warren Morgan of the Aztecs. After adopting Krishna Consciousness in the 1970s she took the name Gandharvika Dasi. In March 2013 she was diagnosed with oesophageal cancer, and died on 21 June, aged 63.",TRUE,TRUE,
FP_different,Wendy_Saddington,label,Wendy June Saddington,Wendy Saddington,"Wendy June Saddington (26 September 1949 – 21 June 2013), also known as Gandharvika Dasi, was an Australian blues, soul and jazz singer, and was in the bands Chain, Copperwine and the Wendy Saddington Band. She wrote for teen pop newspaper Go-Set from September 1969 to September 1970 as an agony aunt in her weekly ""Takes Care of Business"" column, and as a feature writer. Saddington had Top 30 chart success with her 1972 solo single ""Looking Through a Window"", which was written and produced by Billy Thorpe and Warren Morgan of the Aztecs. After adopting Krishna Consciousness in the 1970s she took the name Gandharvika Dasi. In March 2013 she was diagnosed with oesophageal cancer, and died on 21 June, aged 63.",TRUE,FALSE,WV
FP_new,William_de_Braose%2C_4th_Lord_of_Bramber,label,William de Braose,,"William de Braose, (or William de Briouze), 4th Lord of Bramber (1144/1153 – 9 August 1211), court favourite of King John of England, at the peak of his power, was also Lord of Gower, Abergavenny, Brecknock, Builth, Radnor, Kington, Limerick, Glamorgan, Skenfrith, Briouze in Normandy, Grosmont and White Castle.",TRUE,TRUE,
FN,William_de_Braose%2C_4th_Lord_of_Bramber,deathDate,,1211-08-09,"William de Braose, (or William de Briouze), 4th Lord of Bramber (1144/1153 – 9 August 1211), court favourite of King John of England, at the peak of his power, was also Lord of Gower, Abergavenny, Brecknock, Builth, Radnor, Kington, Limerick, Glamorgan, Skenfrith, Briouze in Normandy, Grosmont and White Castle.",TRUE,TRUE,
FN,William_de_Braose%2C_4th_Lord_of_Bramber,deathYear,,1211,"William de Braose, (or William de Briouze), 4th Lord of Bramber (1144/1153 – 9 August 1211), court favourite of King John of England, at the peak of his power, was also Lord of Gower, Abergavenny, Brecknock, Builth, Radnor, Kington, Limerick, Glamorgan, Skenfrith, Briouze in Normandy, Grosmont and White Castle.",TRUE,TRUE,
FP_new,William_de_Braose%2C_4th_Lord_of_Bramber,birthYear,1144,,"William de Braose, (or William de Briouze), 4th Lord of Bramber (1144/1153 – 9 August 1211), court favourite of King John of England, at the peak of his power, was also Lord of Gower, Abergavenny, Brecknock, Builth, Radnor, Kington, Limerick, Glamorgan, Skenfrith, Briouze in Normandy, Grosmont and White Castle.",TRUE,TRUE,
FN,William_Edward_Hanford,label,,William Edward Hanford,"William Edward ""Butch"" Hanford (December 9, 1908 – January 27, 1996) was an American chemist who is best known for developing the modern process to make multipurpose material polyurethane. Hanford's most notable discovery occurred while working with fellow chemist Donald Fletcher Holmes at DuPont. On June 2, 1942, Hanford was awarded a patent for his process. Currently, this method is responsible for manufacturing many of the plastics that are used in medicine, the automotive industry, and consumer products. Hanford's later accomplishments included the development of the first liquid household detergent and a new kind of ammunition for Winchester-Western Company. For his work, Hanford was inducted into the National Inventors Hall of Fame in 1991. The New York Times has noted that Hanford's",TRUE,TRUE,
FP_different,William_Edward_Hanford,label,William Edward,William Edward Hanford,"William Edward ""Butch"" Hanford (December 9, 1908 – January 27, 1996) was an American chemist who is best known for developing the modern process to make multipurpose material polyurethane. Hanford's most notable discovery occurred while working with fellow chemist Donald Fletcher Holmes at DuPont. On June 2, 1942, Hanford was awarded a patent for his process. Currently, this method is responsible for manufacturing many of the plastics that are used in medicine, the automotive industry, and consumer products. Hanford's later accomplishments included the development of the first liquid household detergent and a new kind of ammunition for Winchester-Western Company. For his work, Hanford was inducted into the National Inventors Hall of Fame in 1991. The New York Times has noted that Hanford's",TRUE,FALSE,ICE
FN,William_Fitzgerald_Langworthy,birthName,,William Fitzgerald Langworthy,William Fitzgerald Langworthy (25 December 1867 – 28 September 1951) was a Conservative member of the House of Commons of Canada.,TRUE,TRUE,
FN,William_Gilbert_Rees,birthName,,William Gilbert Rees,"William Gilbert Rees (6 April 1827 — 31 October 1898) was an explorer, surveyor, and early settler in Central Otago, New Zealand. He and fellow explorer Nicholas von Tunzelmann were the first Europeans to settle the Wakatipu basin. Rees is regarded as the founder of Queenstown.",TRUE,TRUE,
FN,William_Henry_Brookfield,birthName,,William Henry Brookfield,"William Henry Brookfield (31 August 1809 – 12 July 1874) was an Anglican priest, Inspector of Schools, and chaplain-in-ordinary to Queen Victoria. His son was the playwright Charles Brookfield.",TRUE,TRUE,
FN,William_Henry_Brookfield,birthDate,,1809-08-31,"William Henry Brookfield (31 August 1809 – 12 July 1874) was an Anglican priest, Inspector of Schools, and chaplain-in-ordinary to Queen Victoria. His son was the playwright Charles Brookfield.",TRUE,TRUE,
FN,William_Henry_Brookfield,deathDate,,1874-07-12,"William Henry Brookfield (31 August 1809 – 12 July 1874) was an Anglican priest, Inspector of Schools, and chaplain-in-ordinary to Queen Victoria. His son was the playwright Charles Brookfield.",TRUE,TRUE,
FN,William_Henry_Brookfield,birthYear,,1809,"William Henry Brookfield (31 August 1809 – 12 July 1874) was an Anglican priest, Inspector of Schools, and chaplain-in-ordinary to Queen Victoria. His son was the playwright Charles Brookfield.",TRUE,TRUE,
FN,William_Henry_Brookfield,deathYear,,1874,"William Henry Brookfield (31 August 1809 – 12 July 1874) was an Anglican priest, Inspector of Schools, and chaplain-in-ordinary to Queen Victoria. His son was the playwright Charles Brookfield.",TRUE,TRUE,
FN,William_P%2E_Ragsdale,birthName,,William Phileppus Ragsdale,"William Phileppus Ragsdale (c. 1837 – November 24, 1877) was a lawyer, newspaper editor, and translator of the Kingdom of Hawaii and popular figure known for being luna or superintendent of the Kalaupapa Leprosy Settlement. Elements of his life story influenced Mark Twain's 1889 novel A Connecticut Yankee in King Arthur's Court.",TRUE,TRUE,
FP_new,William_P%2E_Ragsdale,birthDate,1837-11-13,,"William Phileppus Ragsdale (c. 1837 – November 24, 1877) was a lawyer, newspaper editor, and translator of the Kingdom of Hawaii and popular figure known for being luna or superintendent of the Kalaupapa Leprosy Settlement. Elements of his life story influenced Mark Twain's 1889 novel A Connecticut Yankee in King Arthur's Court.",FALSE,FALSE,AC
FP_new,William_P%2E_Ragsdale,birthDate,1837-11-24,,"William Phileppus Ragsdale (c. 1837 – November 24, 1877) was a lawyer, newspaper editor, and translator of the Kingdom of Hawaii and popular figure known for being luna or superintendent of the Kalaupapa Leprosy Settlement. Elements of his life story influenced Mark Twain's 1889 novel A Connecticut Yankee in King Arthur's Court.",FALSE,FALSE,AC
FN,William_Steinkamp,birthName,,William Steinkamp,"William Steinkamp (born June 9, 1953) is an American film editor with more than 20 film credits. He had a longstanding, notable collaboration with director Sydney Pollack, editing nearly all of Pollack's films from Tootsie (1982) through the director's last film, The Interpreter (2005).",TRUE,TRUE,
FN,Xavier_Valls,birthName,,Francesc Xavier Valls Subirà,Francesc Xavier Valls Subirà (18 September 1923 in Barcelona – 16 September 2006 in Barcelona) was a Spanish painter who lived in Paris most of his life. He specialised in still lifes. His work can be found in museums in Spain. He was the father of former French Prime Minister Manuel Valls.,TRUE,TRUE,
FN,Xavier_Valls,label,,Xavier Valls,Francesc Xavier Valls Subirà (18 September 1923 in Barcelona – 16 September 2006 in Barcelona) was a Spanish painter who lived in Paris most of his life. He specialised in still lifes. His work can be found in museums in Spain. He was the father of former French Prime Minister Manuel Valls.,TRUE,TRUE,
FN,Yvette_Vickers,deathYear,,2010,"Yvette Vickers (born Yvette Iola Vedder; August 26, 1928 – c. 2010) was an American actress, pin-up model and singer.",TRUE,TRUE,
FP_new,Yvette_Vickers,deathDate,2010-08-26,,"Yvette Vickers (born Yvette Iola Vedder; August 26, 1928 – c. 2010) was an American actress, pin-up model and singer.",FALSE,FALSE,AC
FN,Zheng_Tianxiang,birthName,,Zheng Tianxiang,"Zheng Tianxiang (simplified Chinese: 郑天翔; traditional Chinese: 鄭天翔; pinyin: Zhèng Tiānxiáng; September 9, 1914 – October 10, 2013) was a Chinese politician and was the President of the Supreme People's Court of China.",TRUE,TRUE,
