,type,ent_uri,pred,val_pred,val_gold,abs,found,verif,reason,need discution,
794,FP_new,%C3%85ke_Claesson,birthName,Åke Claesson,,Åke Claesson (2 July 1889 – 29 May 1967) was a Swedish film actor. He appeared in more than 60 films between 1925 and 1962.,TRUE,TRUE,,,
218,FP_new,%C3%89douard_Schmit,label,Édouard,,"Édouard ""Edy"" Schmit (born 23 December 1930) is a Luxembourgian épée fencer. He competed at the 1956 and 1960 Summer Olympics. In 2008 he was promoted to the rank of Chevalier in the Order of Merit of the Grand Duchy of Luxembourg.",TRUE,FALSE,ICE,,
480,FP_new,%C3%89mile_Loubet,birthName,Émile François Loubet,,"Émile François Loubet (French: [emil lubɛ]; 30 December 1838 – 20 December 1929) was the 45th Prime Minister of France from February to December 1892 and later President of France from 1899 to 1906. Trained in law, he became mayor of Montélimar, where he was noted as a forceful orator. He was elected to the Chamber of Deputies in 1876 and the Senate in 1885. He was appointed as a Republican minister under Carnot and Ribot. He was briefly Prime Minister of France in 1892. As President, he saw the successful Paris Exhibition of 1900, and the forging of the Entente Cordiale with the United Kingdom of Great Britain and Ireland, resolving their sharp differences over the Boer War and the Dreyfus Affair.",TRUE,TRUE,,,
62,FP_new,A%2E_C%2E_Crowder,birthDate,1868-07-16,,"Arthur Campbell Crowder, Sr. (July 16, 1868 - September 15, 1936) was the mayor of Jackson, Mississippi, from 1909 to 1913.",FALSE,TRUE,,,
1354,FN,A%2E_C%2E_Crowder,birthName,,Arthur Campbell Crowder,"Arthur Campbell Crowder, Sr. (July 16, 1868 - September 15, 1936) was the mayor of Jackson, Mississippi, from 1909 to 1913.",TRUE,TRUE,,,
63,FP_new,A%2E_C%2E_Crowder,deathDate,1936-09-15,,"Arthur Campbell Crowder, Sr. (July 16, 1868 - September 15, 1936) was the mayor of Jackson, Mississippi, from 1909 to 1913.",FALSE,TRUE,,,
32,FP_new,Abdool_Razack_Mohamed,birthName,Abdool Razack Mohamed,,Sir Abdool Razack Mohamed (Urdu: عبدل رزاق محمد; 1 August 1906 – 8 May 1978) was an Indian-born former senior Mauritian Minister in the pre and post-independence cabinet of Mauritius.,TRUE,TRUE,,,
19,FP_new,Abdul_Wahid_Khan,birthYear,1871,,"Ustad Abdul Wahid Khan (1871–1949) was an Indian subcontinental singer from the Kirana gharana. He died in 1949 in Saharanpur, India.",TRUE,TRUE,,,
20,FP_new,Abdul_Wahid_Khan,deathYear,1949,,"Ustad Abdul Wahid Khan (1871–1949) was an Indian subcontinental singer from the Kirana gharana. He died in 1949 in Saharanpur, India.",TRUE,TRUE,,,
34,FN,Abhilash_Pillai,birthName,,Abhilash Pillai,"Abhilash Pillai (born 17 May 1969) is an Indian theater director, both pedagogue and scholar of contemporary Indian theatre.",TRUE,TRUE,,,
629,FP_new,Abraham_X%2E_Parker,birthName,Abraham X.Parker,,"Abraham X. Parker (November 14, 1831 – August 9, 1909) was an American lawyer and politician from New York. He was most notable for his service in the New York State Assembly (1863-1864), the New York State Senate (1867-1871), and the United States House of Representatives (1881-1889).",FALSE,TRUE,,,
360,FN,Ace_Frehley,alias,,Space Ace,"Paul Daniel ""Ace"" Frehley (/ˈfreɪli/; born April 27, 1951) is an American musician, best known as the original lead guitarist and co-founding member of the hard rock band Kiss. He invented the persona of The Spaceman (a.k.a. Space Ace) and played with the group from its inception in 1973 until his departure in 1982. After leaving Kiss, Frehley formed his own band named Frehley's Comet and released two albums with this group. He subsequently embarked on a solo career, which was put on hold when he rejoined Kiss in 1996 for a highly successful reunion tour.",TRUE,TRUE,,,
997,FP_new,Ace_Frehley,label,Ace Frehley,,"Paul Daniel ""Ace"" Frehley (/ˈfreɪli/; born April 27, 1951) is an American musician, best known as the original lead guitarist and co-founding member of the hard rock band Kiss. He invented the persona of The Spaceman (a.k.a. Space Ace) and played with the group from its inception in 1973 until his departure in 1982. After leaving Kiss, Frehley formed his own band named Frehley's Comet and released two albums with this group. He subsequently embarked on a solo career, which was put on hold when he rejoined Kiss in 1996 for a highly successful reunion tour.",TRUE,TRUE,,,
726,FP_new,Ada_Rogovtseva,birthName,Ada Rogovtseva,,"Ada Rogovtseva (born 16 July 1937) is a Ukrainian-Soviet actress. She has appeared in over 30 films and television shows since 1957. Professor at the National University of Culture. She won the award for Best Actress at the 7th Moscow International Film Festival for her role in Hail, Mary!.",TRUE,TRUE,,,
511,FN,Adela_Zamudio,alias,,Soledad,"Paz Juana Plácida Adela Rafaela Zamudio Rivero, or more popularly known as Adela Zamudio (1854–1928) was a Bolivian poet, feminist, and educator. She is considered the most famous Bolivian poet, and is credited as founding the country's feminist movement. In her writing, she also used the pen-name Soledad.",TRUE,TRUE,,,
1736,FN,Adela_Zamudio,birthName,,Paz Juana Plácida Adela Rafaela Zamudio Rivero,"Paz Juana Plácida Adela Rafaela Zamudio Rivero, or more popularly known as Adela Zamudio (1854–1928) was a Bolivian poet, feminist, and educator. She is considered the most famous Bolivian poet, and is credited as founding the country's feminist movement. In her writing, she also used the pen-name Soledad.",TRUE,TRUE,,,
4322,FP_different,Adela_Zamudio,birthName,Adela Rafaela Zamudio,Paz Juana Plácida Adela Rafaela Zamudio Rivero,"Paz Juana Plácida Adela Rafaela Zamudio Rivero, or more popularly known as Adela Zamudio (1854–1928) was a Bolivian poet, feminist, and educator. She is considered the most famous Bolivian poet, and is credited as founding the country's feminist movement. In her writing, she also used the pen-name Soledad.",TRUE,FALSE,ICE,,
4827,FP_different,Adela_Zamudio,birthName,Paz Juana Plácida Adela Rafaela Zamudio,Paz Juana Plácida Adela Rafaela Zamudio Rivero,"Paz Juana Plácida Adela Rafaela Zamudio Rivero, or more popularly known as Adela Zamudio (1854–1928) was a Bolivian poet, feminist, and educator. She is considered the most famous Bolivian poet, and is credited as founding the country's feminist movement. In her writing, she also used the pen-name Soledad.",TRUE,FALSE,ICE,,
510,FN,Adela_Zamudio,label,,Adela Zamudio,"Paz Juana Plácida Adela Rafaela Zamudio Rivero, or more popularly known as Adela Zamudio (1854–1928) was a Bolivian poet, feminist, and educator. She is considered the most famous Bolivian poet, and is credited as founding the country's feminist movement. In her writing, she also used the pen-name Soledad.",TRUE,TRUE,,,
1289,FP_new,Ador%C3%A9e_Villany,birthName,Adorée Via Villany,,Adorée Via Villany (1891–?) was the stage name for a French dancer and choreographer.,TRUE,TRUE,,,
3912,FN,Ador%C3%A9e_Villany,birthYear,,1891,Adorée Via Villany (1891–?) was the stage name for a French dancer and choreographer.,TRUE,TRUE,,,
598,FP_new,Ador%C3%A9e_Villany,label,Adorée Via Villany,,Adorée Via Villany (1891–?) was the stage name for a French dancer and choreographer.,TRUE,FALSE,LCE,,
216,FN,Ahmad_al-Tijani,birthYear,,1735,"Abū al-ʻAbbās Ahmad ibn Muhammad at-Tijāniyy or Ahmed Tijani (Arabic: أحمد التجاني, 1735–1815), was an Algerian Sharif who founded the Tijaniyyah tariqa (Sufi order).",TRUE,TRUE,,,
217,FN,Ahmad_al-Tijani,deathYear,,1815,"Abū al-ʻAbbās Ahmad ibn Muhammad at-Tijāniyy or Ahmed Tijani (Arabic: أحمد التجاني, 1735–1815), was an Algerian Sharif who founded the Tijaniyyah tariqa (Sufi order).",TRUE,TRUE,,,
215,FP_new,Ahmad_al-Tijani,label,Ahmad Tijani,,"Abū al-ʻAbbās Ahmad ibn Muhammad at-Tijāniyy or Ahmed Tijani (Arabic: أحمد التجاني, 1735–1815), was an Algerian Sharif who founded the Tijaniyyah tariqa (Sufi order).",TRUE,FALSE,ICE,,
2528,FP_new,Ahmad_al-Tijani,label,Ahmad al-Tijani,,"Abū al-ʻAbbās Ahmad ibn Muhammad at-Tijāniyy or Ahmed Tijani (Arabic: أحمد التجاني, 1735–1815), was an Algerian Sharif who founded the Tijaniyyah tariqa (Sufi order).",FALSE,TRUE,,,
698,FP_new,Ahmad_Hamcho,label,Ahmad Saber Hamcho,,"Ahmad Saber Hamcho (Arabic: أحمد صابر حمشو; born 25 November 1992) is a Syrian equestrian who competed in individual jumping at the 2012 Summer Olympics. He was the first Syrian to participate in Olympic equestrian events. In December 2019, he qualified for the 2020 Summer Olympics in Tokyo.",TRUE,FALSE,LCE,,
1909,FP_new,Ahmad_Hamcho,label,Ahmad Hamcho,,"Ahmad Saber Hamcho (Arabic: أحمد صابر حمشو; born 25 November 1992) is a Syrian equestrian who competed in individual jumping at the 2012 Summer Olympics. He was the first Syrian to participate in Olympic equestrian events. In December 2019, he qualified for the 2020 Summer Olympics in Tokyo.",TRUE,TRUE,,,
495,FP_new,Ahmed_Bahnini,birthDate,1909-09-09,,"Ahmed Bahnini (Arabic: أحمد بحنيني; 1909, Fes – 10 July 1971, Rabat) was a Moroccan politician who served as the 4th Prime Ministers of Morocco from 1963 to 1965 under King Hassan II. He also served as President of the Supreme Court. On July 10, 1971, during a celebration of Hassan II's birthday in Skhirat palace, Bahnini was shot dead when mutinying soldiers fired into a crowd of guests during a bloody and unsuccessful military coup attempt.",FALSE,FALSE,AC,,
1176,FP_new,Ahmed_Bahnini,birthDate,1909-07-09,,"Ahmed Bahnini (Arabic: أحمد بحنيني; 1909, Fes – 10 July 1971, Rabat) was a Moroccan politician who served as the 4th Prime Ministers of Morocco from 1963 to 1965 under King Hassan II. He also served as President of the Supreme Court. On July 10, 1971, during a celebration of Hassan II's birthday in Skhirat palace, Bahnini was shot dead when mutinying soldiers fired into a crowd of guests during a bloody and unsuccessful military coup attempt.",FALSE,FALSE,AC,,
1175,FP_new,Ahmed_Bahnini,birthName,Ahmed Bahnini,,"Ahmed Bahnini (Arabic: أحمد بحنيني; 1909, Fes – 10 July 1971, Rabat) was a Moroccan politician who served as the 4th Prime Ministers of Morocco from 1963 to 1965 under King Hassan II. He also served as President of the Supreme Court. On July 10, 1971, during a celebration of Hassan II's birthday in Skhirat palace, Bahnini was shot dead when mutinying soldiers fired into a crowd of guests during a bloody and unsuccessful military coup attempt.",TRUE,TRUE,,,
496,FP_new,Ahmed_Bahnini,birthYear,1909,,"Ahmed Bahnini (Arabic: أحمد بحنيني; 1909, Fes – 10 July 1971, Rabat) was a Moroccan politician who served as the 4th Prime Ministers of Morocco from 1963 to 1965 under King Hassan II. He also served as President of the Supreme Court. On July 10, 1971, during a celebration of Hassan II's birthday in Skhirat palace, Bahnini was shot dead when mutinying soldiers fired into a crowd of guests during a bloody and unsuccessful military coup attempt.",TRUE,TRUE,,,
938,FN,Aikaterini_Laskaridou,birthYear,,1842,Aikaterini Laskaridou (1842 – 1916) was a Greek feminist and educator who created the kindergarten system in Greece and introduced physical exercise into the girls' schools.,TRUE,TRUE,,,
939,FN,Aikaterini_Laskaridou,deathYear,,1916,Aikaterini Laskaridou (1842 – 1916) was a Greek feminist and educator who created the kindergarten system in Greece and introduced physical exercise into the girls' schools.,TRUE,TRUE,,,
426,FP_new,Al_Francis_Bichara,birthName,Al Francis C.Bichara,,"Al Francis C. Bichara (born September 17, 1952) is a Filipino politician and former provincial governor of Albay in the Bicol Region of the Philippines from 1995 to 2004 and again from 2016 to 2022. A civil engineer by profession, Bichara's political career began when he served as mayor of Ligao City from 1986 to 1992. In 1992, Bichara was elected to the House of Representatives, representing the 3rd District of Albay. After one term in the House, Bichara was elected governor of Albay in 1995. He was re-elected as governor in 1998 and 2001.",FALSE,TRUE,,,
265,FP_new,Al_Rio,birthDate,1962-05-19,,"Álvaro Araújo Lourenço do Rio (19 May 1962 – 31 January 2012) – known professionally as Al Rio – was a Brazilian comic book artist, best known for his ""good girl"" illustration work, particularly on the American comic book series Gen¹³ and DV8, published by Wildstorm Comics.",TRUE,TRUE,,,
264,FP_new,Al_Rio,birthName,Álvaro Araújo Lourenço do Rio,,"Álvaro Araújo Lourenço do Rio (19 May 1962 – 31 January 2012) – known professionally as Al Rio – was a Brazilian comic book artist, best known for his ""good girl"" illustration work, particularly on the American comic book series Gen¹³ and DV8, published by Wildstorm Comics.",TRUE,TRUE,,,
267,FP_new,Al_Rio,birthYear,1962,,"Álvaro Araújo Lourenço do Rio (19 May 1962 – 31 January 2012) – known professionally as Al Rio – was a Brazilian comic book artist, best known for his ""good girl"" illustration work, particularly on the American comic book series Gen¹³ and DV8, published by Wildstorm Comics.",TRUE,TRUE,,,
266,FP_new,Al_Rio,deathDate,2012-01-31,,"Álvaro Araújo Lourenço do Rio (19 May 1962 – 31 January 2012) – known professionally as Al Rio – was a Brazilian comic book artist, best known for his ""good girl"" illustration work, particularly on the American comic book series Gen¹³ and DV8, published by Wildstorm Comics.",TRUE,TRUE,,,
268,FP_new,Al_Rio,deathYear,2012,,"Álvaro Araújo Lourenço do Rio (19 May 1962 – 31 January 2012) – known professionally as Al Rio – was a Brazilian comic book artist, best known for his ""good girl"" illustration work, particularly on the American comic book series Gen¹³ and DV8, published by Wildstorm Comics.",TRUE,TRUE,,,
263,FN,Al_Rio,label,,Al Rio,"Álvaro Araújo Lourenço do Rio (19 May 1962 – 31 January 2012) – known professionally as Al Rio – was a Brazilian comic book artist, best known for his ""good girl"" illustration work, particularly on the American comic book series Gen¹³ and DV8, published by Wildstorm Comics.",TRUE,TRUE,,,
1950,FN,Alan_Billings,birthName,,Alan Roy Billings,Alan Roy Billings (born 7 October 1942) is an Anglican priest and Labour politician who is currently the South Yorkshire Police and Crime Commissioner.,TRUE,TRUE,,,
4690,FN,Alan_Ferguson,birthName,,Alan Baird Ferguson,"Alan Baird Ferguson AM (born 16 September 1943) is a former Australian politician who was a Liberal member of the Australian Senate representing South Australia from May 1992 to June 2011. He served as the 22nd President of the Australian Senate from August 2007 to August 2008. For eight years until his election as President of the Senate in 2007, Ferguson chaired the influential Joint Standing Committee on Foreign Affairs, Defence and Trade in the Australian Parliament. Ferguson decided not to run again in the 2010 election, and his final term ended on 30 June 2011.",TRUE,TRUE,,,
172,FP_new,Alan_Watts,birthName,Alan Wilson Watts,,"Alan Wilson Watts (6 January 1915 – 16 November 1973) was an English writer, speaker and self-styled ""philosophical entertainer"", known for interpreting and popularising Japanese, Chinese and Indian traditions of Buddhist, Taoist, and Hindu philosophy for a Western audience. Born in Chislehurst, England, he moved to the United States in 1938 and began Zen training in New York. He received a master's degree in theology from Seabury-Western Theological Seminary and became an Episcopal priest in 1945. He left the ministry in 1950 and moved to California, where he joined the faculty of the American Academy of Asian Studies.",TRUE,TRUE,,,
526,FN,Alec_Finn,label,,Alec Finn,"Alexander J. Phinn (4 June 1944 – 16 November 2018), known professionally as Alec Finn, was a British-born traditional musician who is famous for his unique style of accompaniment on the bouzouki. He was best known for founding De Dannan in 1974 with Frankie Gavin, and Charlie Piggott, after a series of music sessions at, An Spidéal, Co. Galway.",TRUE,TRUE,,,
1216,FP_new,Aleksa_Buha,birthName,Aleksa Buha,,"Aleksa Buha (born 21 November 1939) is a Bosnian Serb philosopher and member of the Academy of Sciences and Arts of the Republika Srpska. During the 1990s, he was the minister of foreign affairs of Republika Srpska. Buha is also a member of the Senate of Republika Srpska. From 1996 until 1998, he was the President of the Serb Democratic Party.",TRUE,TRUE,,,
613,FP_new,Aleksandr_Ivanovsky,birthName,Aleksandr Ivanovsky,,"Aleksandr Ivanovsky (1881–1968) was a Russian screenwriter and film director who worked during the Soviet era. Ivanovsky was awarded the Stalin Prize in 1941, for his work on the 1940 film Musical Story. His 1944 operetta film Silva was one of the most popular releases in the Soviet Union that year.",TRUE,TRUE,,,
879,FP_new,Alexis_Corbi%C3%A8re,birthName,Alexis Corbière,,"Alexis Corbière (French pronunciation: ​[alɛksi kɔʁbjɛʁ]; born 17 August 1968) is a French politician. A member of La France Insoumise (FI), he has been member of the National Assembly for the 7th constituency of the Seine-Saint-Denis department since 2017. Corbière is also a spokesperson for La France Insoumise and the party's leader Jean-Luc Mélenchon in the 2017 French presidential election.",TRUE,TRUE,,,
1285,FP_new,Alfred_Hermann_Fried,birthName,Alfred Hermann Fried,,"Alfred Hermann Fried (German pronunciation: [ˈʔalfʁeːt ˈhɛʁman ˈfʁiːt]; 11 November 1864 – 4 May 1921) was an Austrian Jewish pacifist, publicist, journalist, co-founder of the German peace movement, and winner (with Tobias Asser) of the Nobel Peace Prize in 1911. Fried was also a supporter of Esperanto. He is the author of an Esperanto textbook and an Esperanto-German and German-Esperanto dictionary, first published in 1903 and republished in 1905.",TRUE,TRUE,,,
596,FP_new,Alfred_Hermann_Fried,deathDate,1921-05-04,,"Alfred Hermann Fried (German pronunciation: [ˈʔalfʁeːt ˈhɛʁman ˈfʁiːt]; 11 November 1864 – 4 May 1921) was an Austrian Jewish pacifist, publicist, journalist, co-founder of the German peace movement, and winner (with Tobias Asser) of the Nobel Peace Prize in 1911. Fried was also a supporter of Esperanto. He is the author of an Esperanto textbook and an Esperanto-German and German-Esperanto dictionary, first published in 1903 and republished in 1905.",TRUE,TRUE,,,
1781,FN,Alfredo_Cuadra_Tinajero,birthName,,Alfredo Sergio Cuadra Tinajero,Alfredo Sergio Cuadra Tinajero (born 17 August 1976) is a Mexican politician from the National Action Party. In 2012 he served as Deputy of the LXI Legislature of the Mexican Congress representing Nuevo León.,TRUE,TRUE,,,
491,FP_new,Algirdas_Brazauskas,birthName,Algirdas Mykolas Brazauskas,,"Algirdas Mykolas Brazauskas ([ˈɐ̂ˑlʲɡʲɪrdɐs ˈmʲîːkoːɫɐs brɐˈzɐ̂ˑʊskɐs], 22 September 1932 – 26 June 2010) was the first President (fourth overall) of a newly re-independent post-Soviet Lithuania from 1993 to 1998 and Prime Minister from 2001 to 2006. He also served as head of the Communist Party of Lithuania that broke with Moscow.",TRUE,TRUE,,,
189,FP_new,Alicia_Kirchner,birthName,Alicia Margarita Kirchner,,"Alicia Margarita Kirchner (born 18 July 1946) is an Argentine politician. She is the elder sister of the late former President Néstor Kirchner and served in his government as Minister of Social Development, a role which she held under President Cristina Fernández de Kirchner, her sister-in-law, until the end of her presidential term on 9 December 2015. On 10 December 2015, she was sworn in as the governor of the Province of Santa Cruz.",TRUE,TRUE,,,
0,FP_new,Allen_May,birthDate,1969-10-30,,"Allen May (born October 30, 1969 in Dallas, Texas) is an American racecar driver. He drove in the U.S. F2000 National Championship, and, in 1997 he started a single race in the Indy Racing League IndyCar Series for at Texas Motor Speedway where he crashed on lap 36 and was credited with 22nd place. He is also a former Formula Continental SCCA national champion.",TRUE,TRUE,,,
1,FP_new,Allen_May,birthYear,1969,,"Allen May (born October 30, 1969 in Dallas, Texas) is an American racecar driver. He drove in the U.S. F2000 National Championship, and, in 1997 he started a single race in the Indy Racing League IndyCar Series for at Texas Motor Speedway where he crashed on lap 36 and was credited with 22nd place. He is also a former Formula Continental SCCA national champion.",TRUE,TRUE,,,
13,FP_new,Alyaksandr_Valadzko,birthDate,1986-06-18,,"Alyaksandr Pawlavich Valadzko, also spelled sometimes as Aleksandr Pavlovich Volodko (Belarusian: Алякса́ндр Па́ўлавіч Валадзько́; Russian: Алекса́ндр Па́влович Володько́; Polish: Aleksander Wołodko; born 18 June 1986) is a Belarusian former footballer of Polish descent.",TRUE,TRUE,,,
1086,FP_new,Amrita_Chaudhry,birthName,Amrita Chaudhry,,"Amrita Chaudhry (26 June 1972 – 22 October 2012) was an Indian print media journalist working as Principal Correspondent with the newspaper The Indian Express. In her decade long career with the newspaper, Amrita earned wide recognition for her reporting on diverse issues in Punjab. Amrita died on 22 October 2012 after she met with an accident.",TRUE,TRUE,,,
72,FP_new,Ana_Arbiz%C3%BA_y_Flores,birthDate,1825-09-21,,"Ana Mateo Arbizú y Flores (21 September 1825 - 30 November 1903), also known as Ana Arbizú de Guardiola, was a Honduran poet, considered the first in her country.",FALSE,TRUE,,,
675,FP_new,Ana_Arbiz%C3%BA_y_Flores,birthName,Ana Mateo Arbizú y Flores,,"Ana Mateo Arbizú y Flores (21 September 1825 - 30 November 1903), also known as Ana Arbizú de Guardiola, was a Honduran poet, considered the first in her country.",TRUE,TRUE,,,
73,FP_new,Ana_Arbiz%C3%BA_y_Flores,deathDate,1903-11-30,,"Ana Mateo Arbizú y Flores (21 September 1825 - 30 November 1903), also known as Ana Arbizú de Guardiola, was a Honduran poet, considered the first in her country.",FALSE,TRUE,,,
2932,FP_new,Ana_Arbiz%C3%BA_y_Flores,label,Ana Mateo Arbizú y Flores,,"Ana Mateo Arbizú y Flores (21 September 1825 - 30 November 1903), also known as Ana Arbizú de Guardiola, was a Honduran poet, considered the first in her country.",TRUE,FALSE,LCE,,
310,FP_new,Ana_Elisa_Villanueva,birthName,Ana Elisa Aurora Villanueva,,"Ana Elisa Aurora Villanueva Callot (July 28, 1930 – April 5, 1998) was a Dominican politician and children's advocate. She served as First Lady of the Dominican Republic from July 4, 1982, to August 16, 1982, during the brief 43-day presidency of her husband, Jacobo Majluta. Villanueva was also the vice president of the Independent Revolutionary Party (PRI).",TRUE,FALSE,LCE,,
949,FP_new,Ana_Elisa_Villanueva,birthName,Ana Elisa Aurora Villanueva Callot,,"Ana Elisa Aurora Villanueva Callot (July 28, 1930 – April 5, 1998) was a Dominican politician and children's advocate. She served as First Lady of the Dominican Republic from July 4, 1982, to August 16, 1982, during the brief 43-day presidency of her husband, Jacobo Majluta. Villanueva was also the vice president of the Independent Revolutionary Party (PRI).",TRUE,TRUE,,,
5162,FP_new,Ana_Elisa_Villanueva,label,Ana Elisa Aurora Villanueva,,"Ana Elisa Aurora Villanueva Callot (July 28, 1930 – April 5, 1998) was a Dominican politician and children's advocate. She served as First Lady of the Dominican Republic from July 4, 1982, to August 16, 1982, during the brief 43-day presidency of her husband, Jacobo Majluta. Villanueva was also the vice president of the Independent Revolutionary Party (PRI).",TRUE,FALSE,LCE,,
184,FP_new,Andr%C3%A9s_Rodr%C3%ADguez_de_Villegas,birthYear,1580,,"Andrés Rodríguez de Villegas (1580–1631) was a Spanish soldier who served as governor and captain-general of the Province of Isla Margarita, Venezuela (1619–1626) and as governor of Spanish Florida (1630–1631).",TRUE,TRUE,,,
185,FP_new,Andr%C3%A9s_Rodr%C3%ADguez_de_Villegas,deathYear,1631,,"Andrés Rodríguez de Villegas (1580–1631) was a Spanish soldier who served as governor and captain-general of the Province of Isla Margarita, Venezuela (1619–1626) and as governor of Spanish Florida (1630–1631).",TRUE,TRUE,,,
4517,FP_new,Andrea_Vendramin,birthDate,1393-03-05,,"Andrea Vendramin (1393 – May 5, 1478, both Venice) served as Doge of Venice, 1476–78, at the height of Venetian power, the only member of the Vendramin family to do so. His mother, Maria Michiel, and his wife Regina Gradenigo, both came from Dogal families. He had served as Venetian Procurator in Rome, and his brief reign was largely concerned with the end of the Second Turkish–Venetian War. He probably died of plague. He was interred in the Basilica di San Giovanni e Paolo, a traditional burial place of the doges. After Andrea's death, his widow married his brother, Luca.",FALSE,FALSE,AC,,
2457,FP_new,Andrea_Vendramin,birthYear,1393,,"Andrea Vendramin (1393 – May 5, 1478, both Venice) served as Doge of Venice, 1476–78, at the height of Venetian power, the only member of the Vendramin family to do so. His mother, Maria Michiel, and his wife Regina Gradenigo, both came from Dogal families. He had served as Venetian Procurator in Rome, and his brief reign was largely concerned with the end of the Second Turkish–Venetian War. He probably died of plague. He was interred in the Basilica di San Giovanni e Paolo, a traditional burial place of the doges. After Andrea's death, his widow married his brother, Luca.",TRUE,TRUE,,,
128,FP_new,Andrea_Vendramin,deathDate,1478-05-05,,"Andrea Vendramin (1393 – May 5, 1478, both Venice) served as Doge of Venice, 1476–78, at the height of Venetian power, the only member of the Vendramin family to do so. His mother, Maria Michiel, and his wife Regina Gradenigo, both came from Dogal families. He had served as Venetian Procurator in Rome, and his brief reign was largely concerned with the end of the Second Turkish–Venetian War. He probably died of plague. He was interred in the Basilica di San Giovanni e Paolo, a traditional burial place of the doges. After Andrea's death, his widow married his brother, Luca.",TRUE,TRUE,,,
129,FP_new,Andrea_Vendramin,deathYear,1478,,"Andrea Vendramin (1393 – May 5, 1478, both Venice) served as Doge of Venice, 1476–78, at the height of Venetian power, the only member of the Vendramin family to do so. His mother, Maria Michiel, and his wife Regina Gradenigo, both came from Dogal families. He had served as Venetian Procurator in Rome, and his brief reign was largely concerned with the end of the Second Turkish–Venetian War. He probably died of plague. He was interred in the Basilica di San Giovanni e Paolo, a traditional burial place of the doges. After Andrea's death, his widow married his brother, Luca.",TRUE,TRUE,,,
1400,FP_new,Andrew_Mishkin,birthYear,1958,,"Andrew Mishkin (born c. 1958, in Los Angeles) is a senior systems engineer at the Jet Propulsion Laboratory, where he coordinated the development of various robotic vehicles and their subsystems for more than 15 years. He was on the Sojourner rover team at its formation, eventually leading the team and commanding the rover during its exploration of Mars. In 1997 he received the NASA Exceptional Achievement Medal and was also selected as one of ""The 35 People Who Made the Year"" in the December issue of Vanity Fair magazine. He then was a Mission Operations System Development Manager on Mars Exploration Rover mission.",TRUE,TRUE,,,
542,FP_new,Angelo_Baroni,birthYear,1553,,Angelo Baroni (1553 – November 1612) was a Roman Catholic prelate who served as Bishop of Chioggia (1611–1612) and Bishop of Kotor (1604–1611).,TRUE,TRUE,,,
1766,FP_new,Angelo_Baroni,deathDate,1612-11-12,,Angelo Baroni (1553 – November 1612) was a Roman Catholic prelate who served as Bishop of Chioggia (1611–1612) and Bishop of Kotor (1604–1611).,FALSE,FALSE,AC,,
543,FP_new,Angelo_Baroni,deathYear,1612,,Angelo Baroni (1553 – November 1612) was a Roman Catholic prelate who served as Bishop of Chioggia (1611–1612) and Bishop of Kotor (1604–1611).,TRUE,TRUE,,,
457,FP_new,Anjelica_Bette_Fellini,birthName,Anjelica Bette Fellini,,"Anjelica Bette Fellini (born November 26, 1994) is an American actress known for her role as Rebecca Hoover (Twist) in The Gifted (2018) and as Blair Wesley in the Netflix teen comedy-drama television series Teenage Bounty Hunters in 2020.",TRUE,TRUE,,,
175,FP_new,Anke_Karstens,label,Anke Wöhrer,,"Anke Wöhrer (also spelled Woehrer, née Karstens; born 13 October 1985, in Berchtesgaden) is a German snowboarder. She participated at the 2014 Winter Olympics and 2018 Winter Olympics, earning the silver medal in the women's parallel slalom event in 2014.",TRUE,FALSE,WV,,
1978,FP_new,Anke_Karstens,label,Anke Karstens,,"Anke Wöhrer (also spelled Woehrer, née Karstens; born 13 October 1985, in Berchtesgaden) is a German snowboarder. She participated at the 2014 Winter Olympics and 2018 Winter Olympics, earning the silver medal in the women's parallel slalom event in 2014.",TRUE,TRUE,,,
186,FN,Anna_Linhartov%C3%A1,birthName,,Anna Linhartová,"Anna Linhartová (born 21 March 1994) is a Czech actress. She was nominated in the category of Best Supporting Actress at the 2011 Czech Lion Awards, for her performance in the film Innocence. She has also had roles in television series including Případy 1. oddělení and Život je ples. The daughter of Czech actress, she got married at the age of 23 in June 2017.",TRUE,TRUE,,,
944,FP_new,Anne_Belle_Stone,birthName,Anna Belle Stone,,Anne Belle Stone or Anna Belle Stone (1874–1949) was an American artist known for her floral still-lifes. She was one of the founders of the Women Painters of Washington.,TRUE,TRUE,,,
306,FP_new,Anne_Belle_Stone,birthYear,1874,,Anne Belle Stone or Anna Belle Stone (1874–1949) was an American artist known for her floral still-lifes. She was one of the founders of the Women Painters of Washington.,TRUE,TRUE,,,
307,FP_new,Anne_Belle_Stone,deathYear,1949,,Anne Belle Stone or Anna Belle Stone (1874–1949) was an American artist known for her floral still-lifes. She was one of the founders of the Women Painters of Washington.,TRUE,TRUE,,,
952,FP_new,Anthony_Cellier,birthName,Anthony Cellier,,"Anthony Cellier (born 1 June 1975) is a French politician representing La République En Marche! He was elected to the French National Assembly on 18 June 2017, representing the department of Gard.",TRUE,TRUE,,,
378,FP_new,Antoine_B%C3%A9cl%C3%A8re,birthName,Antoine Louis Gustave Béclère,,"Antoine Louis Gustave Béclère (17 March 1856, Paris - 24 February 1939), virologist, immunologist, was a pioneer in radiology. In 1897 he created the first laboratory of radiology in Paris.",TRUE,TRUE,,,
379,FP_new,Antoine_B%C3%A9cl%C3%A8re,deathDate,1939-02-24,,"Antoine Louis Gustave Béclère (17 March 1856, Paris - 24 February 1939), virologist, immunologist, was a pioneer in radiology. In 1897 he created the first laboratory of radiology in Paris.",TRUE,TRUE,,,
380,FP_new,Antoine_B%C3%A9cl%C3%A8re,deathYear,1939,,"Antoine Louis Gustave Béclère (17 March 1856, Paris - 24 February 1939), virologist, immunologist, was a pioneer in radiology. In 1897 he created the first laboratory of radiology in Paris.",TRUE,TRUE,,,
178,FP_new,Anton_Krzyzanowski,birthName,Anton Kryzhanovsky,,"Anton Krzyzanowski or Anton Kryzhanovsky (Russian: Антон Крыжановский, born 3 March 1995) is a Russian intersex activist and sound designer. He is the founder of the intersex human rights initiative group Interseks.ru (Интерсекс.ру) and is known for speaking openly about living with ovotestis.",TRUE,TRUE,,,
313,FP_new,Anton_von_Werner,birthName,Anton Alexander von Werner,,"Anton Alexander von Werner (9 May 1843 – 4 January 1915) was a German painter known for his history paintings of notable political and military events in the Kingdom of Prussia. One of the most famous painters of his time, he is regarded a main protagonist of the Wilhelmine Period.",TRUE,TRUE,,,
390,FP_new,Antonio_Mart%C3%ADnez_Ron,birthDate,1976-05-03,,"Antonio Martínez Ron (born 3 May 1976 in Madrid) is a Spanish journalist and scientific reporter. He's graduated in journalism from the Universidad Complutense de Madrid. He has collaborated in different media such as Cadena SER, La2 and RNE. He is also responsible for the digital projects of scientific dissemination and. In 2015 he presented his first book ""¿Qué ven los astronautas cuando cierran los ojos?"" And in 2016 he published ""El ojo desnudo"".",TRUE,TRUE,,,
1034,FP_new,Antonio_Mart%C3%ADnez_Ron,birthName,Antonio Martínez Ron,,"Antonio Martínez Ron (born 3 May 1976 in Madrid) is a Spanish journalist and scientific reporter. He's graduated in journalism from the Universidad Complutense de Madrid. He has collaborated in different media such as Cadena SER, La2 and RNE. He is also responsible for the digital projects of scientific dissemination and. In 2015 he presented his first book ""¿Qué ven los astronautas cuando cierran los ojos?"" And in 2016 he published ""El ojo desnudo"".",TRUE,TRUE,,,
391,FP_new,Antonio_Mart%C3%ADnez_Ron,birthYear,1976,,"Antonio Martínez Ron (born 3 May 1976 in Madrid) is a Spanish journalist and scientific reporter. He's graduated in journalism from the Universidad Complutense de Madrid. He has collaborated in different media such as Cadena SER, La2 and RNE. He is also responsible for the digital projects of scientific dissemination and. In 2015 he presented his first book ""¿Qué ven los astronautas cuando cierran los ojos?"" And in 2016 he published ""El ojo desnudo"".",TRUE,TRUE,,,
1052,FP_new,Antonio_Tobias_Mendez,birthName,Antonio Tobias Mendez,,Antonio Tobias Mendez (born 1963) is an American sculptor.,TRUE,TRUE,,,
314,FP_different,Arlene_Howell,birthName,Eurlyne Howell,Arlene Howell,"Arlene Howell (born Eurlyne Howell; October 26, 1939) is an American former actress and beauty pageant titleholder who won the title of Miss USA 1958.",TRUE,TRUE,,,
2095,FN,Arlene_Howell,birthName,,Arlene Howell,"Arlene Howell (born Eurlyne Howell; October 26, 1939) is an American former actress and beauty pageant titleholder who won the title of Miss USA 1958.",TRUE,FALSE,WV,,
22,FP_new,Arthur_W%2E_Overmyer,birthName,Arthur Warren Overmyer,,"Arthur Warren Overmyer (May 31, 1879 – March 8, 1952) was a U.S. Representative from Ohio, and a judge on the Ohio Court of Appeals.",TRUE,TRUE,,,
29,FP_different,Arturo_Guerrero,label,Arturo Guerrero Moreno,Arturo Guerrero,"Arturo Guerrero Moreno (born 30 August 1948) is a Mexican former basketball player and coach. With Mexico's senior national team, he played at two Summer Olympic Games (1968 and 1976). Due to his shooting ability, he was nicknamed ""Mano Santa"" (""Holy Hand""). Along with Carlos Quintanar and Manolo Raga, he is generally considered to be one of the two best Mexican basketball players of all time.",TRUE,FALSE,LCE,,
465,FP_new,Austin_Wayne_Self,birthDate,1996-03-05,,"Austin Wayne Self (born March 5, 1996) is an American professional stock car racing driver. He competes part-time in the NASCAR Camping World Truck Series, driving the No. 22 Chevrolet Silverado for his family team, AM Racing and part-time in the NASCAR Xfinity Series, driving the No. 32 Chevrolet Camaro for Jordan Anderson Racing. He also has competed in the ARCA Menards Series, previously driving full-time in it for two years before moving up to the Truck Series, although he has continued to drive in the series part-time, most recently in 2019, where he drove the No. 32 Chevrolet for Win-Tron Racing.",TRUE,TRUE,,,
466,FP_new,Austin_Wayne_Self,birthYear,1996,,"Austin Wayne Self (born March 5, 1996) is an American professional stock car racing driver. He competes part-time in the NASCAR Camping World Truck Series, driving the No. 22 Chevrolet Silverado for his family team, AM Racing and part-time in the NASCAR Xfinity Series, driving the No. 32 Chevrolet Camaro for Jordan Anderson Racing. He also has competed in the ARCA Menards Series, previously driving full-time in it for two years before moving up to the Truck Series, although he has continued to drive in the series part-time, most recently in 2019, where he drove the No. 32 Chevrolet for Win-Tron Racing.",TRUE,TRUE,,,
2228,FN,Baltazar_Hinojosa_Ochoa,birthName,,Baltazar Manuel Hinojosa Ochoa,"Baltazar Manuel Hinojosa Ochoa (born September 13, 1963) is a Mexican-American politician from the Institutional Revolutionary Party (PRI) and former Secretary of Agriculture, Livestock, Rural Development, Fisheries and Food. He holds a bachelor's degree in economics from the Universidad de Monterrey.",TRUE,TRUE,,,
755,FP_different,Barbara_Finch,birthName,Barbara Ann Finch,Barbara Ann Davis,"Barbara Ann Finch (November 17, 1952 – December 17, 2008) was an American politician. Barbara Ann Davis was born in New York City to parents James and Ruth Davis on November 17, 1952. She attended Nassau Community College and Creighton University. Davis married Robert Finch in 1981. The couple farmed and raised three children near Ames, Iowa.",TRUE,TRUE,WV,,
1421,FN,Barbara_Finch,birthName,,Barbara Ann Davis,"Barbara Ann Finch (November 17, 1952 – December 17, 2008) was an American politician. Barbara Ann Davis was born in New York City to parents James and Ruth Davis on November 17, 1952. She attended Nassau Community College and Creighton University. Davis married Robert Finch in 1981. The couple farmed and raised three children near Ames, Iowa.",TRUE,FALSE,WV,,
1026,FP_new,Barbara_Tarbuck,birthName,Barbara Tarbuck,,"Barbara Tarbuck (January 15, 1942 – December 26, 2016) was an American film, television, and stage actress from Detroit, Michigan, best known for her role as ""Lady Jane Jacks"" in General Hospital.",TRUE,TRUE,,,
517,FP_new,Barbra_Amesbury,birthYear,1948,,"Barbra Amesbury (born 1948) is a Canadian philanthropist, singer-songwriter, composer and filmmaker, who had several Top 40 hits in Canada in the 1970s. Amesbury was the long-time partner of Canadian philanthropist Joan Chalmers until her death in 2016. Known as Bill Amesbury during her active musical career, Amesbury came out as transgender after leaving the music business.",TRUE,TRUE,,,
100,FN,Barron_Storey,birthYear,,1940,"Barron Storey (born 1940, Dallas, TX) is an American illustrator, graphic novelist, and educator. He is famous for his accomplishments as an illustrator and fine artist, as well as for his career as a teacher. Storey has taught illustration since the 1970s and currently is on the faculty at San Jose State University. He trained at Art Center in Los Angeles and under Robert Weaver at the School of Visual Arts in New York.",TRUE,TRUE,,,
1295,FN,Bart_Andrus,birthDate,,1958-03-30,"Bart Andrus (born March 30, 1958) is an American football coach and a former collegiate player who is the head coach and general manager for the Philadelphia Stars of the United States Football League (USFL). He has served as head coach for the Amsterdam Admirals of the NFL Europe League (NFLEL) from 2001 to 2007, the Toronto Argonauts of the Canadian Football League (CFL) in 2009, and the Omaha Nighthawks of the United Football League (UFL) in 2012 compiling a career record of 40 wins and 54 losses. Andrus also was the head football coach at Rocky Mountain College in 1996, posting a mark of 6–4. He also served as head coach of the Generals of The Spring League.",TRUE,TRUE,,,
1296,FN,Bart_Andrus,birthYear,,1958,"Bart Andrus (born March 30, 1958) is an American football coach and a former collegiate player who is the head coach and general manager for the Philadelphia Stars of the United States Football League (USFL). He has served as head coach for the Amsterdam Admirals of the NFL Europe League (NFLEL) from 2001 to 2007, the Toronto Argonauts of the Canadian Football League (CFL) in 2009, and the Omaha Nighthawks of the United Football League (UFL) in 2012 compiling a career record of 40 wins and 54 losses. Andrus also was the head football coach at Rocky Mountain College in 1996, posting a mark of 6–4. He also served as head coach of the Generals of The Spring League.",TRUE,TRUE,,,
258,FP_different,Beatrice_Nasmyth,birthName,Beatrice Sifton Nasmyth Furniss,Beatrice Sifton Nasmyth,"Beatrice Sifton Nasmyth (August 12, 1885 – October 23, 1977), later Beatrice Sifton Nasmyth Furniss was a Canadian suffragette and war correspondent during the First World War. She was a reporter for the Daily Province in Vancouver from 1910 to 1919, which took her to Europe to cover the war and the subsequent peace treaty.",TRUE,FALSE,WV,,
1523,FN,Beatrice_Nasmyth,birthName,,Beatrice Sifton Nasmyth,"Beatrice Sifton Nasmyth (August 12, 1885 – October 23, 1977), later Beatrice Sifton Nasmyth Furniss was a Canadian suffragette and war correspondent during the First World War. She was a reporter for the Daily Province in Vancouver from 1910 to 1919, which took her to Europe to cover the war and the subsequent peace treaty.",TRUE,TRUE,,,
257,FP_new,Beatrice_Nasmyth,label,Beatrice Sifton Nasmyth,,"Beatrice Sifton Nasmyth (August 12, 1885 – October 23, 1977), later Beatrice Sifton Nasmyth Furniss was a Canadian suffragette and war correspondent during the First World War. She was a reporter for the Daily Province in Vancouver from 1910 to 1919, which took her to Europe to cover the war and the subsequent peace treaty.",TRUE,TRUE,,,
530,FP_new,Ben_Brielmaier,birthDate,1983-10-24,,"Ben Brielmaier (born October 24, 1983) is a former American football offensive tackle. He was signed by the Cleveland Browns as an undrafted free agent in 2006. He played college football at Princeton. He has also been a member of the Frankfurt Galaxy, Toronto Argonauts, and Las Vegas Locomotives.",TRUE,TRUE,,,
531,FP_new,Ben_Brielmaier,birthYear,1983,,"Ben Brielmaier (born October 24, 1983) is a former American football offensive tackle. He was signed by the Cleveland Browns as an undrafted free agent in 2006. He played college football at Princeton. He has also been a member of the Frankfurt Galaxy, Toronto Argonauts, and Las Vegas Locomotives.",TRUE,TRUE,,,
1173,FP_new,Bernard_Koenen,birthName,Bernard Koenen,,Bernard Koenen (17 February 1889 in Hamburg – 30 April 1964 in Berlin) was a German politician. Between 1953 and 1958 he was the East German ambassador to Czechoslovakia.,TRUE,TRUE,,,
1689,FN,Bettina_Perut,birthName,,Elisabetta Perut Bozzolo,"Elisabetta Perut Bozzolo (born 25 February 1970) is a Chilean journalist, film director, producer, and screenwriter best known for the documentaries Un hombre aparte and. Both of these were made in collaboration with Iván Osnovikoff, a director with whom she has done most of her audiovisual work in the documentary field.",TRUE,TRUE,,,
2732,FP_new,Bettina_Perut,label,Bettina Perut,,"Elisabetta Perut Bozzolo (born 25 February 1970) is a Chilean journalist, film director, producer, and screenwriter best known for the documentaries Un hombre aparte and. Both of these were made in collaboration with Iván Osnovikoff, a director with whom she has done most of her audiovisual work in the documentary field.",TRUE,TRUE,,,
347,FN,Bill_Kaulitz,alias,,BILLY,"Bill Kaulitz (born 1 September 1989), also known mononymously as Billy for his solo act, is a German singer and songwriter. He is best known for his work as the lead singer of pop rock band Tokio Hotel.",TRUE,TRUE,,,
3017,FP_new,Billy_Troughear,label,Billy B.Troughear,,William B. Troughear (19 March 1885 – 15 October 1955) was an English footballer who played for Sunderland and Leicester Fosse in the English Football League. He played as a right back.,FALSE,FALSE,MPV,,
3536,FP_new,Billy_Troughear,label,Billy Troughear,,William B. Troughear (19 March 1885 – 15 October 1955) was an English footballer who played for Sunderland and Leicester Fosse in the English Football League. He played as a right back.,TRUE,TRUE,,,
588,FN,Birger_Kaipiainen,birthName,,Birger Johannes Kaipiainen,"Birger Johannes Kaipiainen (1 July 1915 – 18 July 1988) was a Finnish ceramist and designer. He is one of the most successful and well-known ceramic artists in Finland. Kaipiainen graduated from the School of Arts and Crafts (later known as the Aalto School of Arts of Helsinki. After that he went to work for Finnish ceramics company Arabia in 1937, and later in 1954 for their Swedish sister company Rörstrand. Kaipiainen worked as a designer for Arabia over fifty years. As a child he was Kaipiainen suffered from Polio and was consequently unable to use a pottery wheel. It was said that his illness heightened his artistic sensitivity.",TRUE,TRUE,,,
193,FP_new,Bj%C3%B6rn_Freiberg,birthName,Björn Freiberg,,"Björn Freiberg (born 28 March 1970 in Isny im Allgäu) is a German actor, painter, author, translator and former University teacher. He is known as actor and German voice in Son of Saul. In 2015 the film won the Grand Prize of the Jury at Cannes Film Festival as well as the award of the International Federation of Film Critics. The film won Best Foreign Language Film Oscar at the Academy Awards 2016. He also plays a NASA staff member in The Martian (2015) directed by Ridley Scott.",TRUE,TRUE,,,
984,FN,Bo_Gu,birthDate,,1907-05-14,"Qin Bangxian or Ch'in Pang-hsien (Chinese: 秦邦憲; pinyin: Qín Bāngxiàn), better known as Bo Gu (Chinese: 博古; pinyin: Bó Gǔ; Wade-Giles: Po Ku; May 14, 1907 – April 8, 1946) was a senior leader of the Chinese Communist Party and a member of the 28 Bolsheviks.",TRUE,TRUE,,,
986,FN,Bo_Gu,birthYear,,1907,"Qin Bangxian or Ch'in Pang-hsien (Chinese: 秦邦憲; pinyin: Qín Bāngxiàn), better known as Bo Gu (Chinese: 博古; pinyin: Bó Gǔ; Wade-Giles: Po Ku; May 14, 1907 – April 8, 1946) was a senior leader of the Chinese Communist Party and a member of the 28 Bolsheviks.",TRUE,TRUE,,,
985,FN,Bo_Gu,deathDate,,1946-04-08,"Qin Bangxian or Ch'in Pang-hsien (Chinese: 秦邦憲; pinyin: Qín Bāngxiàn), better known as Bo Gu (Chinese: 博古; pinyin: Bó Gǔ; Wade-Giles: Po Ku; May 14, 1907 – April 8, 1946) was a senior leader of the Chinese Communist Party and a member of the 28 Bolsheviks.",TRUE,TRUE,,,
987,FN,Bo_Gu,deathYear,,1946,"Qin Bangxian or Ch'in Pang-hsien (Chinese: 秦邦憲; pinyin: Qín Bāngxiàn), better known as Bo Gu (Chinese: 博古; pinyin: Bó Gǔ; Wade-Giles: Po Ku; May 14, 1907 – April 8, 1946) was a senior leader of the Chinese Communist Party and a member of the 28 Bolsheviks.",TRUE,TRUE,,,
1449,FN,Bob_Hasegawa,birthName,,Robert Alan Hasegawa,"Robert Alan Hasegawa (born September 22, 1952) is an American labor leader and politician serving as a member of the Washington State Senate, representing the 11th Legislative District since January 2013. Hasegawa is a lifelong resident of Seattle's Beacon Hill. He previously served in the Washington State House of Representatives, and is retired from the Teamsters Union where he was a member and union leader for over 32 years.",TRUE,TRUE,,,
297,FP_new,Bob_Lefsetz,birthName,Robert Scott,,"Robert Scott ""Bob"" Lefsetz (born April 22, 1953) is an American music industry analyst and critic. He is the author of The Lefsetz Letter, an email newsletter and a blog.",TRUE,FALSE,ICE,,
876,FP_new,Bob_Stokoe,label,Bob Stokoe,,"Robert Stokoe (21 September 1930 – 1 February 2004) was an English footballer and manager who was able, almost uniquely, to transcend the traditional north-east animosity between the region's footballing rivals, Newcastle United and Sunderland. As a player, he won an FA Cup winner's medal with Newcastle in 1955. As a manager, he guided Blackpool to victory in the 1971 Anglo-Italian Cup final. Two years later, he led Sunderland to success in the 1973 FA Cup Final, and followed it up with promotion from the Second Division in 1975–76.",TRUE,TRUE,,,
126,FP_new,Brendon_Lindsay,birthDate,1977-09-21,,Brendon Lindsay (born 21 September 1977) is a former Scotland international rugby league footballer who played as a stand-off.,TRUE,TRUE,,,
127,FP_new,Brendon_Lindsay,birthYear,1977,,Brendon Lindsay (born 21 September 1977) is a former Scotland international rugby league footballer who played as a stand-off.,TRUE,TRUE,,,
4454,FP_new,Brett_Domino,alias,Rob J Madin,,"Brett Domino is the alter-ego of British musician and comedian Rob J Madin. As Brett Domino, he is a musician and internet celebrity from Leeds, although Madin is actually from Chesterfield, Derbyshire. He is best known for his YouTube videos, in which he plays covers and original songs on various musical instruments, most notably the keytar. His band, The Brett Domino Trio, currently consists of only two members, Domino and ""Steven Peavis"" (Ste Anderson), having only been a three-piece for around a year. ""Mitch Hutchinson"" (Michael Denny) left the band in 2009, allegedly to become a forklift truck driver; he later returned to celebrate the band's fifth anniversary and appear on the finale of Brett Domino's Weekly YouTube Thing.",TRUE,TRUE,,,
1656,FP_new,Brian_Andreas,birthName,Brian Andreas,,"Brian Andreas (born 1956) is the pen name of Kai Andreas Skye, an American writer, artist, publisher and speaker widely known for his simple and poetic short stories of 50 to 100 words, often accompanied by distinctive color drawings. The stories range from wry comic commentary to elegant and direct meditations on themes of love, relationships, and being alive now. In 2016, Skye legally changed his name to Kai Andreas Skye. He continues to use the pen name Brian Andreas in his older published work and his legal name, Kai Skye, in his work after June, 2020. He currently lives in Massachusetts.",TRUE,TRUE,,,
1087,FN,Brian_Andreas,birthYear,,1956,"Brian Andreas (born 1956) is the pen name of Kai Andreas Skye, an American writer, artist, publisher and speaker widely known for his simple and poetic short stories of 50 to 100 words, often accompanied by distinctive color drawings. The stories range from wry comic commentary to elegant and direct meditations on themes of love, relationships, and being alive now. In 2016, Skye legally changed his name to Kai Andreas Skye. He continues to use the pen name Brian Andreas in his older published work and his legal name, Kai Skye, in his work after June, 2020. He currently lives in Massachusetts.",TRUE,TRUE,,,
655,FN,Brian_Webber,birthDate,,1967-12-19,"Brian Webber (December 19, 1967) is an American actor from Birmingham, Alabama. He left a successful career in Sales and Sales Management in 2004 at the age of 35 to pursue a new career in acting with the film called “Alice's Misadventures in Wonderland” in which he played the role of Mr. Jones, director and writer of the film is Robert Rugan and the cast of the film includes: Maggie Henry, Cullen Carr,, Melba Sibrel, Kyle Holman, Chris Garrison, and Barry Austin. He also portrayed Judge Roy Moore in the original stage cast of Judge Roy Moore is Coming to Dinner. Brian Webber continues to do commercial acting work in Atlanta, Orlando and Nashville along with owning and operating Storyville Productions, Inc. and Storyville Station in Birmingham Alabama.",TRUE,TRUE,,,
53,FP_new,Brian_Webber,birthName,Brian Webber,,"Brian Webber (December 19, 1967) is an American actor from Birmingham, Alabama. He left a successful career in Sales and Sales Management in 2004 at the age of 35 to pursue a new career in acting with the film called “Alice's Misadventures in Wonderland” in which he played the role of Mr. Jones, director and writer of the film is Robert Rugan and the cast of the film includes: Maggie Henry, Cullen Carr,, Melba Sibrel, Kyle Holman, Chris Garrison, and Barry Austin. He also portrayed Judge Roy Moore in the original stage cast of Judge Roy Moore is Coming to Dinner. Brian Webber continues to do commercial acting work in Atlanta, Orlando and Nashville along with owning and operating Storyville Productions, Inc. and Storyville Station in Birmingham Alabama.",TRUE,TRUE,,,
3441,FP_new,Brian_Webber,birthName,Robert Rugan,,"Brian Webber (December 19, 1967) is an American actor from Birmingham, Alabama. He left a successful career in Sales and Sales Management in 2004 at the age of 35 to pursue a new career in acting with the film called “Alice's Misadventures in Wonderland” in which he played the role of Mr. Jones, director and writer of the film is Robert Rugan and the cast of the film includes: Maggie Henry, Cullen Carr,, Melba Sibrel, Kyle Holman, Chris Garrison, and Barry Austin. He also portrayed Judge Roy Moore in the original stage cast of Judge Roy Moore is Coming to Dinner. Brian Webber continues to do commercial acting work in Atlanta, Orlando and Nashville along with owning and operating Storyville Productions, Inc. and Storyville Station in Birmingham Alabama.",TRUE,FALSE,WV,,
656,FN,Brian_Webber,birthYear,,1967,"Brian Webber (December 19, 1967) is an American actor from Birmingham, Alabama. He left a successful career in Sales and Sales Management in 2004 at the age of 35 to pursue a new career in acting with the film called “Alice's Misadventures in Wonderland” in which he played the role of Mr. Jones, director and writer of the film is Robert Rugan and the cast of the film includes: Maggie Henry, Cullen Carr,, Melba Sibrel, Kyle Holman, Chris Garrison, and Barry Austin. He also portrayed Judge Roy Moore in the original stage cast of Judge Roy Moore is Coming to Dinner. Brian Webber continues to do commercial acting work in Atlanta, Orlando and Nashville along with owning and operating Storyville Productions, Inc. and Storyville Station in Birmingham Alabama.",TRUE,TRUE,,,
3559,FN,Bruce_Reznick,birthDate,,1953-02-03,"Bruce Reznick (born February 3, 1953 in New York City) is an American mathematician long on the faculty at the University of Illinois at Urbana–Champaign. He is a prolific researcher noted for his contributions to number theory and the combinatorial-algebraic-analytic investigations of polynomials. In July 2019, to mark his 66th birthday, a day long symposium ""Bruce Reznick 66 fest: A mensch of Combinatorial-Algebraic Mathematics"" was held at the University of Bern, Switzerland.",TRUE,TRUE,,,
3560,FN,Bruce_Reznick,birthYear,,1953,"Bruce Reznick (born February 3, 1953 in New York City) is an American mathematician long on the faculty at the University of Illinois at Urbana–Champaign. He is a prolific researcher noted for his contributions to number theory and the combinatorial-algebraic-analytic investigations of polynomials. In July 2019, to mark his 66th birthday, a day long symposium ""Bruce Reznick 66 fest: A mensch of Combinatorial-Algebraic Mathematics"" was held at the University of Bern, Switzerland.",TRUE,TRUE,,,
779,FP_new,Bruno_Putzulu,birthName,Bruno Putzulu,,"Bruno Putzulu (born 24 May 1967) is a French actor, born in Toutainville, France.",TRUE,TRUE,,,
64,FP_new,Burhanettin_Bigal%C4%B1,birthDate,1927-09-19,,"Burhanettin Bigalı (1927 – 19 September 2016) was a Turkish general; he retired in 1990. He was head of the National Intelligence Organization (1981 - 1986) and later General Commander of the Gendarmerie of Turkey (1988 - 1990). Arif Doğan has claimed in court that he founded the Gendarmerie's JITEM intelligence unit in the late 1980s on the orders of Bigalı, with the approval of the Chief of Staff and of the Interior Ministry.",FALSE,FALSE,MPV,,
66,FP_new,Burhanettin_Bigal%C4%B1,birthYear,1927,,"Burhanettin Bigalı (1927 – 19 September 2016) was a Turkish general; he retired in 1990. He was head of the National Intelligence Organization (1981 - 1986) and later General Commander of the Gendarmerie of Turkey (1988 - 1990). Arif Doğan has claimed in court that he founded the Gendarmerie's JITEM intelligence unit in the late 1980s on the orders of Bigalı, with the approval of the Chief of Staff and of the Interior Ministry.",TRUE,TRUE,,,
65,FP_new,Burhanettin_Bigal%C4%B1,deathDate,2016-09-19,,"Burhanettin Bigalı (1927 – 19 September 2016) was a Turkish general; he retired in 1990. He was head of the National Intelligence Organization (1981 - 1986) and later General Commander of the Gendarmerie of Turkey (1988 - 1990). Arif Doğan has claimed in court that he founded the Gendarmerie's JITEM intelligence unit in the late 1980s on the orders of Bigalı, with the approval of the Chief of Staff and of the Interior Ministry.",TRUE,TRUE,,,
67,FP_new,Burhanettin_Bigal%C4%B1,deathYear,2016,,"Burhanettin Bigalı (1927 – 19 September 2016) was a Turkish general; he retired in 1990. He was head of the National Intelligence Organization (1981 - 1986) and later General Commander of the Gendarmerie of Turkey (1988 - 1990). Arif Doğan has claimed in court that he founded the Gendarmerie's JITEM intelligence unit in the late 1980s on the orders of Bigalı, with the approval of the Chief of Staff and of the Interior Ministry.",TRUE,TRUE,,,
663,FP_new,Caleb_Carr,birthName,Lucien Carr,,"Caleb Carr (born August 2, 1955) is an American military historian and author. Carr is the second of three sons born to Lucien Carr and Francesca Von Hartz. He authored The Alienist, The Angel of Darkness, The Lessons of Terror, Killing Time, The Devil Soldier, The Italian Secretary, and The Legend of Broken. He has taught military history at Bard College, and worked extensively in film, television, and the theater. His military and political writings have appeared in numerous magazines and periodicals, among them The Washington Post, The New York Times, and The Wall Street Journal. He lives in upstate New York.",TRUE,FALSE,WV,,
308,FP_new,Carl_Girs%C3%A9n,deathDate,1930-04-22,,"Carl-Oscar Girsén (February 16, 1889 in Helsinki – April 22, 1930 in Helsinki) was a sailor from Finland, who represented his country at the 1912 Summer Olympics in Nynäshamn, Sweden in the 8 Metre.",TRUE,TRUE,,,
309,FP_new,Carl_Girs%C3%A9n,deathYear,1930,,"Carl-Oscar Girsén (February 16, 1889 in Helsinki – April 22, 1930 in Helsinki) was a sailor from Finland, who represented his country at the 1912 Summer Olympics in Nynäshamn, Sweden in the 8 Metre.",TRUE,TRUE,,,
1705,FN,Carl_Perkins,birthName,,Carl Lee Perkins,"Carl Lee Perkins (April 9, 1932 – January 19, 1998) was an American singer, songwriter, and guitarist who recorded at the Sun Studio, in Memphis, beginning in 1954. Among his best-known songs are ""Blue Suede Shoes"", ""Honey Don't"", ""Matchbox"" and ""Everybody's Trying to Be My Baby"". Nicknamed the ""King of Rockabilly"", Perkins was inducted into the Rock and Roll Hall of Fame, the Rockabilly Hall of Fame, the Memphis Music Hall of Fame, and the Nashville Songwriters Hall of Fame. He also received a Grammy Hall of Fame Award.",TRUE,TRUE,,,
471,FP_different,Carmen_Romano,birthName,Carmen Romano,Carmen Romano Nolk,"Carmen Romano de López Portillo (born Carmen Romano Nolk, 10 February 1926 – 9 May 2000) was the First Lady of Mexico from 1976 to 1982. She was the first wife of Mexican president José López Portillo.",TRUE,FALSE,ICE,,
2209,FN,Carmen_Romano,birthName,,Carmen Romano Nolk,"Carmen Romano de López Portillo (born Carmen Romano Nolk, 10 February 1926 – 9 May 2000) was the First Lady of Mexico from 1976 to 1982. She was the first wife of Mexican president José López Portillo.",TRUE,TRUE,,,
2740,FP_different,Carmen_Romano,birthName,Carmen Romano de López Portillo,Carmen Romano Nolk,"Carmen Romano de López Portillo (born Carmen Romano Nolk, 10 February 1926 – 9 May 2000) was the First Lady of Mexico from 1976 to 1982. She was the first wife of Mexican president José López Portillo.",TRUE,FALSE,WV,,
470,FN,Carmen_Romano,label,,Carmen Romano,"Carmen Romano de López Portillo (born Carmen Romano Nolk, 10 February 1926 – 9 May 2000) was the First Lady of Mexico from 1976 to 1982. She was the first wife of Mexican president José López Portillo.",TRUE,TRUE,,,
5135,FP_new,Carole_Lewis,label,Carole Hélène Lewis,,Carole Hélène Lewis (born 26 October 1953 in Johannesburg) is a retired judge of the Supreme Court of Appeal of South Africa.,TRUE,TRUE,,,
4157,FN,Carsten_Niebuhr,deathDate,,1815-04-26,"Carsten Niebuhr, or Karsten Niebuhr (17 March 1733 Lüdingworth – 26 April 1815 Meldorf, Dithmarschen), was a German mathematician, cartographer, and explorer in the service of Denmark. He is renowned for his participation in the Royal Danish Arabia Expedition (1761-1767). He was the father of the Danish-German statesman and historian Barthold Georg Niebuhr, who published an account of his father's life in 1817.",TRUE,TRUE,,,
4158,FN,Carsten_Niebuhr,deathYear,,1815,"Carsten Niebuhr, or Karsten Niebuhr (17 March 1733 Lüdingworth – 26 April 1815 Meldorf, Dithmarschen), was a German mathematician, cartographer, and explorer in the service of Denmark. He is renowned for his participation in the Royal Danish Arabia Expedition (1761-1767). He was the father of the Danish-German statesman and historian Barthold Georg Niebuhr, who published an account of his father's life in 1817.",TRUE,TRUE,,,
970,FP_new,Cecilia_Soto_Gonz%C3%A1lez,birthName,Cecilia Soto González,,"Cecilia Soto González (born 24 January 1950) is a Mexican politician, currently affiliated to the Party of the Democratic Revolution and serving as a federal deputy to the LXIII Legislature of the Mexican Congress. She was the presidential candidate of the Labor Party (PT) in the 1994 Mexican general election.",TRUE,TRUE,,,
293,FP_new,Cesar_Barone,birthName,Adolph James Rode,,"Cesar Francesco Barone (born Adolph James Rode; December 4, 1960 – December 24, 2009) was an American serial killer. He was sentenced to death in 1995 for assaulting and killing four women in the Portland area between 1991 and 1993, however he died awaiting execution in 2009.",TRUE,TRUE,,,
414,FP_new,Cesare_Valletti,deathDate,2000-05-13,,"Cesare Valletti (December 18, 1922 - May 13, 2000) was an Italian operatic tenor, one of the leading tenore di grazia of the postwar era. He was much admired for his polished vocal technique, his musical refinement and elegance, and beauty of tone. In 1951 Valletti went to Mexico City to sing La traviata with Maria Callas. He also partnered her in the famous Visconti production of La sonnambula, conducted by Leonard Bernstein, at La Scala in 1955, and again in La traviata at Covent Garden in 1958.",FALSE,TRUE,,,
536,FN,Champ_Pickens,label,,Champ Pickens,"William C. ""Champ"" Pickens (May 31, 1877 – September 18, 1963) was a prominent figure in Alabama and Southern football, the namesake of the Champ Pickens Trophy awarded to the winner of the Southern Conference from 1923 to 1926. Pickens developed the idea for the Blue–Gray Football Classic, played between stars of the South versus the North from 1939 to 2003. He gave Alabama's band its name of the ""Million Dollar Band."" He wrote two of the earliest books on Alabama football. Pickens was manager of the 1896 Alabama team.",TRUE,TRUE,,,
1123,FP_new,Chandrakant_Kavlekar,birthName,Babu Kavlekar,,"Chandrakant Kavlekar (born 7 May 1971) also known as Babu Kavlekar is an Indian politician and former Minister of Town and Country Planning, Agriculture, Archives, Archaeology, Factories and Boilers of Goa. He was a four-term member of the Goa Legislative Assembly and represented the Quepem constituency. In the election for legislative assembly Kavleker successfully won against BJP candidate Prakash Velip and elected as MLA for fourth consecutive term.",TRUE,FALSE,WV,,
49,FN,Chanel_Terrero,birthName,,Chanel Terrero Martínez,"Chanel Terrero Martínez (born 28 July 1991), known simply as Chanel (Spanish pronunciation: [tʃa'nel]), is a Cuban-Spanish singer, dancer and actress, having worked in several stage musicals. She represented Spain at the Eurovision Song Contest 2022, after having won Benidorm Fest 2022 with her debut single ""SloMo"". She finished in third place with 459 points, the best placing for Spain since the 1995 contest.",TRUE,TRUE,,,
296,FP_new,Chang_Taek-sang,birthName,Chang Taek-sang,,"Chang Taek-sang or Jang Taek-sang (October 22, 1893 – August 1, 1969) was a Korean Independence activist and South Korean policeman and politician. He was the third prime minister of South Korea and 1st Minister of Foreign Affairs. His nickname was Changrang.",TRUE,TRUE,,,
230,FP_new,Charles_Banga,birthDate,1981-07-17,,"Charles Damoi Mandella Banga (born 17 July 1981) is an Ivorian footballer, who currently plays as a left midfielder for FCV Dender in Belgium.",TRUE,TRUE,,,
955,FP_new,Charles_Buchel,birthName,Karl August Büchel,,"Charles Buchel (Karl August Büchel) (1872–1950) was a British artist. Buchel was born in Mainz, Germany, but immigrated to England as a child. Buchel studied art at the Royal Academy Schools. He was hired by the actor-manager, Sir Herbert Beerbohm Tree in 1898, and worked with him for sixteen years. Buchel was married in 1897 to Janet Buyers and they had a son, Philip Stuart Buchel, born in 1906.",TRUE,TRUE,,,
315,FP_new,Charles_Buchel,birthYear,1872,,"Charles Buchel (Karl August Büchel) (1872–1950) was a British artist. Buchel was born in Mainz, Germany, but immigrated to England as a child. Buchel studied art at the Royal Academy Schools. He was hired by the actor-manager, Sir Herbert Beerbohm Tree in 1898, and worked with him for sixteen years. Buchel was married in 1897 to Janet Buyers and they had a son, Philip Stuart Buchel, born in 1906.",TRUE,TRUE,,,
316,FP_new,Charles_Buchel,deathYear,1950,,"Charles Buchel (Karl August Büchel) (1872–1950) was a British artist. Buchel was born in Mainz, Germany, but immigrated to England as a child. Buchel studied art at the Royal Academy Schools. He was hired by the actor-manager, Sir Herbert Beerbohm Tree in 1898, and worked with him for sixteen years. Buchel was married in 1897 to Janet Buyers and they had a son, Philip Stuart Buchel, born in 1906.",TRUE,TRUE,,,
4168,FN,Charles_Buchel,label,,Charles Buchel,"Charles Buchel (Karl August Büchel) (1872–1950) was a British artist. Buchel was born in Mainz, Germany, but immigrated to England as a child. Buchel studied art at the Royal Academy Schools. He was hired by the actor-manager, Sir Herbert Beerbohm Tree in 1898, and worked with him for sixteen years. Buchel was married in 1897 to Janet Buyers and they had a son, Philip Stuart Buchel, born in 1906.",TRUE,TRUE,,,
564,FP_new,Charles_Quigley,birthName,Charles Quigley,,"Charles Quigley (February 12, 1906 – August 5, 1964) was an American actor.",TRUE,TRUE,,,
565,FP_new,Charles_Quigley,deathDate,1964-08-05,,"Charles Quigley (February 12, 1906 – August 5, 1964) was an American actor.",TRUE,TRUE,,,
566,FP_new,Charles_Quigley,deathYear,1964,,"Charles Quigley (February 12, 1906 – August 5, 1964) was an American actor.",TRUE,TRUE,,,
357,FP_new,Charles_Stankievech,birthYear,1978,,"Charles Stankievech (born 1978) is a Canadian artist, writer, publisher and curator.",TRUE,TRUE,,,
502,FP_different,Charley_Molnar,label,Charley Molnar Jr.,Charley Molnar,"Charley Molnar Jr. (born July 23, 1961) is an American football coach. Molnar served head football coach at the University of Massachusetts Amherst (UMass), for two seasons, from 2012 to 2013, compiling a record of 2–22. Molnar had previously been the offensive coordinator at the University of Notre Dame.",TRUE,FALSE,LCE,,
2603,FP_new,Chen_Shutong,birthYear,1876,,"Chen Shutong (1876 – 17 February 1966) was a Chinese politician, scholar and administrator who served in the governments of the Qing Dynasty, the Republic of China and the People's Republic of China. He belonged to a very small group of imperial Mandarins that survived and prospered under the Communist government of Mao Zedong.",TRUE,TRUE,,,
298,FP_new,Chen_Shutong,deathDate,1966-02-17,,"Chen Shutong (1876 – 17 February 1966) was a Chinese politician, scholar and administrator who served in the governments of the Qing Dynasty, the Republic of China and the People's Republic of China. He belonged to a very small group of imperial Mandarins that survived and prospered under the Communist government of Mao Zedong.",TRUE,TRUE,,,
299,FP_new,Chen_Shutong,deathYear,1966,,"Chen Shutong (1876 – 17 February 1966) was a Chinese politician, scholar and administrator who served in the governments of the Qing Dynasty, the Republic of China and the People's Republic of China. He belonged to a very small group of imperial Mandarins that survived and prospered under the Communist government of Mao Zedong.",TRUE,TRUE,,,
3885,FP_new,Chihei_Hatakeyama,alias,Chihei Hatakeyama,,"Chihei Hatakeyama (畠山地平, Hatakeyama Chihei, born in 1978, Kanagawa Prefecture) is an electronic music artist from Tokyo, Japan. He grew up in the suburbs of Fujisawa. He released his first full-length album, Minima Moralia on Kranky in 2006. He is the owner of the record label White Paddy Mountain which he launched in 2010.",TRUE,TRUE,,,
570,FP_new,Chihei_Hatakeyama,birthYear,1978,,"Chihei Hatakeyama (畠山地平, Hatakeyama Chihei, born in 1978, Kanagawa Prefecture) is an electronic music artist from Tokyo, Japan. He grew up in the suburbs of Fujisawa. He released his first full-length album, Minima Moralia on Kranky in 2006. He is the owner of the record label White Paddy Mountain which he launched in 2010.",TRUE,TRUE,,,
2082,FP_new,Chioma_Ude,birthYear,2010,,"Chioma Ude// is a Nigerian entertainment executive. In 2010, she founded Africa International Film Festival, a film festival held annually in Nigeria.",TRUE,FALSE,WV,,
120,FP_different,Choi_Sang-hyun,label,Choi Sang-Hyun,Choi Sang-hyun,"Choi Sang-Hyun (Korean: 최상현; born 18 March 1984) is a South Korean former football defender, currently manager of Cheongju FC.",TRUE,FALSE,TMI,,
2945,FP_different,Christian_Cornelius_Paus,birthDate,1700-10-18,1800-10-18,"Christian Cornelius Paus (18 October 1800 – 8 April 1879) was a Norwegian lawyer, civil servant and politician. He was Governor of Bratsberg (now Telemark) and a Member of the Norwegian Parliament.",FALSE,FALSE,FH,,
691,FP_new,Christian_Cornelius_Paus,birthName,Christian Cornelius Paus,,"Christian Cornelius Paus (18 October 1800 – 8 April 1879) was a Norwegian lawyer, civil servant and politician. He was Governor of Bratsberg (now Telemark) and a Member of the Norwegian Parliament.",TRUE,TRUE,,,
2947,FP_different,Christian_Cornelius_Paus,birthYear,1700,1800,"Christian Cornelius Paus (18 October 1800 – 8 April 1879) was a Norwegian lawyer, civil servant and politician. He was Governor of Bratsberg (now Telemark) and a Member of the Norwegian Parliament.",FALSE,FALSE,FH,,
85,FP_new,Christian_Cornelius_Paus,deathDate,1879-04-08,,"Christian Cornelius Paus (18 October 1800 – 8 April 1879) was a Norwegian lawyer, civil servant and politician. He was Governor of Bratsberg (now Telemark) and a Member of the Norwegian Parliament.",TRUE,TRUE,,,
86,FP_new,Christian_Cornelius_Paus,deathYear,1879,,"Christian Cornelius Paus (18 October 1800 – 8 April 1879) was a Norwegian lawyer, civil servant and politician. He was Governor of Bratsberg (now Telemark) and a Member of the Norwegian Parliament.",TRUE,TRUE,,,
325,FP_new,Chuffie_Alexander,birthDate,1902-03-15,,"Samuel ""Chuffie"" Alexander (March 15, 1902 - September 22, 1989) was an American baseball outfielder in the Negro leagues. He played from 1925 to 1932 with several teams.",FALSE,TRUE,,,
326,FP_new,Chuffie_Alexander,deathDate,1989-09-22,,"Samuel ""Chuffie"" Alexander (March 15, 1902 - September 22, 1989) was an American baseball outfielder in the Negro leagues. He played from 1925 to 1932 with several teams.",FALSE,TRUE,,,
707,FP_new,Claudio_Bonivento,birthName,Claudio Bonivento,,"Claudio Bonivento (born 14 November 1950) is an Italian film producer, director, and screenwriter.",TRUE,TRUE,,,
144,FP_new,Clinton_Hennessy,birthDate,1977-07-28,,Clinton Hennessy (born 28 July 1977) is an Irish hurler who played as a goalkeeper for the Waterford senior team. Hennessy joined the team when he replaced Stephen Brenner as first-choice 'keeper in 2005 and was a regular member of the starting fifteen until his retirement in 2012. During that time he won two Munster winners' medals and one National League winners' medal. He ended up as an All-Ireland runner-up on one occasion. At club level Hennessy plays with Ardmore.,TRUE,TRUE,,,
145,FP_new,Clinton_Hennessy,birthYear,1977,,Clinton Hennessy (born 28 July 1977) is an Irish hurler who played as a goalkeeper for the Waterford senior team. Hennessy joined the team when he replaced Stephen Brenner as first-choice 'keeper in 2005 and was a regular member of the starting fifteen until his retirement in 2012. During that time he won two Munster winners' medals and one National League winners' medal. He ended up as an All-Ireland runner-up on one occasion. At club level Hennessy plays with Ardmore.,TRUE,TRUE,,,
1749,FP_new,Colette_Whiten,birthYear,1945,,"Colette Whiten (born 1945, Birmingham, England) is a sculptor, and installation and performance artist who lives and works in Toronto, Canada. Whiten is a recipient of the Governor General's Medal.",TRUE,TRUE,,,
706,FP_new,Cornelis_Jacobus_Langenhoven,birthName,Cornelis Jacobus Langenhoven,,"Cornelis Jacobus Langenhoven (13 August 1873 – 15 July 1932), who published under his initials C.J. Langenhoven, was a South African poet who played a major role in the development of Afrikaans literature and cultural history. His poetry was one of the then young language's foremost promoters. He is best known for writing the words for the national anthem of South Africa, ""Die Stem van Suid-Afrika"", which was used during the apartheid era. He was affectionately known as Sagmoedige Neelsie (Gentle Neelsie) or Kerneels. His childhood friend who helped him get into poetry was called Hans Conrodius van Zyl.",TRUE,TRUE,,,
399,FP_new,Curt_Leviant,birthYear,1932,,"Curt Leviant (born 1932, Vienna) is a retired Jewish Studies professor, as well as a novelist and translator.",TRUE,TRUE,,,
283,FP_new,Dakoa_Newman,birthDate,1985-06-06,,Dakoa Newman (born 6 June 1985) is a Ghanaian politician who is a member of the New Patriotic Party (NPP). She is the member of parliament for the Okaikwei South Constituency. She is the daughter of Victor Newman who was also a politician and founding member of the New Patriotic Party.,TRUE,TRUE,,,
907,FP_new,Dakoa_Newman,birthName,Dakoa Newman,,Dakoa Newman (born 6 June 1985) is a Ghanaian politician who is a member of the New Patriotic Party (NPP). She is the member of parliament for the Okaikwei South Constituency. She is the daughter of Victor Newman who was also a politician and founding member of the New Patriotic Party.,TRUE,TRUE,,,
284,FP_new,Dakoa_Newman,birthYear,1985,,Dakoa Newman (born 6 June 1985) is a Ghanaian politician who is a member of the New Patriotic Party (NPP). She is the member of parliament for the Okaikwei South Constituency. She is the daughter of Victor Newman who was also a politician and founding member of the New Patriotic Party.,TRUE,TRUE,,,
1363,FP_new,Danae_Stratou,birthYear,1964,,"Danae Stratou (Greek: Δανάη Στράτου) is a Greek visual and installation artist and former adjunct professor of fine art. She is married to Yanis Varoufakis, former Greek finance minister. She was born in Athens in 1964.",TRUE,FALSE,WV,,
2218,FN,Daniel_Z%2E_Romualdez,birthName,,Daniel Zialcita Romualdez,"Daniel Zialcita Romualdez (September 11, 1907 – March 22, 1965) was a Filipino politician who served as Speaker of the House of Representatives of the Philippines from 1957 to 1962. He was first cousin to former First Lady of the Philippines Imelda Marcos.",TRUE,TRUE,,,
1158,FP_new,Daniel_Z%2E_Romualdez,label,Daniel Zialcita Romualdez,,"Daniel Zialcita Romualdez (September 11, 1907 – March 22, 1965) was a Filipino politician who served as Speaker of the House of Representatives of the Philippines from 1957 to 1962. He was first cousin to former First Lady of the Philippines Imelda Marcos.",TRUE,FALSE,LCE,,
520,FP_new,Darya_Safonova,birthDate,1981-03-20,,Darya Safonova (born 20 March 1981) is a Russian sprinter who specializes in the 400 metres.,TRUE,TRUE,,,
521,FP_new,Darya_Safonova,birthYear,1981,,Darya Safonova (born 20 March 1981) is a Russian sprinter who specializes in the 400 metres.,TRUE,TRUE,,,
597,FP_new,Dave_Schnell,label,Dave Schnell,,"David Schnell (July 15, 1966 – May 22, 2011) was an American football player. He attended Elkhart Central High School in Elkhart, Indiana, and he was selected by Sports Illustrated in 1985 as the best high school football player in the United States. He played college football as a quarterback for the Indiana University Hoosiers football team, which won victories in 1987 over both Michigan and Ohio State, becoming the only Indiana quarterback to defeat both teams in the same year. The following year he was selected by the conference coaches as the second-team quarterback on the 1988 All-Big Ten Conference football team.",TRUE,TRUE,,,
312,FP_new,David_L%2E_Dill,birthName,David Lansing Dill,,"David Lansing Dill (born January 8, 1957) is a computer scientist and academic noted for contributions to formal verification, electronic voting security, and computational systems biology. In 2013, Dill was elected as a member into the National Academy of Engineering for the development of techniques to verify hardware, software, and electronic voting systems. He is the Donald E. Knuth Professor, Emeritus, in the School of Engineering and Professor, Emeritus, of Computer Science at Stanford University.",TRUE,TRUE,,,
179,FP_new,David_R%2E_Porter,birthName,David Rittenhouse Porter,,"David Rittenhouse Porter (October 31, 1788 – August 6, 1867) was the ninth Governor of Pennsylvania and served from 1839 to 1845. He is the father of Horace Porter, the United States Ambassador to France from 1897 to 1905.",TRUE,TRUE,,,
2498,FP_new,David_R%2E_Porter,label,David Rittenhouse Porter,,"David Rittenhouse Porter (October 31, 1788 – August 6, 1867) was the ninth Governor of Pennsylvania and served from 1839 to 1845. He is the father of Horace Porter, the United States Ambassador to France from 1897 to 1905.",TRUE,FALSE,LCE,,
277,FN,Dawood_Sarkhosh,alias,,Dawood,"Dawood Sarkhosh (also spelled as Daud Sarkhosh (Dari-Persian: داوود سرخوش) born 26 April 1971 in Urozgan, Afghanistan) is an ethnic Hazara singer, musician and poet.",TRUE,TRUE,,,
4,FP_new,Dean_Carroll,birthYear,1962,,"Dean Carroll (third ¼ 1962 – 24 May 2015), also known by the nickname of ""Deano"", was an English professional rugby league footballer and cricketer who played in the 1980s and 1990s. He played at club level for Bradford Northern, Carlisle, Warrington (loan) (Heritage № 887), Batley and Doncaster (Heritage № 597), as a fullback, stand-off, or scrum-half, i.e. number 1, 6, or 7, and coached at club level for West Bowling A.R.L.F.C. and, and played cricket for Buttershaw St. Paul's Cricket Club. Having suffered a number of minor strokes in the past, he was found unconscious at home in Batley during the early-afternoon of Wednesday 19 May 2015, and he suffered heart attacks en route to Dewsbury and District Hospital, Dewsbury before being transferred to Pinderfields Hospital, Wakefield, havin",TRUE,TRUE,,,
3,FP_new,Dean_Carroll,deathDate,2015-05-24,,"Dean Carroll (third ¼ 1962 – 24 May 2015), also known by the nickname of ""Deano"", was an English professional rugby league footballer and cricketer who played in the 1980s and 1990s. He played at club level for Bradford Northern, Carlisle, Warrington (loan) (Heritage № 887), Batley and Doncaster (Heritage № 597), as a fullback, stand-off, or scrum-half, i.e. number 1, 6, or 7, and coached at club level for West Bowling A.R.L.F.C. and, and played cricket for Buttershaw St. Paul's Cricket Club. Having suffered a number of minor strokes in the past, he was found unconscious at home in Batley during the early-afternoon of Wednesday 19 May 2015, and he suffered heart attacks en route to Dewsbury and District Hospital, Dewsbury before being transferred to Pinderfields Hospital, Wakefield, havin",TRUE,TRUE,,,
5,FP_new,Dean_Carroll,deathYear,2015,,"Dean Carroll (third ¼ 1962 – 24 May 2015), also known by the nickname of ""Deano"", was an English professional rugby league footballer and cricketer who played in the 1980s and 1990s. He played at club level for Bradford Northern, Carlisle, Warrington (loan) (Heritage № 887), Batley and Doncaster (Heritage № 597), as a fullback, stand-off, or scrum-half, i.e. number 1, 6, or 7, and coached at club level for West Bowling A.R.L.F.C. and, and played cricket for Buttershaw St. Paul's Cricket Club. Having suffered a number of minor strokes in the past, he was found unconscious at home in Batley during the early-afternoon of Wednesday 19 May 2015, and he suffered heart attacks en route to Dewsbury and District Hospital, Dewsbury before being transferred to Pinderfields Hospital, Wakefield, havin",TRUE,TRUE,,,
1133,FP_new,Death_of_Darren_Ng_Wei_Jie,birthDate,2010-10-30,,"On 30 October 2010, 19-year-old Darren Ng Wei Jie (黄伟杰; huáng wěijié), a Singaporean student from Republic Polytechnic, was slashed by 12 youths from a rival gang after a staring incident between one of Ng's friends and one of these youths attacking him. Ng suffered from 28 knife wounds and died in Changi General Hospital five hours after the incident. The case was classified as murder, and the police arrested all the suspects. Six of them were charged with murder, but all except one were sentenced to serve lengthy jail terms with caning for culpable homicide (the sixth was instead found guilty of rioting), while the others were sentenced to varied jail terms and caning for rioting.",TRUE,FALSE,WV,,
464,FN,Death_of_Darren_Ng_Wei_Jie,birthName,,Darren Ng Wei Jie,"On 30 October 2010, 19-year-old Darren Ng Wei Jie (黄伟杰; huáng wěijié), a Singaporean student from Republic Polytechnic, was slashed by 12 youths from a rival gang after a staring incident between one of Ng's friends and one of these youths attacking him. Ng suffered from 28 knife wounds and died in Changi General Hospital five hours after the incident. The case was classified as murder, and the police arrested all the suspects. Six of them were charged with murder, but all except one were sentenced to serve lengthy jail terms with caning for culpable homicide (the sixth was instead found guilty of rioting), while the others were sentenced to varied jail terms and caning for rioting.",TRUE,TRUE,,,
1135,FP_new,Death_of_Darren_Ng_Wei_Jie,birthYear,2010,,"On 30 October 2010, 19-year-old Darren Ng Wei Jie (黄伟杰; huáng wěijié), a Singaporean student from Republic Polytechnic, was slashed by 12 youths from a rival gang after a staring incident between one of Ng's friends and one of these youths attacking him. Ng suffered from 28 knife wounds and died in Changi General Hospital five hours after the incident. The case was classified as murder, and the police arrested all the suspects. Six of them were charged with murder, but all except one were sentenced to serve lengthy jail terms with caning for culpable homicide (the sixth was instead found guilty of rioting), while the others were sentenced to varied jail terms and caning for rioting.",TRUE,FALSE,WV,,
1134,FN,Death_of_Darren_Ng_Wei_Jie,deathDate,,2010-10-30,"On 30 October 2010, 19-year-old Darren Ng Wei Jie (黄伟杰; huáng wěijié), a Singaporean student from Republic Polytechnic, was slashed by 12 youths from a rival gang after a staring incident between one of Ng's friends and one of these youths attacking him. Ng suffered from 28 knife wounds and died in Changi General Hospital five hours after the incident. The case was classified as murder, and the police arrested all the suspects. Six of them were charged with murder, but all except one were sentenced to serve lengthy jail terms with caning for culpable homicide (the sixth was instead found guilty of rioting), while the others were sentenced to varied jail terms and caning for rioting.",TRUE,TRUE,,,
1136,FN,Death_of_Darren_Ng_Wei_Jie,deathYear,,2010,"On 30 October 2010, 19-year-old Darren Ng Wei Jie (黄伟杰; huáng wěijié), a Singaporean student from Republic Polytechnic, was slashed by 12 youths from a rival gang after a staring incident between one of Ng's friends and one of these youths attacking him. Ng suffered from 28 knife wounds and died in Changi General Hospital five hours after the incident. The case was classified as murder, and the police arrested all the suspects. Six of them were charged with murder, but all except one were sentenced to serve lengthy jail terms with caning for culpable homicide (the sixth was instead found guilty of rioting), while the others were sentenced to varied jail terms and caning for rioting.",TRUE,TRUE,,,
1131,FP_new,Death_of_Darren_Ng_Wei_Jie,label,Darren Ng Wei Jie,,"On 30 October 2010, 19-year-old Darren Ng Wei Jie (黄伟杰; huáng wěijié), a Singaporean student from Republic Polytechnic, was slashed by 12 youths from a rival gang after a staring incident between one of Ng's friends and one of these youths attacking him. Ng suffered from 28 knife wounds and died in Changi General Hospital five hours after the incident. The case was classified as murder, and the police arrested all the suspects. Six of them were charged with murder, but all except one were sentenced to serve lengthy jail terms with caning for culpable homicide (the sixth was instead found guilty of rioting), while the others were sentenced to varied jail terms and caning for rioting.",TRUE,TRUE,,,
2402,FP_new,Declan_Pilkington,birthYear,1969,,"Declan Pilkington (born 1969 in Birr, County Offaly) is an Irish sportsperson. He plays hurling with his local club Birr and was a member of the Offaly senior inter-county team between 1988 and 1996. Pilkington won All-Ireland minor medals in 1986 and 1987 an All-Ireland senior medal in 1994.",TRUE,TRUE,,,
1990,FP_new,Delfim_Jos%C3%A9_da_Silva,birthYear,1948,,Delfim José da Silva was a Portuguese rower. He competed in the men's coxed four event at the 1948 Summer Olympics.,TRUE,FALSE,WV,,
492,FP_new,Delzie_Demaree,deathDate,1987-07-02,,"Delzie Demaree (15 September 1889 – 2 July 1987) was an American botanist, and plant collector. His place of death is reported as Bonham, Arkansas or Texas.",TRUE,TRUE,,,
493,FP_new,Delzie_Demaree,deathYear,1987,,"Delzie Demaree (15 September 1889 – 2 July 1987) was an American botanist, and plant collector. His place of death is reported as Bonham, Arkansas or Texas.",TRUE,TRUE,,,
33,FN,Dennis_Miller,label,,Dennis Miller,"Dennis Michael Miller (born November 3, 1953) is an American talk show host, political commentator, sports commentator, actor, and comedian. He was a cast member of Saturday Night Live from 1985 to 1991, and he subsequently hosted a string of his own talk shows on HBO, CNBC, and in syndication. From 2007 to 2015, Miller hosted a daily, three-hour, self-titled talk radio program, nationally syndicated by Westwood One. On March 9, 2020, Dennis Miller + One show, launched on RT America. It ran twice-weekly and featured celebrity interviews.",TRUE,TRUE,,,
1727,FP_new,Dennis_Wojtkiewicz,birthYear,1956,,"Dennis Wojtkiewicz (born 1956, Chicago, Illinois) is an American Hyperrealist painter and draughtsman. Wojtkiewicz graduated from Southern Illinois University and is artist associated with the Hyperrealist movement. He is best known for his large scale renderings of sliced fruit and flowers. In order to achieve his desired effect, technically, Wojtkiewicz relies on traditional oil paint and brushes with a classical application, he also uses pastel for his drawings.",TRUE,TRUE,,,
2258,FN,Dick_Leitsch,birthName,,Richard Joseph Leitsch,"Richard Joseph Leitsch (May 11, 1935 – June 22, 2018), also known as Richard Valentine Leitsch and more commonly Dick Leitsch, was an American LGBT rights activist. He was president of gay rights group the Mattachine Society in the 1960s. He conceptualized and led the ""Sip-In"" at Julius' Bar, one of the earliest acts of gay civil disobedience in the United States, LGBT activists used ""sip-ins"" to attempt to gain the legal right to drink in bars in New York. He was also known for being the first gay reporter to publish an account of the Stonewall Riots and the first person to interview Bette Midler in print media.",TRUE,TRUE,,,
4331,FP_different,Dick_Leitsch,birthName,Richard Valentine Leitsch,Richard Joseph Leitsch,"Richard Joseph Leitsch (May 11, 1935 – June 22, 2018), also known as Richard Valentine Leitsch and more commonly Dick Leitsch, was an American LGBT rights activist. He was president of gay rights group the Mattachine Society in the 1960s. He conceptualized and led the ""Sip-In"" at Julius' Bar, one of the earliest acts of gay civil disobedience in the United States, LGBT activists used ""sip-ins"" to attempt to gain the legal right to drink in bars in New York. He was also known for being the first gay reporter to publish an account of the Stonewall Riots and the first person to interview Bette Midler in print media.",TRUE,FALSE,WV,,
519,FN,Dick_Leitsch,label,,Dick Leitsch,"Richard Joseph Leitsch (May 11, 1935 – June 22, 2018), also known as Richard Valentine Leitsch and more commonly Dick Leitsch, was an American LGBT rights activist. He was president of gay rights group the Mattachine Society in the 1960s. He conceptualized and led the ""Sip-In"" at Julius' Bar, one of the earliest acts of gay civil disobedience in the United States, LGBT activists used ""sip-ins"" to attempt to gain the legal right to drink in bars in New York. He was also known for being the first gay reporter to publish an account of the Stonewall Riots and the first person to interview Bette Midler in print media.",TRUE,TRUE,,,
1153,FP_new,Diego_Mart%C3%ADnez_Barrio,birthName,Diego Martínez Barrio,,"Diego Martínez Barrio (25 November 1883, in Seville – 1 January 1962) was a Spanish politician during the Second Spanish Republic, Prime Minister of Spain between 9 October 1933 and 26 December 1933 and was briefly appointed again by Manuel Azaña on 19 July 1936 - two days after the beginning of the Spanish Civil War. From 16 March 1936 to 30 March 1939 Martínez was President of the Cortes. In 1936, he was briefly the interim President of the Second Spanish Republic, from 7 April to 10 May.",TRUE,TRUE,,,
557,FP_new,Dina_Melicov,birthYear,1905,,"Dina Melicov (1905–1969) was an American sculptor, and painter who studied at The Educational Alliance Art School. She graduated from Wadleigh High School for Girls, and studied with Solon Borglum. She married. Dina Melicov was a member of the Sculptors Guild and the National Association of Women Artists. She worked for the Federal Art Project. Her works include a 1942 statue of Dr. Joseph Priestley, sculpted of red mahogany, located at the Northumberland, Pennsylvania Post Office and Head of a Child for Public School 216 in New York City.",TRUE,TRUE,,,
558,FP_new,Dina_Melicov,deathYear,1969,,"Dina Melicov (1905–1969) was an American sculptor, and painter who studied at The Educational Alliance Art School. She graduated from Wadleigh High School for Girls, and studied with Solon Borglum. She married. Dina Melicov was a member of the Sculptors Guild and the National Association of Women Artists. She worked for the Federal Art Project. Her works include a 1942 statue of Dr. Joseph Priestley, sculpted of red mahogany, located at the Northumberland, Pennsylvania Post Office and Head of a Child for Public School 216 in New York City.",TRUE,TRUE,,,
2138,FN,Dirk_Stikker,birthName,,Dirk Uipko Stikker,"Dirk Uipko Stikker (5 February 1897 – 23 December 1979) was a Dutch politician and diplomat of the defunct Liberal State Party (LSP), co-founder of the defunct Freedom Party (PvdV) and of the People's Party for Freedom and Democracy (VVD), and businessman. Stikker was known for his abilities as a manager and negotiator. Stikker continued to comment on political affairs as a statesman until his death. He holds the distinction as the first Secretary General of NATO from the Netherlands.",TRUE,TRUE,,,
1230,FN,Donald_W%2E_Southgate,birthYear,,1887,"Donald W. Southgate (1887–1953) was an American architect. He designed many buildings in Davidson County, Tennessee, especially Nashville and Belle Meade, some of which are listed on the National Register of Historic Places.",TRUE,TRUE,,,
1231,FN,Donald_W%2E_Southgate,deathYear,,1953,"Donald W. Southgate (1887–1953) was an American architect. He designed many buildings in Davidson County, Tennessee, especially Nashville and Belle Meade, some of which are listed on the National Register of Historic Places.",TRUE,TRUE,,,
395,FP_new,Donny_Atherton,label,Donny Atherton,,"Donald Atherton (b. January 30, 1964 from Newbury Park, California, United States) is a former American ""Old School"" professional Bicycle Motocross (BMX) racer whose prime competitive years were from 1978–1982.",TRUE,TRUE,,,
575,FN,Duraid_Lahham,birthYear,,1934,"Duraid Lahham (Arabic: دريد لحام; in Roman transliteration, sometimes spelled ""Durayd Lahham"") is a leading Syrian comedian and director born 1934 in Damascus, Syria. He is famous for acting the role of ""Ghawwar El Toshe"" in a number of movies and series. His co-star throughout his career was who played the role of ""Husni Al Borazani"".",TRUE,TRUE,,,
1027,FN,Dwone_Hicks,birthDate,,1981-04-25,"Kenneth Dwone Hicks (born April 25, 1981) is a former American football running back in the National Football League. He was signed by the Tennessee Titans as an undrafted free agent in 2003 and was also a member of the Chicago Bears. He played college football at Middle Tennessee State. Hicks is currently an assistant football coach at Wilson Central High School in Lebanon, Tennessee.",TRUE,TRUE,,,
1028,FN,Dwone_Hicks,birthYear,,1981,"Kenneth Dwone Hicks (born April 25, 1981) is a former American football running back in the National Football League. He was signed by the Tennessee Titans as an undrafted free agent in 2003 and was also a member of the Chicago Bears. He played college football at Middle Tennessee State. Hicks is currently an assistant football coach at Wilson Central High School in Lebanon, Tennessee.",TRUE,TRUE,,,
4212,FN,Dwone_Hicks,label,,Dwone Hicks,"Kenneth Dwone Hicks (born April 25, 1981) is a former American football running back in the National Football League. He was signed by the Tennessee Titans as an undrafted free agent in 2003 and was also a member of the Chicago Bears. He played college football at Middle Tennessee State. Hicks is currently an assistant football coach at Wilson Central High School in Lebanon, Tennessee.",TRUE,TRUE,,,
2287,FP_new,Ed_McGuinness,birthName,Edward McGuinness,,"Edward McGuinness is an American comic book artist and penciller, best known for his work on books such as Superman, Superman/Batman, Deadpool, and Hulk. His pencil work is frequently inked by Dexter Vines, and as such, their cover work is known to carry the stylized signature ""EdEx"". McGuinness frequent collaborator, writer Jeph Loeb, had characterized McGuinness' art style as incorporating elements of artists Jack Kirby and Arthur Adams.",TRUE,TRUE,,,
2286,FN,Ed_McGuinness,label,,Ed McGuinness,"Edward McGuinness is an American comic book artist and penciller, best known for his work on books such as Superman, Superman/Batman, Deadpool, and Hulk. His pencil work is frequently inked by Dexter Vines, and as such, their cover work is known to carry the stylized signature ""EdEx"". McGuinness frequent collaborator, writer Jeph Loeb, had characterized McGuinness' art style as incorporating elements of artists Jack Kirby and Arthur Adams.",TRUE,TRUE,,,
90,FP_new,Edgar_Johnston,birthName,Edgar Charles Johnston,,"Edgar Charles Johnston, DFC (30 April 1896 – 22 May 1988) was an Australian fighter pilot and ace of the First World War and, later, a leading member in civil aviation in Australia.",TRUE,TRUE,,,
91,FP_new,Edgar_Johnston,deathDate,1988-05-22,,"Edgar Charles Johnston, DFC (30 April 1896 – 22 May 1988) was an Australian fighter pilot and ace of the First World War and, later, a leading member in civil aviation in Australia.",TRUE,TRUE,,,
92,FP_new,Edgar_Johnston,deathYear,1988,,"Edgar Charles Johnston, DFC (30 April 1896 – 22 May 1988) was an Australian fighter pilot and ace of the First World War and, later, a leading member in civil aviation in Australia.",TRUE,TRUE,,,
839,FP_new,Edina_Altara,birthName,Edina Ponti,,"Edina Altara (1898–1983) was an Italian illustrator, decorator and fashion designer from Sassari. In the thirties she was devoted to ceramics, fashion and decoration. A versatile artist, skilled designer, sensitive and imaginative illustrator and fashion designer, after the amicable separation from her husband in 1934, she opened her own studio in Milan which attracted a sophisticated clientele. Altara and Ponti collaborated on a number of projects. A painted chest of drawers (ca. 1951) was recently sold for £250,000.",FALSE,FALSE,AC,,
220,FP_new,Edina_Altara,deathYear,1983,,"Edina Altara (1898–1983) was an Italian illustrator, decorator and fashion designer from Sassari. In the thirties she was devoted to ceramics, fashion and decoration. A versatile artist, skilled designer, sensitive and imaginative illustrator and fashion designer, after the amicable separation from her husband in 1934, she opened her own studio in Milan which attracted a sophisticated clientele. Altara and Ponti collaborated on a number of projects. A painted chest of drawers (ca. 1951) was recently sold for £250,000.",TRUE,TRUE,,,
1094,FP_new,Eduardo_D%C3%ADaz_del_R%C3%ADo,birthName,Eduardo Díaz del Río,,"Eduardo Díaz del Río (born 17 December 1973) is a Chilean politician and lawyer. On 6 December 2021, he was among the figures which announced his vote for José Antonio Kast in the ballotage of the 2021 Chilean general election.",TRUE,TRUE,,,
331,FP_new,Egilberto_Martufi,deathYear,1989,,Egilberto Martufi (5 May 1926 – 1989) was an Italian long-distance runner. He competed in the marathon at the 1952 Summer Olympics.,TRUE,TRUE,,,
289,FN,El_Hedi_ben_Salem,alias,,El Hedi Ben Salem,"El Hedi ben Salem (c. 1935 – 1977) was a Moroccan actor, best known for his work with German film director Rainer Werner Fassbinder.",TRUE,FALSE,ID,x,
915,FP_new,El_Hedi_ben_Salem,birthName,El Hedi ben Salem,,"El Hedi ben Salem (c. 1935 – 1977) was a Moroccan actor, best known for his work with German film director Rainer Werner Fassbinder.",TRUE,TRUE,,x,
630,FP_new,Elena_Hrenova,birthName,Elena Hrenova,,"Elena Hrenova (Russian: Елена Хренова; 14 January 1950 – 22 November 2020) was a Russian-Moldovan politician who from 2014 to 2019 was a Member of the Moldovan Parliament representing the Party of Socialists of the Republic of Moldova (PSRM). She was a member of the Parliamentary Committee on Social Protection, Health and the Family. Previously, between 2011 and 2015, she was a councilor in the Chisinau Municipal Council.",TRUE,TRUE,,,
1182,FP_new,Elisabeth_Selbert,birthName,Elisabeth Selbert,,"Elisabeth Selbert (1896–1986) was a German politician and lawyer. She was one of the four women who worked on the Basic Law for the Federal Republic of Germany, collectively called the Mütter des Grundgesetzes (English: Mothers of the Basic Law). She had a central role in ensuring that explicit equality between men and women was included as a fundamental right in the Basic Law.",TRUE,TRUE,,,
340,FP_new,Elisha_Rumsey,birthName,Elisha Walker Rumsey,,Elisha Walker Rumsey (ca. 1785-August 1827) was an American pioneer and co-founder of the U.S. city of Ann Arbor. He and John Allen founded Ann Arbor in 1824.,TRUE,TRUE,,,
2313,FN,Emily_Benn,birthName,,Emily Sophia Wedgwood Benn,"Emily Sophia Wedgwood Benn (born 4 October 1989), styled as The Honourable Emily Benn socially, is an English Labour politician. She is the eldest child and only daughter of The 3rd Viscount Stansgate and Nita Clarke (née Bowes), and the granddaughter of the late Labour MP Tony Benn. She was an unsuccessful Parliamentary candidate in both the 2010 and 2015 UK general elections. At the 2014 local elections, Benn was elected to the West Thornton ward of Croydon Borough Council, serving until 2016. At the 2022 local elections, she was elected to the Bread Street ward of the City of London Corporation.",TRUE,TRUE,,,
576,FN,Emily_Benn,label,,Emily Benn,"Emily Sophia Wedgwood Benn (born 4 October 1989), styled as The Honourable Emily Benn socially, is an English Labour politician. She is the eldest child and only daughter of The 3rd Viscount Stansgate and Nita Clarke (née Bowes), and the granddaughter of the late Labour MP Tony Benn. She was an unsuccessful Parliamentary candidate in both the 2010 and 2015 UK general elections. At the 2014 local elections, Benn was elected to the West Thornton ward of Croydon Borough Council, serving until 2016. At the 2022 local elections, she was elected to the Bread Street ward of the City of London Corporation.",TRUE,TRUE,,,
979,FP_new,Emmanuel_Rakotovahiny,birthName,Emmanuel Rakotovahiny,,"Emmanuel Rakotovahiny (16 August 1938 – 1 July 2020) was a Malagasy politician who was Prime Minister of Madagascar from 1995 to 1996. A close ally of Albert Zafy, he was the President of the National Union for Democracy and Development (UNDD), a political party, as well as the Vice-President of the National Reconciliation Committee (CRN), a group headed by Zafy. On 6 October 2009, he was designated to become as part of an agreement intended to resolve the 2009 political crisis.",TRUE,TRUE,,,
102,FP_new,Erick-Oskar_Hansen,birthDate,1889-05-27,,Erick-Oskar Hansen (27 May 1889 – 18 March 1967) was a German general in the Wehrmacht during World War II. He was a recipient of the Knight's Cross of the Iron Cross of Nazi Germany.,TRUE,TRUE,,,
104,FP_new,Erick-Oskar_Hansen,birthYear,1889,,Erick-Oskar Hansen (27 May 1889 – 18 March 1967) was a German general in the Wehrmacht during World War II. He was a recipient of the Knight's Cross of the Iron Cross of Nazi Germany.,TRUE,TRUE,,,
103,FP_new,Erick-Oskar_Hansen,deathDate,1967-03-18,,Erick-Oskar Hansen (27 May 1889 – 18 March 1967) was a German general in the Wehrmacht during World War II. He was a recipient of the Knight's Cross of the Iron Cross of Nazi Germany.,TRUE,TRUE,,,
105,FP_new,Erick-Oskar_Hansen,deathYear,1967,,Erick-Oskar Hansen (27 May 1889 – 18 March 1967) was a German general in the Wehrmacht during World War II. He was a recipient of the Knight's Cross of the Iron Cross of Nazi Germany.,TRUE,TRUE,,,
1022,FP_new,Ermalee_Hickel,birthName,Ermalee Hickel,,"Ermalee Hickel (September 11, 1925 – September 14, 2017) was an American public figure and philanthropist who served as the second and seventh First Lady of Alaska from 1966 to 1969 and again from 1990 to 1994. She was the wife of the former Governor of Alaska Wally Hickel and one of the last members of Alaska's generation of pioneer political families.",TRUE,TRUE,,,
351,FP_new,Ermengarde_de_Beaumont,birthYear,1170,,"Ermengarde de Beaumont (c. 1170 – 11 February 1233/1234) was Queen of Scotland as the wife of King William I. She is reported to have exerted influence over the affairs of state as queen, though the information of her is lacking in detail. Her paternal grandmother is Constance FitzRoy, illegitimate daughter of Henry I of England.",TRUE,TRUE,,,
350,FP_new,Ermengarde_de_Beaumont,deathDate,1234-02-11,,"Ermengarde de Beaumont (c. 1170 – 11 February 1233/1234) was Queen of Scotland as the wife of King William I. She is reported to have exerted influence over the affairs of state as queen, though the information of her is lacking in detail. Her paternal grandmother is Constance FitzRoy, illegitimate daughter of Henry I of England.",FALSE,TRUE,,,
352,FP_new,Ermengarde_de_Beaumont,deathYear,1234,,"Ermengarde de Beaumont (c. 1170 – 11 February 1233/1234) was Queen of Scotland as the wife of King William I. She is reported to have exerted influence over the affairs of state as queen, though the information of her is lacking in detail. Her paternal grandmother is Constance FitzRoy, illegitimate daughter of Henry I of England.",TRUE,TRUE,,,
36,FP_new,Ernst_Barkmann,birthDate,1919-08-25,,"Ernst Barkmann (25 August 1919 – 27 June 2009) was a German tank commander in the Waffen-SS of Nazi Germany during World War II. He is known for the actions undertaken at “Barkmann’s Corner"", in which it is claimed he halted a major U.S. Army armoured advance in Normandy on 27 July 1944, for which action he received the Knight's Cross of the Iron Cross.",TRUE,TRUE,,,
38,FP_new,Ernst_Barkmann,birthYear,1919,,"Ernst Barkmann (25 August 1919 – 27 June 2009) was a German tank commander in the Waffen-SS of Nazi Germany during World War II. He is known for the actions undertaken at “Barkmann’s Corner"", in which it is claimed he halted a major U.S. Army armoured advance in Normandy on 27 July 1944, for which action he received the Knight's Cross of the Iron Cross.",TRUE,TRUE,,,
37,FP_new,Ernst_Barkmann,deathDate,2009-06-27,,"Ernst Barkmann (25 August 1919 – 27 June 2009) was a German tank commander in the Waffen-SS of Nazi Germany during World War II. He is known for the actions undertaken at “Barkmann’s Corner"", in which it is claimed he halted a major U.S. Army armoured advance in Normandy on 27 July 1944, for which action he received the Knight's Cross of the Iron Cross.",TRUE,TRUE,,,
39,FP_new,Ernst_Barkmann,deathYear,2009,,"Ernst Barkmann (25 August 1919 – 27 June 2009) was a German tank commander in the Waffen-SS of Nazi Germany during World War II. He is known for the actions undertaken at “Barkmann’s Corner"", in which it is claimed he halted a major U.S. Army armoured advance in Normandy on 27 July 1944, for which action he received the Knight's Cross of the Iron Cross.",TRUE,TRUE,,,
503,FP_new,Eugenio_Chiesa,birthDate,1863-11-18,,"Eugenio Chiesa (18 November 1863 - 22 June 1930) was an Italian accountant who found a job with a toy factory. He worked his way up through the ranks and, when the opportunity arose, acquired the business and became very rich. By that time he had also entered politics. As a young man he had been greatly influenced by the writings of Mazzini: he remained a committed Risorgimento-republican throughout his life. His long political career was also marked by several high-profile anti-corruption campaigns. Between 1904 and 1926 he served as a member of the Chamber of Deputies (the lower house of the kingdom's bicameral parliament). After 1922 he emerged as an uncompromising opponent of Fascism. In June 1924 he was among the first members of parliament openly to accuse Mussolini in connection wit",FALSE,TRUE,,,
504,FP_new,Eugenio_Chiesa,deathDate,1930-06-22,,"Eugenio Chiesa (18 November 1863 - 22 June 1930) was an Italian accountant who found a job with a toy factory. He worked his way up through the ranks and, when the opportunity arose, acquired the business and became very rich. By that time he had also entered politics. As a young man he had been greatly influenced by the writings of Mazzini: he remained a committed Risorgimento-republican throughout his life. His long political career was also marked by several high-profile anti-corruption campaigns. Between 1904 and 1926 he served as a member of the Chamber of Deputies (the lower house of the kingdom's bicameral parliament). After 1922 he emerged as an uncompromising opponent of Fascism. In June 1924 he was among the first members of parliament openly to accuse Mussolini in connection wit",FALSE,TRUE,,,
1717,FN,Evelyn_Zupke,birthName,,Evelyn Wiehler,"Evelyn Zupke (born Evelyn Wiehler, 28 February 1962) is a specialist care and social worker who came to prominence in the German Democratic Republic (East Germany) during the 1980s as a democracy activist. She was a co-organiser of the project to uncover and publicise state mandated electoral fraud in the local government elections of 7 May 1989, which was a key step in the buildup to the Peaceful Revolution and prepared the way for reunification, formally in October 1990.",TRUE,TRUE,,,
26,FP_new,Eyj%C3%B3lfur_Sverrisson,label,Eyjólfur Gjafar Sverrisson,,"Eyjólfur Gjafar Sverrisson (born 3 August 1968) is an Icelandic former footballer and former coach of the Iceland national football team. He is the father of Hólmar Örn Eyjólfsson, also a professional footballer.",TRUE,FALSE,LCE,,
140,FN,Fabi%C3%A1n_Canobbio,label,,Fabián Canobbio,"Néstor Fabián Canobbio Bentaberry (born 8 March 1980) is a Uruguayan retired footballer who played as an attacking midfielder. A skilled midfielder with netting ability, he spent most of his professional career in Spain, having played 225 competitive matches for three clubs.",TRUE,TRUE,,,
748,FP_different,Fabi%C3%A1n_Canobbio,label,Fabi Fabián Canobbio,Fabián Canobbio,"Néstor Fabián Canobbio Bentaberry (born 8 March 1980) is a Uruguayan retired footballer who played as an attacking midfielder. A skilled midfielder with netting ability, he spent most of his professional career in Spain, having played 225 competitive matches for three clubs.",TRUE,FALSE,MPV,,
2985,FP_different,Fabi%C3%A1n_Canobbio,label,Fabián Canobbio Bentaberry,Fabián Canobbio,"Néstor Fabián Canobbio Bentaberry (born 8 March 1980) is a Uruguayan retired footballer who played as an attacking midfielder. A skilled midfielder with netting ability, he spent most of his professional career in Spain, having played 225 competitive matches for three clubs.",TRUE,FALSE,WV,,
697,FN,Farzaneh_Fasihi,birthYear,,1993,"Farzaneh Fasihi (Persian: فرزانه فصیحی, also Romanized as ""Farzāneh Fasihi"", Persian pronunciation: [fæɾzɒːˈne fæsiːˈhiː]; born 1993 in Isfahan) is an Iranian sprinter. She represented her country at more than 10 competitions both outdoor and indoor Asian Athletics Championships. Fasihi is the Iranian record holder of the 60 metres indoor with 7.25 seconds.",TRUE,TRUE,,,
2808,FP_new,Fatma_Rashed,label,Fatma Mohamed Ahmed Rashed,,"Fatma Mohamed Ahmed Rashed (Arabic: فاطمة محمد أحمد راشد; born July 19, 1984) is an Egyptian Olympic rower. She represented Egypt in 2012 Summer Olympics in London.",TRUE,FALSE,LCE,,
462,FN,Felicia_Chin,birthName,,Felicia Chin Foong Ling,"Felicia Chin Foong Ling (simplified Chinese: 陈凤玲; traditional Chinese: 陳鳳玲; pinyin: chén fèng líng; born 24 October 1984), who was also once known by her Chinese stage name Chen Jing Xuan (Chinese: 陈靓瑄) from 2008 to 2013 is a Singaporean actress was named as one of the Seven Princesses of Mediacorp in 2006. In 2013, she decided to use her given Chinese name instead for her acting career.",TRUE,TRUE,,,
1129,FP_different,Felicia_Chin,label,Felicia Chin Foong Ling,Felicia Chin,"Felicia Chin Foong Ling (simplified Chinese: 陈凤玲; traditional Chinese: 陳鳳玲; pinyin: chén fèng líng; born 24 October 1984), who was also once known by her Chinese stage name Chen Jing Xuan (Chinese: 陈靓瑄) from 2008 to 2013 is a Singaporean actress was named as one of the Seven Princesses of Mediacorp in 2006. In 2013, she decided to use her given Chinese name instead for her acting career.",TRUE,FALSE,LCE,,
906,FP_different,Fernando_Holiday,birthName,Fernando Holiday,Fernando Silva Bispo,"Fernando Silva Bispo, better known as Fernando Holiday (born 22 September 1996) is a Brazilian politician affiliated to the New Party (NOVO) and councilor of the city of São Paulo. He was elected with 48,055 votes in the 2016 elections, and became the first openly gay councilor. He was the national coordinator of the Free Brazil Movement (MBL) and a law student. Holiday became known for convening protests against the Dilma Rousseff government.",TRUE,FALSE,WV,,
2069,FN,Fernando_Holiday,birthName,,Fernando Silva Bispo,"Fernando Silva Bispo, better known as Fernando Holiday (born 22 September 1996) is a Brazilian politician affiliated to the New Party (NOVO) and councilor of the city of São Paulo. He was elected with 48,055 votes in the 2016 elections, and became the first openly gay councilor. He was the national coordinator of the Free Brazil Movement (MBL) and a law student. Holiday became known for convening protests against the Dilma Rousseff government.",TRUE,TRUE,,,
282,FN,Fernando_Holiday,label,,Fernando Holiday,"Fernando Silva Bispo, better known as Fernando Holiday (born 22 September 1996) is a Brazilian politician affiliated to the New Party (NOVO) and councilor of the city of São Paulo. He was elected with 48,055 votes in the 2016 elections, and became the first openly gay councilor. He was the national coordinator of the Free Brazil Movement (MBL) and a law student. Holiday became known for convening protests against the Dilma Rousseff government.",TRUE,TRUE,,,
523,FP_new,Firmin_Peigneux,birthYear,1904,,Firmin Peigneux (1904–1968) was a Belgian colonial administrator. He was governor of Kasaï Province in the Belgian Congo from 1948 to 1952.,TRUE,TRUE,,,
524,FP_new,Firmin_Peigneux,deathYear,1968,,Firmin Peigneux (1904–1968) was a Belgian colonial administrator. He was governor of Kasaï Province in the Belgian Congo from 1948 to 1952.,TRUE,TRUE,,,
539,FP_new,Flora_Garry,birthDate,1900-09-30,,"Flora Garry (30 September 1900 – 16 June 2000) was a Scottish poet who mostly wrote in the Scots dialect of Aberdeenshire.Well known for her poetry, she played an important role along with Charles Murray and John C. Milne in validating the literary use of Scots.",TRUE,TRUE,,,
540,FP_new,Flora_Garry,deathDate,2000-06-16,,"Flora Garry (30 September 1900 – 16 June 2000) was a Scottish poet who mostly wrote in the Scots dialect of Aberdeenshire.Well known for her poetry, she played an important role along with Charles Murray and John C. Milne in validating the literary use of Scots.",TRUE,TRUE,,,
1433,FN,Florence_Welch,birthName,,Florence Leontine Mary Welch,"Florence Leontine Mary Welch (born 28 August 1986) is an English singer, the lead vocalist and primary songwriter of the indie rock band Florence and the Machine. The band's debut studio album, Lungs (2009), topped the UK Albums Chart and won the Brit Award for Best British Album. Their next three albums also achieved chart success. In 2018, Welch released a book titled Useless Magic, a collection of lyrics and poems written by her, along with illustrations.",TRUE,TRUE,,,
1060,FP_new,Ford_Quint_Elvidge,birthName,Ford Quint Elvidge,,"Ford Quint Elvidge (November 20, 1892 – July 14, 1980) was an American attorney who was governor of Guam from 1953 to 1956.",TRUE,TRUE,,,
652,FP_different,Fran%C3%A7ois_Celis,label,Franç Celis,François Celis,François Celis was a Belgian long-distance runner. He competed in the men's marathon at the 1908 Summer Olympics.,TRUE,FALSE,ICE,,
4950,FP_different,Fran%C3%A7ois_Celis,label,Fran Celis,François Celis,François Celis was a Belgian long-distance runner. He competed in the men's marathon at the 1908 Summer Olympics.,TRUE,FALSE,ICE,,
1196,FP_new,Fran%C3%A7ois_Couchepin,birthName,Franç Couchepin,,François Couchepin (born 19 January 1935) is a Swiss lawyer and former politician who served as Chancellor of Switzerland from 1991 to 1999. He was a member of the now-defunct Free Democratic Party of Switzerland (FDP/PRD).,FALSE,FALSE,ICE,,
1195,FP_different,Fran%C3%A7ois_Couchepin,label,Franç Couchepin,François Couchepin,François Couchepin (born 19 January 1935) is a Swiss lawyer and former politician who served as Chancellor of Switzerland from 1991 to 1999. He was a member of the now-defunct Free Democratic Party of Switzerland (FDP/PRD).,TRUE,FALSE,ICE,,
1732,FP_different,Fran%C3%A7ois_Couchepin,label,Françou Couchepin,François Couchepin,François Couchepin (born 19 January 1935) is a Swiss lawyer and former politician who served as Chancellor of Switzerland from 1991 to 1999. He was a member of the now-defunct Free Democratic Party of Switzerland (FDP/PRD).,TRUE,FALSE,AC,,
2245,FP_different,Fran%C3%A7ois_Couchepin,label,Fran Couchepin,François Couchepin,François Couchepin (born 19 January 1935) is a Swiss lawyer and former politician who served as Chancellor of Switzerland from 1991 to 1999. He was a member of the now-defunct Free Democratic Party of Switzerland (FDP/PRD).,TRUE,FALSE,ICE,,
4823,FP_different,Fran%C3%A7ois_Couchepin,label,Fran%C3%A7ois Couchepin,François Couchepin,François Couchepin (born 19 January 1935) is a Swiss lawyer and former politician who served as Chancellor of Switzerland from 1991 to 1999. He was a member of the now-defunct Free Democratic Party of Switzerland (FDP/PRD).,TRUE,TRUE,,,
23,FP_different,Fran%C3%A7oise_Abanda,label,Franoise Abanda,Françoise Abanda,"Françoise Abanda (born February 5, 1997) is a Canadian professional tennis player. She reached her highest WTA singles ranking of 111 on October 9, 2017 and her highest WTA doubles ranking of 197 on September 8, 2014. She achieved a career-high combined junior rank of No. 4 on April 29, 2013.",TRUE,FALSE,ICE,,
4432,FP_different,Fran%C3%A7oise_Abanda,label,Fran%C3%A7oise Abanda,Françoise Abanda,"Françoise Abanda (born February 5, 1997) is a Canadian professional tennis player. She reached her highest WTA singles ranking of 111 on October 9, 2017 and her highest WTA doubles ranking of 197 on September 8, 2014. She achieved a career-high combined junior rank of No. 4 on April 29, 2013.",TRUE,FALSE,TMI,,
260,FP_new,Francis_Lenn_Taylor,birthName,Francis Lenn Taylor,,"Francis Lenn Taylor (December 28, 1897 – November 20, 1968) was an American art dealer and the father of actress Elizabeth Taylor.",TRUE,TRUE,,,
664,FP_new,Francisco_Robles_Ortega,birthName,Francisco Robles Ortega,,"Francisco Robles Ortega (Spanish pronunciation: [fɾanˈsisko ˈro.βles oɾˈteɣa]; born 2 March 1949) is a Mexican prelate of the Catholic Church, a cardinal since 2007. He is the Archbishop of Guadalajara. Cardinal Robles had previously served as archbishop of Monterrey from 2003 to 2011. He is also, as of November 2012, the incoming president-elect of the Roman Catholic Mexican Episcopal (Bishops') Conference, to replace the outgoing president, Archbishop Carlos Aguiar Retes, the Metropolitan Archbishop of the Roman Catholic Archdiocese of Tlalnepantla.",TRUE,TRUE,,,
1167,FP_new,Franco_Frattini,birthName,Franco Frattini,,"Franco Frattini (born 14 March 1957) is an Italian politician and magistrate. Since January 2022, Frattini is currently serving as president of the Council of State. Frattini previously served as Minister of Foreign Affairs from 2002 to 2004 and from 2008 to 2011 in the governments of Silvio Berlusconi and Minister of Public Function from 1995 to 1996 and from 2001 to 2002, in the government of Lamberto Dini and Silvio Berlusconi. From 2004 to 2008, he was also the European Commissioner for Justice, Freedom and Security in the first Barroso Commission.",TRUE,TRUE,,,
28,FP_new,Frank_Dux,birthName,Frank William Dux,,"Frank William Dux ( /ˈdjuːks/; born April 6, 1956) is a Canadian-American martial artist and fight choreographer. According to Dux, a ninjutsu expert named Senzo Tanaka trained him as a ninja when he was a teenager. He established his own school of ninjutsu called Dux Ryu Ninjutsu, and has said he won a secret martial arts tournament called the Kumite in 1975. His alleged victory at the Kumite served as the inspiration for the 1988 film Bloodsport starring Jean-Claude Van Damme. Dux's victory at the Kumite has been disputed, as has the existence of both the Kumite he described and Senzo Tanaka.",TRUE,TRUE,,,
114,FN,Frank_E%2E_Butler,birthName,,Francis E.Butler,"Francis E. Butler (January 30, 1847 (baptized) – November 21, 1926) was an Irish American marksman who performed in Wild West variety shows. He developed a shooting act with his performing partner John Graham, and when Graham fell ill the sharpshooter Annie Oakley stood in for him. Butler and Oakley began to perform together and later married, and they joined the Sells Brothers Circus. They became famous as a sharpshooting duo during their time in Buffalo Bill's Wild West Show from 1885 to 1901. Butler also worked as a representative and salesman for gun manufacturers.",FALSE,TRUE,,,
113,FP_new,Frank_E%2E_Butler,label,Frank E.Butler,,"Francis E. Butler (January 30, 1847 (baptized) – November 21, 1926) was an Irish American marksman who performed in Wild West variety shows. He developed a shooting act with his performing partner John Graham, and when Graham fell ill the sharpshooter Annie Oakley stood in for him. Butler and Oakley began to perform together and later married, and they joined the Sells Brothers Circus. They became famous as a sharpshooting duo during their time in Buffalo Bill's Wild West Show from 1885 to 1901. Butler also worked as a representative and salesman for gun manufacturers.",FALSE,FALSE,TMI,,
5193,FN,Frank_Glazer,birthDate,,1915-02-19,"Frank Glazer (February 19, 1915 – January 13, 2015) was an American pianist, composer, and teacher of music.",TRUE,TRUE,,,
5194,FN,Frank_Glazer,birthYear,,1915,"Frank Glazer (February 19, 1915 – January 13, 2015) was an American pianist, composer, and teacher of music.",TRUE,TRUE,,,
1851,FN,Frank_Neff_Powell,birthDate,,1947-12-28,"Frank Neff Powell (born December 28, 1947) was the fifth bishop of the Episcopal Diocese of Southwestern Virginia from 1996 till 2013.",TRUE,TRUE,,,
1852,FN,Frank_Neff_Powell,birthYear,,1947,"Frank Neff Powell (born December 28, 1947) was the fifth bishop of the Episcopal Diocese of Southwestern Virginia from 1996 till 2013.",TRUE,TRUE,,,
130,FP_new,Frank_Steketee,deathDate,1951-12-26,,"Frank Wallder Steketee (April 26, 1900 – December 26, 1951) was an American football player. A native of Grand Rapids, Michigan, Steketee played college football as a fullback and halfback for Fielding H. Yost's 1918, 1920, and 1921 Michigan Wolverines football teams. As a freshman in 1918, he helped lead Michigan to an undefeated season and retroactive national championship and was selected by Walter Camp as a first-team player on the 1918 College Football All-America Team.",TRUE,TRUE,,,
131,FP_new,Frank_Steketee,deathYear,1951,,"Frank Wallder Steketee (April 26, 1900 – December 26, 1951) was an American football player. A native of Grand Rapids, Michigan, Steketee played college football as a fullback and halfback for Fielding H. Yost's 1918, 1920, and 1921 Michigan Wolverines football teams. As a freshman in 1918, he helped lead Michigan to an undefeated season and retroactive national championship and was selected by Walter Camp as a first-team player on the 1918 College Football All-America Team.",TRUE,TRUE,,,
605,FP_new,Frank_Timson,birthName,Thomas Frank Timson,,"Thomas Frank Timson MBE (9 February 1909 – 16 October 1960) was an Australian politician. Born in Melbourne, he was educated at Caulfield Grammar School and Wesley College before becoming the director of a Melbourne importing and exporting firm. He served in the military 1940–1945. He was awarded the MBE in the military division and, having enlisted as a Private in 1940, was discharged from the AIF in 1945 with the rank of Major. In 1949, he was elected to the Australian House of Representatives as the Liberal member for the new seat of Higinbotham. He held the seat until his death in 1960, when he died while on a parliamentary goodwill mission in South Korea.",TRUE,TRUE,,,
604,FN,Frank_Timson,label,,Frank Timson,"Thomas Frank Timson MBE (9 February 1909 – 16 October 1960) was an Australian politician. Born in Melbourne, he was educated at Caulfield Grammar School and Wesley College before becoming the director of a Melbourne importing and exporting firm. He served in the military 1940–1945. He was awarded the MBE in the military division and, having enlisted as a Private in 1940, was discharged from the AIF in 1945 with the rank of Major. In 1949, he was elected to the Australian House of Representatives as the Liberal member for the new seat of Higinbotham. He held the seat until his death in 1960, when he died while on a parliamentary goodwill mission in South Korea.",TRUE,TRUE,,,
150,FP_different,Fred_Derby,birthName,Frederick Marinus Emanuel Derby,Frederik Marinus Emanuel Derby,"Frederik Marinus Emanuel Derby (March 31, 1940 – May 19, 2001) was a Surinamese politician and trade unionist. He was the only survivor of the December murders. In the years before his death he fought for an investigation into these events, and he told what had happened to him in Fort Zeelandia.",FALSE,FALSE,AC,,
766,FP_different,Fred_Derby,birthName,Fred Marinus Emanuel Derby,Frederik Marinus Emanuel Derby,"Frederik Marinus Emanuel Derby (March 31, 1940 – May 19, 2001) was a Surinamese politician and trade unionist. He was the only survivor of the December murders. In the years before his death he fought for an investigation into these events, and he told what had happened to him in Fort Zeelandia.",FALSE,FALSE,ICE,,
1955,FN,Fred_Derby,birthName,,Frederik Marinus Emanuel Derby,"Frederik Marinus Emanuel Derby (March 31, 1940 – May 19, 2001) was a Surinamese politician and trade unionist. He was the only survivor of the December murders. In the years before his death he fought for an investigation into these events, and he told what had happened to him in Fort Zeelandia.",TRUE,TRUE,,,
247,FP_new,Fred_Jardine,deathDate,2019- october 2019,,"Frederick Jardine (born 27 September 1941 died 7 october 2019 was a Scottish former professional footballer, best known as a player for Luton Town.",FALSE,FALSE,IAC,,
866,FP_new,Fred_Jardine,deathDate,2019- october-07,,"Frederick Jardine (born 27 September 1941 died 7 october 2019 was a Scottish former professional footballer, best known as a player for Luton Town.",FALSE,FALSE,IAC,,
1514,FP_new,Fred_Jardine,deathDate,2019- october,,"Frederick Jardine (born 27 September 1941 died 7 october 2019 was a Scottish former professional footballer, best known as a player for Luton Town.",FALSE,FALSE,IAC,,
3598,FP_new,Fred_Jardine,deathDate,2019-10-07,,"Frederick Jardine (born 27 September 1941 died 7 october 2019 was a Scottish former professional footballer, best known as a player for Luton Town.",TRUE,TRUE,,,
867,FP_new,Fred_Jardine,deathYear,2019,,"Frederick Jardine (born 27 September 1941 died 7 october 2019 was a Scottish former professional footballer, best known as a player for Luton Town.",TRUE,TRUE,,,
246,FP_new,Fred_Jardine,label,Fred Jardine,,"Frederick Jardine (born 27 September 1941 died 7 october 2019 was a Scottish former professional footballer, best known as a player for Luton Town.",TRUE,TRUE,,,
793,FP_new,Fred_Olen_Ray,birthName,Fred Olen Ray,,"Fred Olen Ray (born September 10, 1954) is an American film producer, director, and screenwriter of more than 200 low-to-medium-budget feature films in many genres, including horror, science fiction, action/adventure, erotic thrillers, crime dramas, and holiday films. Aside from his work in the film industry, Ray was also a professional wrestler. His wrestling name was Fabulous Freddie Valentine.",TRUE,TRUE,,,
166,FP_new,Frederic_Lillebridge,deathDate,1934-09-08,,"Frederic May Lillebridge (December 14, 1857 – September 8, 1934) was an American pianist, composer and professor at New York College of Music, a music conservatory that merged with New York University in 1968. Among others, he was attached to the Chicago Symphony Orchestra.",TRUE,TRUE,,,
167,FP_new,Frederic_Lillebridge,deathYear,1934,,"Frederic May Lillebridge (December 14, 1857 – September 8, 1934) was an American pianist, composer and professor at New York College of Music, a music conservatory that merged with New York University in 1968. Among others, he was attached to the Chicago Symphony Orchestra.",TRUE,TRUE,,,
409,FP_new,Frederick_Green_Wilkinson,birthDate,1825-11-15,,Lieutenant-General Frederick Green Wilkinson (15 November 1825 – 1913) was a British Army officer who became colonel of the Queen's Royal Regiment (West Surrey).,TRUE,TRUE,,,
410,FP_new,Frederick_Green_Wilkinson,birthYear,1825,,Lieutenant-General Frederick Green Wilkinson (15 November 1825 – 1913) was a British Army officer who became colonel of the Queen's Royal Regiment (West Surrey).,TRUE,TRUE,,,
411,FP_new,Frederick_Green_Wilkinson,deathYear,1913,,Lieutenant-General Frederick Green Wilkinson (15 November 1825 – 1913) was a British Army officer who became colonel of the Queen's Royal Regiment (West Surrey).,TRUE,TRUE,,,
338,FN,Friedrich_Armand_Strubberg,alias,,Dr.Friedrich Schubbert,"Friedrich Armand Strubberg (born Fredèric Armand Strubberg, March 18, 1806 – April 3, 1889) was a merchant, physician, and pioneer colonist. Born in Germany, Strubberg spent many decades in the United States. In Texas, he used the pseudonym Dr. Friedrich Schubbert. He designed the Vereins Kirche in Fredericksburg. Strubberg spent the last few decades of his life as an author in Germany.",FALSE,TRUE,,,
339,FP_new,Friedrich_Armand_Strubberg,birthName,Fredèric Armand Strubberg,,"Friedrich Armand Strubberg (born Fredèric Armand Strubberg, March 18, 1806 – April 3, 1889) was a merchant, physician, and pioneer colonist. Born in Germany, Strubberg spent many decades in the United States. In Texas, he used the pseudonym Dr. Friedrich Schubbert. He designed the Vereins Kirche in Fredericksburg. Strubberg spent the last few decades of his life as an author in Germany.",TRUE,TRUE,,,
5178,FP_new,Friedrich_Armand_Strubberg,birthName,Friedrich Armand Strubberg,,"Friedrich Armand Strubberg (born Fredèric Armand Strubberg, March 18, 1806 – April 3, 1889) was a merchant, physician, and pioneer colonist. Born in Germany, Strubberg spent many decades in the United States. In Texas, he used the pseudonym Dr. Friedrich Schubbert. He designed the Vereins Kirche in Fredericksburg. Strubberg spent the last few decades of his life as an author in Germany.",TRUE,FALSE,WV,,
337,FN,Friedrich_Armand_Strubberg,label,,Friedrich Armand Strubberg,"Friedrich Armand Strubberg (born Fredèric Armand Strubberg, March 18, 1806 – April 3, 1889) was a merchant, physician, and pioneer colonist. Born in Germany, Strubberg spent many decades in the United States. In Texas, he used the pseudonym Dr. Friedrich Schubbert. He designed the Vereins Kirche in Fredericksburg. Strubberg spent the last few decades of his life as an author in Germany.",TRUE,TRUE,,,
1389,FP_new,Froma_Walsh,birthYear,1942,,Froma Walsh (born 1942) is an American clinical psychologist and family therapist. She is the co-founder and co-director of the Chicago Center for Family Health and the Mose and Sylvia Firestone Professor Emerita at the University of Chicago.,TRUE,TRUE,,,
3935,FP_different,Gabriel_Ceretta,label,Gabriel Ceretta Jung,Gabriel Ceretta,Gabriel Ceretta Jung (born 12 June 1997) is a Brazilian handball player for SCDR Anaitasuna and the Brazilian national team. He participated at the 2017 World Men's Handball Championship.,TRUE,FALSE,LCE,,
143,FP_different,Gail_Huff,birthName,Gail Huff Brown,Gail Huff,"Gail Huff Brown (née Huff; born February 9, 1962) is an American broadcast journalist. Huff most recently worked as a special correspondent and news contributor for WWJE-DT. Huff also previously worked with WJLA-TV, an ABC station, in Washington, D.C. for several years, after seventeen years for WCVB-TV, the ABC affiliate in Boston, Massachusetts. She is the wife of former U.S. ambassador and Senator Scott Brown.",TRUE,FALSE,LCE,,
1422,FN,Gail_Huff,birthName,,Gail Huff,"Gail Huff Brown (née Huff; born February 9, 1962) is an American broadcast journalist. Huff most recently worked as a special correspondent and news contributor for WWJE-DT. Huff also previously worked with WJLA-TV, an ABC station, in Washington, D.C. for several years, after seventeen years for WCVB-TV, the ABC affiliate in Boston, Massachusetts. She is the wife of former U.S. ambassador and Senator Scott Brown.",TRUE,TRUE,,,
152,FP_new,Garath_Archer,birthDate,1974-12-15,,"Garath Archer (born 15 December 1974 in Durham) is a former English rugby union footballer. He played for both Bristol Rugby and the Newcastle Falcons.Garath was an apprentice carpenter. In total Archer earned 21 caps for England, including games at the 1999 World Cup. At club level he began his career at Newcastle Falcons and made 20 appearances for them as they won the 1997-98 Premiership. He missed Newcastle's victory in the 2001 Anglo-Welsh Cup final but started the final as they won the tournament again in 2004.",TRUE,TRUE,,,
153,FP_new,Garath_Archer,birthYear,1974,,"Garath Archer (born 15 December 1974 in Durham) is a former English rugby union footballer. He played for both Bristol Rugby and the Newcastle Falcons.Garath was an apprentice carpenter. In total Archer earned 21 caps for England, including games at the 1999 World Cup. At club level he began his career at Newcastle Falcons and made 20 appearances for them as they won the 1997-98 Premiership. He missed Newcastle's victory in the 2001 Anglo-Welsh Cup final but started the final as they won the tournament again in 2004.",TRUE,TRUE,,,
136,FP_new,Gareon_Conley,birthDate,1995-06-29,,"Gareon Conley (born June 29, 1995) is an American football cornerback who is a free agent. He played college football at Ohio State and was drafted by the Oakland Raiders in the first round of the 2017 NFL Draft.",TRUE,TRUE,,,
137,FP_new,Gareon_Conley,birthYear,1995,,"Gareon Conley (born June 29, 1995) is an American football cornerback who is a free agent. He played college football at Ohio State and was drafted by the Oakland Raiders in the first round of the 2017 NFL Draft.",TRUE,TRUE,,,
988,FP_new,Garrett_Mason,birthName,Garrett Paul Mason,,"Garrett Paul Mason (born June 19, 1985) is an American politician from Maine. A Republican, Mason formerly served in the Maine State Senate from the 22nd District, representing part of Androscoggin County, including his residence in Lisbon Falls. In 2003, he graduated from Calvary Christian Academy in Turner. In 2006, Mason graduated from Pensacola Christian College in Pensacola, Florida with a B.A. in marketing. He also completed graduate work at Southern New Hampshire University and the Art Institute of Pittsburgh. After college, Mason worked for the AA baseball team Portland Sea Dogs and as director of administration for the QJMHL hockey team Lewiston Maineiacs. He also received at honorary doctorate in Humanities from Pensacola Christian College in 2018.",TRUE,TRUE,,,
112,FP_new,Gary_Cherone,birthName,Gary Francis Caine Cherone,,"Gary Francis Caine Cherone (/ʃəˈroʊn/ shə-ROHN; born July 26, 1961) is an American rock singer and songwriter. Cherone is known for his work as the lead vocalist of the Boston rock group Extreme and for his short stint as the third lead vocalist for Van Halen. He has also released solo recordings. In 2007, he reunited with Extreme.",TRUE,TRUE,,,
342,FP_new,Gavin_Wheeldon,birthName,Gavin Wheeldon,,"Gavin Wheeldon (born 12 May 1976) is a British businessman and entrepreneur from the Manchester area who is best known for his appearances on the reality television shows Dragon's Den and The Secret Millionaire; and a controversial contract his former company, Applied Language Solutions (ALS), signed with the United Kingdom's Ministry of Justice. After selling it to Capita, he founded Purple WiFi, a company that provides free WiFi platforms to businesses for customer relationship management.",TRUE,TRUE,,,
269,FP_new,Gebhard_Truchsess_von_Waldburg,birthDate,1547-11-10,,"Gebhard Truchsess von Waldburg (10 November 1547 – 31 May 1601) was Archbishop-Elector of Cologne. After pursuing an ecclesiastical career, he won a close election in the cathedral chapter of Cologne over Ernst of Bavaria. After his election, he fell in love with and later married Agnes von Mansfeld-Eisleben, a Protestant Canoness at the Abbey of Gerresheim. His conversion to Calvinism and announcement of religious parity in the Electorate triggered the Cologne War.",TRUE,TRUE,,,
271,FP_new,Gebhard_Truchsess_von_Waldburg,birthYear,1547,,"Gebhard Truchsess von Waldburg (10 November 1547 – 31 May 1601) was Archbishop-Elector of Cologne. After pursuing an ecclesiastical career, he won a close election in the cathedral chapter of Cologne over Ernst of Bavaria. After his election, he fell in love with and later married Agnes von Mansfeld-Eisleben, a Protestant Canoness at the Abbey of Gerresheim. His conversion to Calvinism and announcement of religious parity in the Electorate triggered the Cologne War.",TRUE,TRUE,,,
270,FP_new,Gebhard_Truchsess_von_Waldburg,deathDate,1601-05-31,,"Gebhard Truchsess von Waldburg (10 November 1547 – 31 May 1601) was Archbishop-Elector of Cologne. After pursuing an ecclesiastical career, he won a close election in the cathedral chapter of Cologne over Ernst of Bavaria. After his election, he fell in love with and later married Agnes von Mansfeld-Eisleben, a Protestant Canoness at the Abbey of Gerresheim. His conversion to Calvinism and announcement of religious parity in the Electorate triggered the Cologne War.",TRUE,TRUE,,,
272,FP_new,Gebhard_Truchsess_von_Waldburg,deathYear,1601,,"Gebhard Truchsess von Waldburg (10 November 1547 – 31 May 1601) was Archbishop-Elector of Cologne. After pursuing an ecclesiastical career, he won a close election in the cathedral chapter of Cologne over Ernst of Bavaria. After his election, he fell in love with and later married Agnes von Mansfeld-Eisleben, a Protestant Canoness at the Abbey of Gerresheim. His conversion to Calvinism and announcement of religious parity in the Electorate triggered the Cologne War.",TRUE,TRUE,,,
262,FP_new,Gennady_Semenovich_Makanin,deathYear,2017,,"Gennady (or Gennadii or Gennadiy) Semenovich Makanin (1938–2017) was a Russian mathematician, awarded the 2010 I. M. Vinogradov Prize for a series of papers on the problem of algorithmically recognizing the solvability of arbitrary equations in free groups and semigroups.",TRUE,TRUE,,,
261,FP_new,Gennady_Semenovich_Makanin,label,Gennady Makanin,,"Gennady (or Gennadii or Gennadiy) Semenovich Makanin (1938–2017) was a Russian mathematician, awarded the 2010 I. M. Vinogradov Prize for a series of papers on the problem of algorithmically recognizing the solvability of arbitrary equations in free groups and semigroups.",TRUE,FALSE,ICE,,
2566,FP_new,Gennady_Semenovich_Makanin,label,Gennady,,"Gennady (or Gennadii or Gennadiy) Semenovich Makanin (1938–2017) was a Russian mathematician, awarded the 2010 I. M. Vinogradov Prize for a series of papers on the problem of algorithmically recognizing the solvability of arbitrary equations in free groups and semigroups.",TRUE,FALSE,ICE,,
1236,FP_new,George_Barrie,birthName,George Barrie,,"George Barrie (9 February 1912 – 16 November 2002) was the owner and CEO of Fabergé Inc. from 1964 to 1984. He was nominated for two Oscars for Best Original Song and created the cologne Brut. Though not one of the first to use celebrities to advertise, he was one of those that made it commonplace.",TRUE,TRUE,,,
58,FN,George_Dunham,birthName,,George William Dunham,"George William Dunham (born June 28, 1965); is an American radio personality and member of the Musers in Dallas, Texas. Dunham co-hosts the show with long-time friend and college roommate Craig Miller, along with their co-host Gordon Keith. A 1988 graduate of the University of North Texas, Dunham served as the football play-by-play commentator for the school's Mean Green Radio Network from 1994 until 2014. His first on-air experience was at KNTU, the University of North Texas campus radio station. His son was offered and accepted a football scholarship to attend UNT beginning in fall of 2010. Dunham talks about his past and playing football in junior high against hated rival Fredericksburg when he played special teams at Llano Junior High. Dunham's junior high football coach commonly refer",TRUE,TRUE,,,
2918,FP_new,George_Dunham,label,George William Dunham,,"George William Dunham (born June 28, 1965); is an American radio personality and member of the Musers in Dallas, Texas. Dunham co-hosts the show with long-time friend and college roommate Craig Miller, along with their co-host Gordon Keith. A 1988 graduate of the University of North Texas, Dunham served as the football play-by-play commentator for the school's Mean Green Radio Network from 1994 until 2014. His first on-air experience was at KNTU, the University of North Texas campus radio station. His son was offered and accepted a football scholarship to attend UNT beginning in fall of 2010. Dunham talks about his past and playing football in junior high against hated rival Fredericksburg when he played special teams at Llano Junior High. Dunham's junior high football coach commonly refer",TRUE,FALSE,LCE,,
4460,FP_new,George_Dunham,label,George Dunham,,"George William Dunham (born June 28, 1965); is an American radio personality and member of the Musers in Dallas, Texas. Dunham co-hosts the show with long-time friend and college roommate Craig Miller, along with their co-host Gordon Keith. A 1988 graduate of the University of North Texas, Dunham served as the football play-by-play commentator for the school's Mean Green Radio Network from 1994 until 2014. His first on-air experience was at KNTU, the University of North Texas campus radio station. His son was offered and accepted a football scholarship to attend UNT beginning in fall of 2010. Dunham talks about his past and playing football in junior high against hated rival Fredericksburg when he played special teams at Llano Junior High. Dunham's junior high football coach commonly refer",TRUE,TRUE,,,
5344,FN,George_Henry_Guilfoyle,birthDate,,1913-11-13,"George Henry Guilfoyle (November 13, 1913 – June 11, 1991) was an American prelate of the Roman Catholic Church. He served as Bishop of Camden from 1968 to 1989.",TRUE,TRUE,,,
5345,FN,George_Henry_Guilfoyle,birthYear,,1913,"George Henry Guilfoyle (November 13, 1913 – June 11, 1991) was an American prelate of the Roman Catholic Church. He served as Bishop of Camden from 1968 to 1989.",TRUE,TRUE,,,
528,FP_new,George_Jung,birthName,George Jacob Jung,,"George Jacob Jung (August 6, 1942 – May 5, 2021), nicknamed Boston George and El Americano, was an American drug trafficker and smuggler. He was a major figure in the United States cocaine trade during the 1970s and early 1980s. Jung and his partner Carlos Lehder smuggled cocaine into the United States for the Colombian Medellín Cartel. Jung was sentenced to 70 years in prison in 1994 on conspiracy charges, but was released in 2014. Jung was portrayed by Johnny Depp in the biopic Blow (2001).",TRUE,TRUE,,,
527,FP_new,George_Jung,label,George Jacob Jung,,"George Jacob Jung (August 6, 1942 – May 5, 2021), nicknamed Boston George and El Americano, was an American drug trafficker and smuggler. He was a major figure in the United States cocaine trade during the 1970s and early 1980s. Jung and his partner Carlos Lehder smuggled cocaine into the United States for the Colombian Medellín Cartel. Jung was sentenced to 70 years in prison in 1994 on conspiracy charges, but was released in 2014. Jung was portrayed by Johnny Depp in the biopic Blow (2001).",TRUE,FALSE,LCE,,
429,FP_new,George_Taliaferro_Ward,birthDate,1810-05-05,,"George Taliaferro Ward (1810 – May 5, 1862) was a major cotton planter and politician from Leon County, Florida. He served in the Confederate Army as a colonel during the American Civil War, dying near Williamsburg, Virginia.",FALSE,FALSE,AC,,
1663,FP_new,George_Taliaferro_Ward,birthDate,1810-10-10,,"George Taliaferro Ward (1810 – May 5, 1862) was a major cotton planter and politician from Leon County, Florida. He served in the Confederate Army as a colonel during the American Civil War, dying near Williamsburg, Virginia.",FALSE,FALSE,AC,,
2178,FP_new,George_Taliaferro_Ward,birthDate,1810-10-05,,"George Taliaferro Ward (1810 – May 5, 1862) was a major cotton planter and politician from Leon County, Florida. He served in the Confederate Army as a colonel during the American Civil War, dying near Williamsburg, Virginia.",FALSE,FALSE,AC,,
431,FP_new,George_Taliaferro_Ward,birthYear,1810,,"George Taliaferro Ward (1810 – May 5, 1862) was a major cotton planter and politician from Leon County, Florida. He served in the Confederate Army as a colonel during the American Civil War, dying near Williamsburg, Virginia.",TRUE,TRUE,,,
430,FP_new,George_Taliaferro_Ward,deathDate,1862-05-05,,"George Taliaferro Ward (1810 – May 5, 1862) was a major cotton planter and politician from Leon County, Florida. He served in the Confederate Army as a colonel during the American Civil War, dying near Williamsburg, Virginia.",TRUE,TRUE,,,
432,FP_new,George_Taliaferro_Ward,deathYear,1862,,"George Taliaferro Ward (1810 – May 5, 1862) was a major cotton planter and politician from Leon County, Florida. He served in the Confederate Army as a colonel during the American Civil War, dying near Williamsburg, Virginia.",TRUE,TRUE,,,
4989,FP_new,George_W%2E_Jenkins,label,George Washington Jenkins,,"George Washington Jenkins Jr. (September 29, 1907 – April 8, 1996) was an American businessman, who founded Publix Super Markets. As of 2016, the employee-owned, privately held corporation included 1,100 stores in the Southeastern United States with 170,000 employees and sales of $32 billion. Jenkins was known as ""the state's largest commercial employer and head of a chain of stores that was a leader in introducing many innovations, including electric-eye doors and frozen food cases.""",TRUE,FALSE,LCE,,
146,FP_new,Georges_Cabanier,birthDate,1906-11-21,,"Admiral Georges Cabanier (21 November 1906 – 26 October 1976) was a French Naval Officer and Admiral, in addition to Grand Chancellor of the Legion of Honour.",TRUE,TRUE,,,
761,FP_new,Georges_Cabanier,birthName,Georges Cabanier,,"Admiral Georges Cabanier (21 November 1906 – 26 October 1976) was a French Naval Officer and Admiral, in addition to Grand Chancellor of the Legion of Honour.",TRUE,TRUE,,,
148,FP_new,Georges_Cabanier,birthYear,1906,,"Admiral Georges Cabanier (21 November 1906 – 26 October 1976) was a French Naval Officer and Admiral, in addition to Grand Chancellor of the Legion of Honour.",TRUE,TRUE,,,
147,FP_new,Georges_Cabanier,deathDate,1976-10-26,,"Admiral Georges Cabanier (21 November 1906 – 26 October 1976) was a French Naval Officer and Admiral, in addition to Grand Chancellor of the Legion of Honour.",TRUE,TRUE,,,
149,FP_new,Georges_Cabanier,deathYear,1976,,"Admiral Georges Cabanier (21 November 1906 – 26 October 1976) was a French Naval Officer and Admiral, in addition to Grand Chancellor of the Legion of Honour.",TRUE,TRUE,,,
547,FP_new,Georgy_Fyodorov,birthYear,1926,,Georgy Fyodorov (born 1926) was a Soviet athlete. He competed in the men's shot put at the 1952 Summer Olympics.,TRUE,TRUE,,,
525,FP_new,Gerhard_Meyer-Schwickerath,birthName,Gerhard Rudolph Edmund Meyer-Schwickerath,,"Gerhard Rudolph Edmund Meyer-Schwickerath (10 July 1920 – 20 January 1992) was a German ophthalmologist, university lecturer and researcher. He is known as the father of light coagulation which was the predecessor to many eye surgeries.",TRUE,TRUE,,,
595,FP_new,Germain_Fried,birthName,Baruch Fried,,"Baruch Fried, known as Germain Fried (15 March 1905 – 27 November 1963) was a French writer, film editor, film director and scriptwriter. He coauthored several books with Ernest Fornairon.",TRUE,TRUE,,,
594,FN,Germain_Fried,label,,Germain Fried,"Baruch Fried, known as Germain Fried (15 March 1905 – 27 November 1963) was a French writer, film editor, film director and scriptwriter. He coauthored several books with Ernest Fornairon.",TRUE,TRUE,,,
845,FP_new,Germaine_Michel,birthName,Germaine Michel,,Germaine Michel (7 November 1892 – 9 January 1976) was a French stage and film actress. She was born in Paris and died in Clichy-la-Garenne.,TRUE,TRUE,,,
46,FP_new,Gertrude_Herzfeld,birthName,Gertrude Marian Amalia Herzfeld,,"Gertrude Marian Amalia Herzfeld (1 June 1890 – 12 May 1981) was an English surgeon, one of the first female surgeons to work in Scotland and the first woman paediatric surgeon. The second female fellow of the Royal College of Surgeons Edinburgh, and the first practicing female fellow, Herzfeld chaired the Edinburgh city branch of the British Medical Association from 1960 to 1962, and was National President of the Medical Women's Federation from 1948 to 1950.",TRUE,TRUE,,,
1054,FP_new,Gilbert_Rozon,birthName,Gilbert Rozon,,"Gilbert Rozon (born October 26, 1954) is a Canadian impresario and founder of the Just for Laughs (French: Juste pour Rire) comedy festival, which he created on July 14, 1983. He is also responsible for the development and international deployment of the Just for Laughs/Juste pour Rire brand in over 150 countries. The Just for Laughs festival is considered the largest comedy festival in the world.",TRUE,TRUE,,,
1549,FP_new,Gill_family_disappearance,birthDate,2002-01-13,,"The Gill family disappearance occurred on January 13, 2002, in the Entre Ríos Province, Argentina. The six members of this family vanished without a trace, and their whereabouts remain unknown. This case has been characterized as ""mysterious"" by much of the press and those involved in it. The family lived on the La Candelaria estancia, where Rubén Gill and his wife Margarita worked as landlords and in various local jobs. The estancia, around 500 hectares, is located in the town of Crucecitas Séptimas, 50 km from Paraná, the provincial capital, and belonged to Alfonso Goette.",TRUE,TRUE,,,
1550,FP_new,Gill_family_disappearance,birthYear,2002,,"The Gill family disappearance occurred on January 13, 2002, in the Entre Ríos Province, Argentina. The six members of this family vanished without a trace, and their whereabouts remain unknown. This case has been characterized as ""mysterious"" by much of the press and those involved in it. The family lived on the La Candelaria estancia, where Rubén Gill and his wife Margarita worked as landlords and in various local jobs. The estancia, around 500 hectares, is located in the town of Crucecitas Séptimas, 50 km from Paraná, the provincial capital, and belonged to Alfonso Goette.",TRUE,TRUE,,,
288,FP_different,Gill_family_disappearance,label,Gill Family,Gill family disappearance,"The Gill family disappearance occurred on January 13, 2002, in the Entre Ríos Province, Argentina. The six members of this family vanished without a trace, and their whereabouts remain unknown. This case has been characterized as ""mysterious"" by much of the press and those involved in it. The family lived on the La Candelaria estancia, where Rubén Gill and his wife Margarita worked as landlords and in various local jobs. The estancia, around 500 hectares, is located in the town of Crucecitas Séptimas, 50 km from Paraná, the provincial capital, and belonged to Alfonso Goette.",TRUE,FALSE,,,
4143,FP_different,Gill_family_disappearance,label,Gill Family Disappearance,Gill family disappearance,"The Gill family disappearance occurred on January 13, 2002, in the Entre Ríos Province, Argentina. The six members of this family vanished without a trace, and their whereabouts remain unknown. This case has been characterized as ""mysterious"" by much of the press and those involved in it. The family lived on the La Candelaria estancia, where Rubén Gill and his wife Margarita worked as landlords and in various local jobs. The estancia, around 500 hectares, is located in the town of Crucecitas Séptimas, 50 km from Paraná, the provincial capital, and belonged to Alfonso Goette.",TRUE,FALSE,TMI,,
3744,FP_new,Gisela_Jo%C3%A3o,alias,Gomes Remelho,,"Gisela Joao Gomes Remelho (born November 6, 1983 in Barcelos) is a Portuguese fado singer. The album Gisela João was number one in Portugal and was Ípsilon/Público's and Blitz's record of the year.",TRUE,FALSE,WV,,
425,FP_different,Gisela_Jo%C3%A3o,label,Gisela Joao Gomes Remelho,Gisela João,"Gisela Joao Gomes Remelho (born November 6, 1983 in Barcelos) is a Portuguese fado singer. The album Gisela João was number one in Portugal and was Ípsilon/Público's and Blitz's record of the year.",TRUE,FALSE,LCE,,
1091,FP_different,Gisela_Jo%C3%A3o,label,Gisela Joao,Gisela João,"Gisela Joao Gomes Remelho (born November 6, 1983 in Barcelos) is a Portuguese fado singer. The album Gisela João was number one in Portugal and was Ípsilon/Público's and Blitz's record of the year.",TRUE,FALSE,TMI,,
404,FP_new,Giuseppina_Morlacchi,birthName,Giuseppina Antonia,,"Giuseppina Antonia ""Josephine"" Morlacchi Omohundro (October 8, 1836 – July 23, 1886) was an Italian American ballerina, dancer, and actress. She introduced the can-can to the American stage.",TRUE,FALSE,ICE,,
403,FP_new,Giuseppina_Morlacchi,label,Giuseppina Antonia,,"Giuseppina Antonia ""Josephine"" Morlacchi Omohundro (October 8, 1836 – July 23, 1886) was an Italian American ballerina, dancer, and actress. She introduced the can-can to the American stage.",TRUE,FALSE,WV,,
109,FP_new,Glen_Fisiiahi,birthDate,1990-12-02,,Glen Fisiiahi (born 2 December 1990) is a rugby league and rugby union footballer of Tongan and Niue descent. He previously played rugby league professionally for the New Zealand Warriors in the National Rugby League where he played as a fullback and wing and has represented the Tonga international rugby league team.,TRUE,TRUE,,,
110,FP_new,Glen_Fisiiahi,birthYear,1990,,Glen Fisiiahi (born 2 December 1990) is a rugby league and rugby union footballer of Tongan and Niue descent. He previously played rugby league professionally for the New Zealand Warriors in the National Rugby League where he played as a fullback and wing and has represented the Tonga international rugby league team.,TRUE,TRUE,,,
3693,FP_new,Gordie_Johnson,alias,Gordie Johnson,,"Gordie Johnson (born 22 May 1964) is a Canadian musician, best known as the front man for the blues/reggae rock band Big Sugar, Austin-based blues/gospel band Sit Down Servant, and southern rock band Grady.",TRUE,TRUE,,,
373,FP_new,Gordie_Johnson,birthDate,1964-05-22,,"Gordie Johnson (born 22 May 1964) is a Canadian musician, best known as the front man for the blues/reggae rock band Big Sugar, Austin-based blues/gospel band Sit Down Servant, and southern rock band Grady.",TRUE,TRUE,,,
374,FP_new,Gordie_Johnson,birthYear,1964,,"Gordie Johnson (born 22 May 1964) is a Canadian musician, best known as the front man for the blues/reggae rock band Big Sugar, Austin-based blues/gospel band Sit Down Servant, and southern rock band Grady.",TRUE,TRUE,,,
2017,FN,Grady_Sutton,birthName,,Grady Harwell Sutton,"Grady Harwell Sutton (April 5, 1906 – September 17, 1995) was an American film and television character actor from the 1920s to the 1970s. He appeared in more than 180 films.",TRUE,TRUE,,,
349,FP_new,Graham_Kinniburgh,birthName,Graham Allen Kinniburgh,,"Graham Allen Kinniburgh (20 October 1942 – 13 December 2003) was an Australian organised crime figure from Kew, a suburb of Melbourne. He became a victim of the Melbourne gangland killings, which were dramatised in the drama series Underbelly.",TRUE,TRUE,,,
455,FN,Green_Wix_Unthank,birthName,,Green Wix Unthank,"Green Wix Unthank (June 14, 1923 – June 25, 2013) was an American attorney and United States District Judge of the United States District Court for the Eastern District of Kentucky, from 1980 to 1988, when he took senior status. A veteran of World War II, he went to college and to law school after the war. He served as a judge of Harlan County Court, had a private practice for several years, and also served as an Assistant United States Attorney for the Eastern District of Kentucky.",TRUE,TRUE,,,
1494,FP_different,Greg_Ballard,birthName,Greg Alan Ballard,Gregory Alan Ballard,"Gregory Alan Ballard (born November 20, 1954) is an American politician, author, and businessman who served as the 48th mayor of Indianapolis, Indiana. He is a retired Lieutenant Colonel from the United States Marine Corps. On November 6, 2007, he defeated two-term incumbent Democratic Mayor Bart Peterson by 51% to 47%. It was described as one of the biggest upsets in the political history of Indiana. He was re-elected to the position in 2011 by the same margin.",FALSE,FALSE,ICE,,
4597,FN,Greg_Ballard,birthName,,Gregory Alan Ballard,"Gregory Alan Ballard (born November 20, 1954) is an American politician, author, and businessman who served as the 48th mayor of Indianapolis, Indiana. He is a retired Lieutenant Colonel from the United States Marine Corps. On November 6, 2007, he defeated two-term incumbent Democratic Mayor Bart Peterson by 51% to 47%. It was described as one of the biggest upsets in the political history of Indiana. He was re-elected to the position in 2011 by the same margin.",TRUE,TRUE,,,
933,FN,Greg_Laurie,birthDate,,1952-12-10,"Greg Laurie (born December 10, 1952) is an American author and pastor who serves as the senior pastor of Harvest Christian Fellowship with campuses in Riverside, Orange County and Maui. Laurie came to faith at the age of 17 as the Jesus Movement was exploding in Southern California. He has written a book, “Jesus Revolution,” about his experiences from that great American spiritual awakening. Greg’s story along with his wife Cathe, will be told in the new film, Jesus Revolution from Kingdom Story Company will be released in theaters nationwide on February 24, 2023.",TRUE,TRUE,,,
934,FN,Greg_Laurie,birthYear,,1952,"Greg Laurie (born December 10, 1952) is an American author and pastor who serves as the senior pastor of Harvest Christian Fellowship with campuses in Riverside, Orange County and Maui. Laurie came to faith at the age of 17 as the Jesus Movement was exploding in Southern California. He has written a book, “Jesus Revolution,” about his experiences from that great American spiritual awakening. Greg’s story along with his wife Cathe, will be told in the new film, Jesus Revolution from Kingdom Story Company will be released in theaters nationwide on February 24, 2023.",TRUE,TRUE,,,
225,FN,Greg%C3%B3rio_Bondar,birthName,,Gregório Gregorievitch Bondar,"Gregório Gregorievitch Bondar (1881 – 1959) was a Ukrainian-Brazilian agronomist and entomologist that greatly contributed to Brazilian Entomology. In honor of his contributions, an agricultural research station was created in Belmonte, Bahia and named after him.",TRUE,TRUE,,,
226,FP_new,Greg%C3%B3rio_Bondar,deathYear,1959,,"Gregório Gregorievitch Bondar (1881 – 1959) was a Ukrainian-Brazilian agronomist and entomologist that greatly contributed to Brazilian Entomology. In honor of his contributions, an agricultural research station was created in Belmonte, Bahia and named after him.",TRUE,TRUE,,,
224,FP_new,Greg%C3%B3rio_Bondar,label,Gregório Gregorievitch Bondar,,"Gregório Gregorievitch Bondar (1881 – 1959) was a Ukrainian-Brazilian agronomist and entomologist that greatly contributed to Brazilian Entomology. In honor of his contributions, an agricultural research station was created in Belmonte, Bahia and named after him.",TRUE,FALSE,LCE,,
341,FP_new,Gridley_J%2E_F%2E_Bryant,birthName,Gridley James Fox Bryant,,"Gridley James Fox Bryant (August 29, 1816 – June 8, 1899), often referred to as G. J. F. Bryant, was a Boston architect, builder, and industrial engineer whose designs ""dominated the profession of architecture in [Boston] and New England."" One of the most influential architects in New England, he designed custom-made houses, government buildings, churches, schoolhouses, and private residences across the United States, and was popular among the Boston elite. His most notable designs are foundational buildings on numerous campuses across the northeastern United States, including Tufts College, Bates College, and Harvard College. He has been credited as one of the first modern architects in America, and at the height of his career he was the most commissioned architect in New England. He is a",TRUE,TRUE,,,
472,FN,Guido_Torzilli,birthName,,Guido Torzilli,"Guido Torzilli is an Italian liver surgeon from Milan, known for his surgical and scientific activities in the field of precision surgery for malignant liver tumors.",TRUE,TRUE,,,
474,FP_new,Guillermina_Uribe_Bone,deathDate,2018-10-11,,"Guillermina Uribe Bone (1920 - 11 October 2018) was a civil engineer and the first woman to receive a degree in civil engineering from the Faculty of Mathematics and Engineering of the National University of Colombia in Bogotá, graduating on 18 December 1948.",FALSE,TRUE,,,
406,FP_new,Gustav_A%2E_Hedlund,birthName,Gustav Arnold Hedlund,,"Gustav Arnold Hedlund (May 7, 1904 – March 15, 1993), an American mathematician, was one of the founders of symbolic and topological dynamics.",TRUE,TRUE,,,
407,FP_new,Gustav_A%2E_Hedlund,deathDate,1993-03-15,,"Gustav Arnold Hedlund (May 7, 1904 – March 15, 1993), an American mathematician, was one of the founders of symbolic and topological dynamics.",TRUE,TRUE,,,
408,FP_new,Gustav_A%2E_Hedlund,deathYear,1993,,"Gustav Arnold Hedlund (May 7, 1904 – March 15, 1993), an American mathematician, was one of the founders of symbolic and topological dynamics.",TRUE,TRUE,,,
54,FP_new,Gustav-Georg_Knabe,birthDate,1897-07-08,,Gustav-Georg Knabe (8 July 1897 – 13 December 1972) was a general in the Wehrmacht of Nazi Germany during World War II. He was a recipient of the Knight's Cross of the Iron Cross.,TRUE,TRUE,,,
56,FP_new,Gustav-Georg_Knabe,birthYear,1897,,Gustav-Georg Knabe (8 July 1897 – 13 December 1972) was a general in the Wehrmacht of Nazi Germany during World War II. He was a recipient of the Knight's Cross of the Iron Cross.,TRUE,TRUE,,,
55,FP_new,Gustav-Georg_Knabe,deathDate,1972-12-13,,Gustav-Georg Knabe (8 July 1897 – 13 December 1972) was a general in the Wehrmacht of Nazi Germany during World War II. He was a recipient of the Knight's Cross of the Iron Cross.,TRUE,TRUE,,,
57,FP_new,Gustav-Georg_Knabe,deathYear,1972,,Gustav-Georg Knabe (8 July 1897 – 13 December 1972) was a general in the Wehrmacht of Nazi Germany during World War II. He was a recipient of the Knight's Cross of the Iron Cross.,TRUE,TRUE,,,
3961,FP_different,Gustav-Georg_Knabe,label,Gustav Georg Knabe,Gustav-Georg Knabe,Gustav-Georg Knabe (8 July 1897 – 13 December 1972) was a general in the Wehrmacht of Nazi Germany during World War II. He was a recipient of the Knight's Cross of the Iron Cross.,TRUE,FALSE,TMI,,
2079,FN,H%2E_Guy_Hunt,birthName,,Harold Guy Hunt,"Harold Guy Hunt (June 17, 1933 – January 30, 2009) was an American politician, pastor, and convicted felon who served as the 49th governor of Alabama from 1987 to 1993. He was the first Republican to serve as governor of the state since Reconstruction.",TRUE,TRUE,,,
2078,FP_new,H%2E_Guy_Hunt,label,H.Guy Hunt,,"Harold Guy Hunt (June 17, 1933 – January 30, 2009) was an American politician, pastor, and convicted felon who served as the 49th governor of Alabama from 1987 to 1993. He was the first Republican to serve as governor of the state since Reconstruction.",TRUE,TRUE,,w,
2598,FP_new,H%2E_Guy_Hunt,label,H%2E Guy Hunt,,"Harold Guy Hunt (June 17, 1933 – January 30, 2009) was an American politician, pastor, and convicted felon who served as the 49th governor of Alabama from 1987 to 1993. He was the first Republican to serve as governor of the state since Reconstruction.",TRUE,FALSE,TMI,x,
3638,FP_new,H%2E_Guy_Hunt,label,Husture Guy Hunt,,"Harold Guy Hunt (June 17, 1933 – January 30, 2009) was an American politician, pastor, and convicted felon who served as the 49th governor of Alabama from 1987 to 1993. He was the first Republican to serve as governor of the state since Reconstruction.",TRUE,FALSE,LCE,x,
4149,FP_new,H%2E_Guy_Hunt,label,Hurt Guy Hunt,,"Harold Guy Hunt (June 17, 1933 – January 30, 2009) was an American politician, pastor, and convicted felon who served as the 49th governor of Alabama from 1987 to 1993. He was the first Republican to serve as governor of the state since Reconstruction.",TRUE,FALSE,LCE,,
5146,FP_new,H%2E_Guy_Hunt,label,H.2E Guy Hunt,,"Harold Guy Hunt (June 17, 1933 – January 30, 2009) was an American politician, pastor, and convicted felon who served as the 49th governor of Alabama from 1987 to 1993. He was the first Republican to serve as governor of the state since Reconstruction.",TRUE,FALSE,TMI,,
3687,FP_new,H%2EP%2E_Baxxter,alias,H.P.Baxxter,,"Hans Peter Geerdes (born 16 March 1964), professionally known by his stage name H.P. Baxxter, is a German musician who is best known as the lead vocalist of the German techno band Scooter. He founded Scooter with his friend Rick J. Jordan in 1993.",FALSE,TRUE,,,
363,FP_new,H%2EP%2E_Baxxter,birthName,H.Peter Geerdes,,"Hans Peter Geerdes (born 16 March 1964), professionally known by his stage name H.P. Baxxter, is a German musician who is best known as the lead vocalist of the German techno band Scooter. He founded Scooter with his friend Rick J. Jordan in 1993.",FALSE,FALSE,ICE,,
1002,FP_new,H%2EP%2E_Baxxter,birthName,H.P.Baxxter,,"Hans Peter Geerdes (born 16 March 1964), professionally known by his stage name H.P. Baxxter, is a German musician who is best known as the lead vocalist of the German techno band Scooter. He founded Scooter with his friend Rick J. Jordan in 1993.",FALSE,FALSE,ICE,,
362,FN,H%2EP%2E_Baxxter,label,,H.P.Baxxter,"Hans Peter Geerdes (born 16 March 1964), professionally known by his stage name H.P. Baxxter, is a German musician who is best known as the lead vocalist of the German techno band Scooter. He founded Scooter with his friend Rick J. Jordan in 1993.",FALSE,TRUE,,,
1635,FP_new,Hadmar_II_of_Kuenring,birthYear,1140,,"Hadmar II of Kuenring (c. 1140 – 22 July 1217) was an Austrian ministerialis of the Kuenring family and son of Albero III of Kuenring. In 1192 he held captive Richard the Lionheart, King of England, at Dürnstein Castle. Hadmar II also erected from 1201 to 1208 the city of Weitra. Because of the creation of this city, they are sometimes referred to in documents as ""Lords of Kuenring-Weitra"". Hadmar is mentioned in the Stifterbuch (Liber fundatorum; the cartulary of Zwettl Abbey) as second founder (secundus fundator) of the monastery.",TRUE,TRUE,,,
1042,FN,Hadmar_II_of_Kuenring,deathDate,,1217-07-22,"Hadmar II of Kuenring (c. 1140 – 22 July 1217) was an Austrian ministerialis of the Kuenring family and son of Albero III of Kuenring. In 1192 he held captive Richard the Lionheart, King of England, at Dürnstein Castle. Hadmar II also erected from 1201 to 1208 the city of Weitra. Because of the creation of this city, they are sometimes referred to in documents as ""Lords of Kuenring-Weitra"". Hadmar is mentioned in the Stifterbuch (Liber fundatorum; the cartulary of Zwettl Abbey) as second founder (secundus fundator) of the monastery.",TRUE,TRUE,,,
1043,FN,Hadmar_II_of_Kuenring,deathYear,,1217,"Hadmar II of Kuenring (c. 1140 – 22 July 1217) was an Austrian ministerialis of the Kuenring family and son of Albero III of Kuenring. In 1192 he held captive Richard the Lionheart, King of England, at Dürnstein Castle. Hadmar II also erected from 1201 to 1208 the city of Weitra. Because of the creation of this city, they are sometimes referred to in documents as ""Lords of Kuenring-Weitra"". Hadmar is mentioned in the Stifterbuch (Liber fundatorum; the cartulary of Zwettl Abbey) as second founder (secundus fundator) of the monastery.",TRUE,TRUE,,,
551,FN,Hadrawi,birthName,,Mohamed Ibrahim Warsame,"Mohamed Ibrahim Warsame (1943 – 18 August 2022), known by the pseudonym Hadrawi, was a Somali poet, philosopher and songwriter. Having written many notable protest works, Hadrawi has been likened by some to Shakespeare, and his poetry has been translated into various languages.",TRUE,TRUE,,,
5362,FP_different,Hadrawi,birthName,Mohari Ibrahim Warsame,Mohamed Ibrahim Warsame,"Mohamed Ibrahim Warsame (1943 – 18 August 2022), known by the pseudonym Hadrawi, was a Somali poet, philosopher and songwriter. Having written many notable protest works, Hadrawi has been likened by some to Shakespeare, and his poetry has been translated into various languages.",FALSE,FALSE,AC,,
553,FP_new,Hadrawi,birthYear,1943,,"Mohamed Ibrahim Warsame (1943 – 18 August 2022), known by the pseudonym Hadrawi, was a Somali poet, philosopher and songwriter. Having written many notable protest works, Hadrawi has been likened by some to Shakespeare, and his poetry has been translated into various languages.",TRUE,TRUE,,,
552,FP_new,Hadrawi,deathDate,2022-08-18,,"Mohamed Ibrahim Warsame (1943 – 18 August 2022), known by the pseudonym Hadrawi, was a Somali poet, philosopher and songwriter. Having written many notable protest works, Hadrawi has been likened by some to Shakespeare, and his poetry has been translated into various languages.",TRUE,TRUE,,,
554,FP_new,Hadrawi,deathYear,2022,,"Mohamed Ibrahim Warsame (1943 – 18 August 2022), known by the pseudonym Hadrawi, was a Somali poet, philosopher and songwriter. Having written many notable protest works, Hadrawi has been likened by some to Shakespeare, and his poetry has been translated into various languages.",TRUE,TRUE,,,
550,FN,Hadrawi,label,,Hadrawi,"Mohamed Ibrahim Warsame (1943 – 18 August 2022), known by the pseudonym Hadrawi, was a Somali poet, philosopher and songwriter. Having written many notable protest works, Hadrawi has been likened by some to Shakespeare, and his poetry has been translated into various languages.",TRUE,TRUE,,,
317,FP_new,Hagop_Kazazian_Pasha,birthYear,1836,,"Hagop Kazazian Pasha (alternative spelling: Agop Kazazyan) (1836–1891) was a high-ranking Ottoman Armenian official, who served as the Minister of Finance and the Minister of the Privy Treasury during the reign of Sultan Abdul Hamid II. Famed at the time for his loyalty, he received a state funeral after he died in 1891 from a horse-riding accident on the grounds of Kalender Kasrı while riding a horse that had been a gift from the sultan.",TRUE,TRUE,,,
318,FP_new,Hagop_Kazazian_Pasha,deathYear,1891,,"Hagop Kazazian Pasha (alternative spelling: Agop Kazazyan) (1836–1891) was a high-ranking Ottoman Armenian official, who served as the Minister of Finance and the Minister of the Privy Treasury during the reign of Sultan Abdul Hamid II. Famed at the time for his loyalty, he received a state funeral after he died in 1891 from a horse-riding accident on the grounds of Kalender Kasrı while riding a horse that had been a gift from the sultan.",TRUE,TRUE,,,
376,FP_new,Halim_Haryanto,birthDate,1976-09-23,,"Halim Haryanto Ho (born 23 September 1976) is an Indonesian former badminton player. He is a former world champion along with his doubles partner Tony Gunawan. Haryanto immigrated to the United States in 2004 to pursue a coaching career. He now resides in San Diego, California, Apex Badminton Academy head coach at SDBCC in San Diego and representing the United States as a badminton player of Team USA.",TRUE,TRUE,,,
377,FP_new,Halim_Haryanto,birthYear,1976,,"Halim Haryanto Ho (born 23 September 1976) is an Indonesian former badminton player. He is a former world champion along with his doubles partner Tony Gunawan. Haryanto immigrated to the United States in 2004 to pursue a coaching career. He now resides in San Diego, California, Apex Badminton Academy head coach at SDBCC in San Diego and representing the United States as a badminton player of Team USA.",TRUE,TRUE,,,
375,FP_different,Halim_Haryanto,label,Halim Haryanto Ho,Halim Haryanto,"Halim Haryanto Ho (born 23 September 1976) is an Indonesian former badminton player. He is a former world champion along with his doubles partner Tony Gunawan. Haryanto immigrated to the United States in 2004 to pursue a coaching career. He now resides in San Diego, California, Apex Badminton Academy head coach at SDBCC in San Diego and representing the United States as a badminton player of Team USA.",TRUE,FALSE,LCE,,
107,FP_new,Hashem_Bathaie_Golpayegani,birthDate,1941-03-16,,"Sayyid Hashem Bathaie Golpayegani (Persian: سید هاشم بطحایی گلپایگانی; 1941 – 16 March 2020) was an Iranian Shia Ayatollah and representative of the Tehran Province in Iran's Assembly of Experts. He studied at the Qom Seminary. Bathaie ran under the People's Experts and the Friends of Moderation electoral list in the 2016 Iranian Assembly of Experts election. Golpayegani claimed that ""America is the source of coronavirus, because America went head to head with China and realised it cannot keep up with it economically or militarily.""",FALSE,FALSE,AC,,
108,FP_new,Hashem_Bathaie_Golpayegani,birthYear,1941,,"Sayyid Hashem Bathaie Golpayegani (Persian: سید هاشم بطحایی گلپایگانی; 1941 – 16 March 2020) was an Iranian Shia Ayatollah and representative of the Tehran Province in Iran's Assembly of Experts. He studied at the Qom Seminary. Bathaie ran under the People's Experts and the Friends of Moderation electoral list in the 2016 Iranian Assembly of Experts election. Golpayegani claimed that ""America is the source of coronavirus, because America went head to head with China and realised it cannot keep up with it economically or militarily.""",TRUE,TRUE,,,
721,FN,Hashem_Bathaie_Golpayegani,deathDate,,2020-03-16,"Sayyid Hashem Bathaie Golpayegani (Persian: سید هاشم بطحایی گلپایگانی; 1941 – 16 March 2020) was an Iranian Shia Ayatollah and representative of the Tehran Province in Iran's Assembly of Experts. He studied at the Qom Seminary. Bathaie ran under the People's Experts and the Friends of Moderation electoral list in the 2016 Iranian Assembly of Experts election. Golpayegani claimed that ""America is the source of coronavirus, because America went head to head with China and realised it cannot keep up with it economically or militarily.""",TRUE,TRUE,,,
722,FN,Hashem_Bathaie_Golpayegani,deathYear,,2020,"Sayyid Hashem Bathaie Golpayegani (Persian: سید هاشم بطحایی گلپایگانی; 1941 – 16 March 2020) was an Iranian Shia Ayatollah and representative of the Tehran Province in Iran's Assembly of Experts. He studied at the Qom Seminary. Bathaie ran under the People's Experts and the Friends of Moderation electoral list in the 2016 Iranian Assembly of Experts election. Golpayegani claimed that ""America is the source of coronavirus, because America went head to head with China and realised it cannot keep up with it economically or militarily.""",TRUE,TRUE,,,
302,FN,Hassan_Poladi,birthName,,Hassan,"Hassan Poladi (also referred to as Hassan Foladi) was the writer of The Hazaras, a book about the Hazara people. Poladi was born in Quetta, as a second-generation Hazara. He grew up and got his early education from local schools and colleges, and did his BSc (Honors) from the University of Sind. He later got admission to the University of Philippines, Manila, and did his MA. After working for the provincial government of Balochistan, he moved to the USA on a research assistant fellowship. In 1975 he received his master's degree from Cornell University, Ithaca, New york. He was a naturalized American Citizen, and lived with his family in Stockton, California. In addition to his native Persian Hazaragi, he was fluent in English, Urdu and Filipino. His contribution to the Hazara people is his",TRUE,FALSE,ICE,,
758,FP_new,Hattie_Gossett,birthName,Hattie Gossett,,"Hattie Gossett (born 11 April 1942) is an African-American feminist playwright, poet, and magazine editor. Her work focuses on bolstering the self-esteem of young black women.",TRUE,TRUE,,,
505,FN,Hedwig_of_Silesia,birthYear,,1174,"Hedwig of Silesia (Polish: Święta Jadwiga Śląska), also Hedwig of Andechs (German: Heilige Hedwig von Andechs, Latin: Hedvigis; 1174 – 15 October 1243), a member of the Bavarian comital House of Andechs, was Duchess of Silesia from 1201 and of Greater Poland from 1231 as well as High Duchess consort of Poland from 1232 until 1238. She was canonized by the Catholic Church in 1267 by Pope Clement IV.",TRUE,TRUE,,,
506,FN,Hedwig_of_Silesia,deathYear,,1243,"Hedwig of Silesia (Polish: Święta Jadwiga Śląska), also Hedwig of Andechs (German: Heilige Hedwig von Andechs, Latin: Hedvigis; 1174 – 15 October 1243), a member of the Bavarian comital House of Andechs, was Duchess of Silesia from 1201 and of Greater Poland from 1231 as well as High Duchess consort of Poland from 1232 until 1238. She was canonized by the Catholic Church in 1267 by Pope Clement IV.",TRUE,TRUE,,,
1044,FN,Helen_Dewar,birthDate,,1936-08-07,"Helen Dewar (August 7, 1936–November 4, 2006) was a reporter for more than 40-years. She worked for The Washington Post, rising through the ranks to cover the United States Senate for a quarter of a century (1979–2004). Dewar worked for the Northern Virginia Sun from 1958–1961 covering education.",TRUE,TRUE,,,
1046,FN,Helen_Dewar,birthYear,,1936,"Helen Dewar (August 7, 1936–November 4, 2006) was a reporter for more than 40-years. She worked for The Washington Post, rising through the ranks to cover the United States Senate for a quarter of a century (1979–2004). Dewar worked for the Northern Virginia Sun from 1958–1961 covering education.",TRUE,TRUE,,,
1045,FN,Helen_Dewar,deathDate,,2006-11-04,"Helen Dewar (August 7, 1936–November 4, 2006) was a reporter for more than 40-years. She worked for The Washington Post, rising through the ranks to cover the United States Senate for a quarter of a century (1979–2004). Dewar worked for the Northern Virginia Sun from 1958–1961 covering education.",TRUE,TRUE,,,
1047,FN,Helen_Dewar,deathYear,,2006,"Helen Dewar (August 7, 1936–November 4, 2006) was a reporter for more than 40-years. She worked for The Washington Post, rising through the ranks to cover the United States Senate for a quarter of a century (1979–2004). Dewar worked for the Northern Virginia Sun from 1958–1961 covering education.",TRUE,TRUE,,,
99,FP_new,Helga_Bergvall,birthName,Helga Viktoria Bergvall,,Helga Viktoria Bergvall (16 March 1907 – 20 June 1978) was a Swedish author.,TRUE,TRUE,,,
42,FP_new,Hemish_Shah,birthDate,1968-04-07,,"Hemish Shah (7 April 1968 – 5 September 2001) was an English stockbroker before he became a professional poker player, and the winner of Late Night Poker series 4, where he beat the season 2 champion Simon ""Aces"" Trumper in the final heads-up confrontation.",TRUE,TRUE,,,
44,FP_new,Hemish_Shah,birthYear,1968,,"Hemish Shah (7 April 1968 – 5 September 2001) was an English stockbroker before he became a professional poker player, and the winner of Late Night Poker series 4, where he beat the season 2 champion Simon ""Aces"" Trumper in the final heads-up confrontation.",TRUE,TRUE,,,
43,FP_new,Hemish_Shah,deathDate,2001-09-05,,"Hemish Shah (7 April 1968 – 5 September 2001) was an English stockbroker before he became a professional poker player, and the winner of Late Night Poker series 4, where he beat the season 2 champion Simon ""Aces"" Trumper in the final heads-up confrontation.",TRUE,TRUE,,,
45,FP_new,Hemish_Shah,deathYear,2001,,"Hemish Shah (7 April 1968 – 5 September 2001) was an English stockbroker before he became a professional poker player, and the winner of Late Night Poker series 4, where he beat the season 2 champion Simon ""Aces"" Trumper in the final heads-up confrontation.",TRUE,TRUE,,,
213,FP_new,Henri_Hiltl,deathDate,1982-11-25,,"Henri Hiltl (born Heinrich Hiltl) (8 October 1910 – 25 November 1982) was an Austrian, naturalized French footballer.",TRUE,TRUE,,,
214,FP_new,Henri_Hiltl,deathYear,1982,,"Henri Hiltl (born Heinrich Hiltl) (8 October 1910 – 25 November 1982) was an Austrian, naturalized French footballer.",TRUE,TRUE,,,
1659,FN,Henry_Gee,birthName,,Henry Ernest Gee,"Henry Ernest Gee (born 24 April 1962 in London, England) is a British paleontologist, evolutionary biologist and senior editor of the scientific journal Nature.",TRUE,TRUE,,,
160,FP_new,Henry_Harrison_Metcalf,birthDate,1841-04-07,,"Henry Harrison Metcalf, LL.D., (April 7, 1841 – February 6, 1932) was an editor, journalist, historian, politician, and author from New Hampshire.",TRUE,TRUE,,,
774,FP_new,Henry_Harrison_Metcalf,birthName,Henry Harrison Metcalf,,"Henry Harrison Metcalf, LL.D., (April 7, 1841 – February 6, 1932) was an editor, journalist, historian, politician, and author from New Hampshire.",TRUE,TRUE,,,
162,FP_new,Henry_Harrison_Metcalf,birthYear,1841,,"Henry Harrison Metcalf, LL.D., (April 7, 1841 – February 6, 1932) was an editor, journalist, historian, politician, and author from New Hampshire.",TRUE,TRUE,,,
161,FP_new,Henry_Harrison_Metcalf,deathDate,1932-02-06,,"Henry Harrison Metcalf, LL.D., (April 7, 1841 – February 6, 1932) was an editor, journalist, historian, politician, and author from New Hampshire.",TRUE,TRUE,,,
163,FP_new,Henry_Harrison_Metcalf,deathYear,1932,,"Henry Harrison Metcalf, LL.D., (April 7, 1841 – February 6, 1932) was an editor, journalist, historian, politician, and author from New Hampshire.",TRUE,TRUE,,,
181,FP_new,Henry_Jacob_Winser,birthDate,1833-11-23,,"Henry Jacob Winser (23 November 1833 – 1896) was an American journalist and diplomat. He is the father of librarian Beatrice Winser. Winser was born on the island of Bermuda, 23 November 1833. His father, Francis J. Winser, was an officer in the British Navy. He attended the Springfield Academy, Bermuda, then came to New York in 1851, entered a printing-office as proof-reader, and later became a reporter at the New York Times. At the opening of the Civil War he accompanied Colonel Ellsworth as military secretary, and afterward was war-correspondent of the Times. After the war he served for a period as city and night editor of the Times, and then as day-manager of the editorial department. In 1867 he attended the French exposition at Paris as regular correspondent for the Times, and made th",TRUE,TRUE,,,
801,FP_new,Henry_Jacob_Winser,birthName,Henry Jacob Winser,,"Henry Jacob Winser (23 November 1833 – 1896) was an American journalist and diplomat. He is the father of librarian Beatrice Winser. Winser was born on the island of Bermuda, 23 November 1833. His father, Francis J. Winser, was an officer in the British Navy. He attended the Springfield Academy, Bermuda, then came to New York in 1851, entered a printing-office as proof-reader, and later became a reporter at the New York Times. At the opening of the Civil War he accompanied Colonel Ellsworth as military secretary, and afterward was war-correspondent of the Times. After the war he served for a period as city and night editor of the Times, and then as day-manager of the editorial department. In 1867 he attended the French exposition at Paris as regular correspondent for the Times, and made th",TRUE,TRUE,,,
182,FP_new,Henry_Jacob_Winser,birthYear,1833,,"Henry Jacob Winser (23 November 1833 – 1896) was an American journalist and diplomat. He is the father of librarian Beatrice Winser. Winser was born on the island of Bermuda, 23 November 1833. His father, Francis J. Winser, was an officer in the British Navy. He attended the Springfield Academy, Bermuda, then came to New York in 1851, entered a printing-office as proof-reader, and later became a reporter at the New York Times. At the opening of the Civil War he accompanied Colonel Ellsworth as military secretary, and afterward was war-correspondent of the Times. After the war he served for a period as city and night editor of the Times, and then as day-manager of the editorial department. In 1867 he attended the French exposition at Paris as regular correspondent for the Times, and made th",TRUE,TRUE,,,
183,FP_new,Henry_Jacob_Winser,deathYear,1896,,"Henry Jacob Winser (23 November 1833 – 1896) was an American journalist and diplomat. He is the father of librarian Beatrice Winser. Winser was born on the island of Bermuda, 23 November 1833. His father, Francis J. Winser, was an officer in the British Navy. He attended the Springfield Academy, Bermuda, then came to New York in 1851, entered a printing-office as proof-reader, and later became a reporter at the New York Times. At the opening of the Civil War he accompanied Colonel Ellsworth as military secretary, and afterward was war-correspondent of the Times. After the war he served for a period as city and night editor of the Times, and then as day-manager of the editorial department. In 1867 he attended the French exposition at Paris as regular correspondent for the Times, and made th",TRUE,TRUE,,,
259,FP_different,Henry_Jayasena,birthName,Henry Rudrigo Jayasena,Bastian Koralage Henry Rudrigo Jayasena,"Kala Keerthi Dr Bastian Koralage Henry Rudrigo Jayasena (born 6 July 1931 – died 11 November 2009 as Sinhala: හෙන්රි ජයසේන), popularly known as Henry Jayasena, was an actor in Sri Lankan cinema, theater and television. With a career spanning more than four decades, Jayasena is considered one of the best dramatists in Sri Lankan drama.",TRUE,FALSE,ICE,,
2049,FN,Henry_Jayasena,birthName,,Bastian Koralage Henry Rudrigo Jayasena,"Kala Keerthi Dr Bastian Koralage Henry Rudrigo Jayasena (born 6 July 1931 – died 11 November 2009 as Sinhala: හෙන්රි ජයසේන), popularly known as Henry Jayasena, was an actor in Sri Lankan cinema, theater and television. With a career spanning more than four decades, Jayasena is considered one of the best dramatists in Sri Lankan drama.",TRUE,TRUE,,,
2048,FN,Henry_Jayasena,label,,Henry Jayasena,"Kala Keerthi Dr Bastian Koralage Henry Rudrigo Jayasena (born 6 July 1931 – died 11 November 2009 as Sinhala: හෙන්රි ජයසේන), popularly known as Henry Jayasena, was an actor in Sri Lankan cinema, theater and television. With a career spanning more than four decades, Jayasena is considered one of the best dramatists in Sri Lankan drama.",TRUE,TRUE,,,
3418,FN,Henry_L%2E_Stimson,birthName,,Henry Lewis Stimson,"Henry Lewis Stimson (September 21, 1867 – October 20, 1950) was an American statesman, lawyer, and Republican Party politician. Over his long career, he emerged as a leading figure in U.S. foreign policy by serving in both Republican and Democratic administrations. He served as Secretary of War (1911–1913) under President William Howard Taft, Secretary of State (1929–1933) under President Herbert Hoover, and Secretary of War (1940–1945) under Presidents Franklin D. Roosevelt and Harry S. Truman, overseeing American military efforts during World War II.",TRUE,TRUE,,,
88,FP_new,Henry_Winthrop_Sargent,birthName,Henry Winthrop Sargent,,"Henry Winthrop Sargent (November 26, 1810 – November 11, 1882), American horticulturist and landscape gardener.",TRUE,TRUE,,,
87,FN,Henry_Winthrop_Sargent,label,,Henry Winthrop Sargent,"Henry Winthrop Sargent (November 26, 1810 – November 11, 1882), American horticulturist and landscape gardener.",TRUE,TRUE,,,
753,FP_new,Heraldo_Mu%C3%B1oz,birthName,Heraldo Muñoz Valenzuela,,"Heraldo Muñoz Valenzuela (born July 22, 1948) is a Chilean political scientist, academic, diplomat and politician; the former Minister of Foreign Affairs of Chile under President Michelle Bachelet; former Assistant Secretary General, Assistant Administrator, and Regional Director for Latin America and the Caribbean of the United Nations Development Programme; and the former Chilean Ambassador to the United Nations, to Brazil, and to the Organization of American States.",TRUE,TRUE,,,
141,FP_different,Heraldo_Mu%C3%B1oz,label,Heraldo Muñoz Valenzuela,Heraldo Muñoz,"Heraldo Muñoz Valenzuela (born July 22, 1948) is a Chilean political scientist, academic, diplomat and politician; the former Minister of Foreign Affairs of Chile under President Michelle Bachelet; former Assistant Secretary General, Assistant Administrator, and Regional Director for Latin America and the Caribbean of the United Nations Development Programme; and the former Chilean Ambassador to the United Nations, to Brazil, and to the Organization of American States.",TRUE,FALSE,LCE,,
804,FP_new,Hideshi_Hino,birthName,Hideshi Hino,,"Hideshi Hino (日野日出志 Hino Hideshi, born April 19, 1946) is a Japanese manga artist who specializes in horror stories. His comics include Hell Baby, Hino Horrors, and Panorama of Hell. He also wrote and directed two entries in the Guinea Pig series of horror films: Flower of Flesh and Blood (1985), and Mermaid in a Manhole (1988).",TRUE,TRUE,,,
393,FP_new,Hikaru_Sugii,birthYear,1978,,"Hikaru Sugii (杉井 光, Sugii Hikaru, born 1978 in Tokyo) is a Japanese light novel author. In 2005, his debut work Hime no Miko won the Silver Prize at the 12th Dengeki Novel Prize.",TRUE,TRUE,,,
27,FN,Hilda_Ram,birthName,,Maria Mathilda Ramboux,"Hilda Ram, the pen name of Maria Mathilda Ramboux (31 October 1858 – 12 July 1901) was a Flemish writer. She was active in the Flemish Movement and the Catholic feminist movement. She was born in Antwerp. She studied at the normal school in Onze-Lieve-Vrouw-Waver and subsequently spent a year in England learning English. On her return to Belgium, she taught for a time but was more interested in writing than teaching. Her first collection of poetry Een Klaverken uit ’s Levens Akker was published in 1884. Her 1890 collection of poems Gedichten was awarded the Staatsprijs voor Poezie.",TRUE,TRUE,,,
1128,FP_new,Hiram_Brown,birthName,Hiram Brown,,"Hiram Brown (January 23, 1801 – September 7, 1890) was an American politician who served as the first Mayor of Manchester, New Hampshire.",TRUE,TRUE,,,
532,FP_new,Hortense_Mancini,birthDate,1646-06-06,,"Hortense Mancini, Duchesse de Mazarin (6 June 1646 – 2 July 1699), was a niece of Cardinal Mazarin, chief minister of France, and a mistress of Charles II, King of England, Scotland, and Ireland. She was the fourth of the five famous Mancini sisters, who, along with two of their female Martinozzi cousins, were known at the court of King Louis XIV of France as the Mazarinettes.",TRUE,TRUE,,,
1220,FP_new,Hortense_Mancini,birthName,Hortense Mancini,,"Hortense Mancini, Duchesse de Mazarin (6 June 1646 – 2 July 1699), was a niece of Cardinal Mazarin, chief minister of France, and a mistress of Charles II, King of England, Scotland, and Ireland. She was the fourth of the five famous Mancini sisters, who, along with two of their female Martinozzi cousins, were known at the court of King Louis XIV of France as the Mazarinettes.",TRUE,TRUE,,,
534,FP_new,Hortense_Mancini,birthYear,1646,,"Hortense Mancini, Duchesse de Mazarin (6 June 1646 – 2 July 1699), was a niece of Cardinal Mazarin, chief minister of France, and a mistress of Charles II, King of England, Scotland, and Ireland. She was the fourth of the five famous Mancini sisters, who, along with two of their female Martinozzi cousins, were known at the court of King Louis XIV of France as the Mazarinettes.",TRUE,TRUE,,,
533,FP_new,Hortense_Mancini,deathDate,1699-07-02,,"Hortense Mancini, Duchesse de Mazarin (6 June 1646 – 2 July 1699), was a niece of Cardinal Mazarin, chief minister of France, and a mistress of Charles II, King of England, Scotland, and Ireland. She was the fourth of the five famous Mancini sisters, who, along with two of their female Martinozzi cousins, were known at the court of King Louis XIV of France as the Mazarinettes.",TRUE,TRUE,,,
535,FP_new,Hortense_Mancini,deathYear,1699,,"Hortense Mancini, Duchesse de Mazarin (6 June 1646 – 2 July 1699), was a niece of Cardinal Mazarin, chief minister of France, and a mistress of Charles II, King of England, Scotland, and Ireland. She was the fourth of the five famous Mancini sisters, who, along with two of their female Martinozzi cousins, were known at the court of King Louis XIV of France as the Mazarinettes.",TRUE,TRUE,,,
587,FP_new,Howard_S%2E_Becker,birthName,Howard Saul Becker,,"Howard Saul Becker (born 1928) is an American sociologist who teaches at Northwestern University. Becker has made contributions to the sociology of deviance, sociology of art, and sociology of music. Becker also wrote extensively on sociological writing styles and methodologies. Becker's 1963 book Outsiders provided the foundations for labeling theory. Becker is often called a symbolic interactionist or social constructionist, although he does not align himself with either method. A graduate of the University of Chicago, Becker is considered part of the second Chicago School of Sociology, which also includes Erving Goffman and Anselm Strauss.",TRUE,TRUE,,,
1275,FN,Howard_S%2E_Becker,birthYear,,1928,"Howard Saul Becker (born 1928) is an American sociologist who teaches at Northwestern University. Becker has made contributions to the sociology of deviance, sociology of art, and sociology of music. Becker also wrote extensively on sociological writing styles and methodologies. Becker's 1963 book Outsiders provided the foundations for labeling theory. Becker is often called a symbolic interactionist or social constructionist, although he does not align himself with either method. A graduate of the University of Chicago, Becker is considered part of the second Chicago School of Sociology, which also includes Erving Goffman and Anselm Strauss.",TRUE,TRUE,,,
982,FP_new,Howard_Thomas,birthName,Howard Thomas,,Howard Thomas CBE (5 March 1909 – 6 November 1986) was a Welsh radio producer and television executive.,TRUE,TRUE,,,
1668,FN,Hubert_Webb,birthName,,Hubert Jeffrey Pagaspas Webb,"Hubert Jeffrey Pagaspas Webb (born November 7, 1968), is the third son of Freddie Webb, as well as the brother of Pinky Webb and Jason Webb. He gained prominence as a suspect in the Vizconde murders.",TRUE,TRUE,,,
249,FP_new,Hugh_Springer,birthName,Hugh Worrell Springer,,"Sir Hugh Worrell Springer GCMG CBE (22 June 1913 – 14 April 1994) was the organiser and first general secretary of the Barbados Workers' Union and Barbados' fourth governor-general of Barbados. He was a lawyer, politician and public servant. By an act of Parliament in 1998, Springer was named as one of the eleven National Heroes of Barbados.",TRUE,TRUE,,,
3131,FP_new,Ian_McLoughlin,label,Ian Michael McLoughlin,,Ian Michael McLoughlin (born 9 August 1991) is an Irish former professional footballer who played as a goalkeeper.,TRUE,FALSE,LCE,,
643,FN,Ian_McTaggart-Cowan,birthDate,,1910-06-25,"Ian McTaggart-Cowan OC OBC FRSC (June 25, 1910 – April 18, 2010) was a Scottish-Canadian zoologist, conservationist, and television presenter. He has been called ""the father of Canadian ecology"". He was the brother of meteorologist Patrick McTaggart-Cowan.",TRUE,TRUE,,,
645,FN,Ian_McTaggart-Cowan,birthYear,,1910,"Ian McTaggart-Cowan OC OBC FRSC (June 25, 1910 – April 18, 2010) was a Scottish-Canadian zoologist, conservationist, and television presenter. He has been called ""the father of Canadian ecology"". He was the brother of meteorologist Patrick McTaggart-Cowan.",TRUE,TRUE,,,
644,FN,Ian_McTaggart-Cowan,deathDate,,2010-04-18,"Ian McTaggart-Cowan OC OBC FRSC (June 25, 1910 – April 18, 2010) was a Scottish-Canadian zoologist, conservationist, and television presenter. He has been called ""the father of Canadian ecology"". He was the brother of meteorologist Patrick McTaggart-Cowan.",TRUE,TRUE,,,
646,FN,Ian_McTaggart-Cowan,deathYear,,2010,"Ian McTaggart-Cowan OC OBC FRSC (June 25, 1910 – April 18, 2010) was a Scottish-Canadian zoologist, conservationist, and television presenter. He has been called ""the father of Canadian ecology"". He was the brother of meteorologist Patrick McTaggart-Cowan.",TRUE,TRUE,,,
345,FP_new,Ida_Marie_Bj%C3%B8rgul,birthYear,1988,,"Ida Marie Bjørgul (born 1988) is a Norwegian orienteering competitor, born in Halden and residing in Turku, Finland. She represented her country at two Junior World Orienteering Championships. She received a silver medal in the middle distance at the 2007 Junior World Orienteering Championships in Dubbo. In Gothenburg in 2008 she finished 12th in sprint, 16th in the middle, and 11th in the long course.",TRUE,TRUE,,,
507,FP_new,Inesa_Jurevi%C4%8Di%C5%ABt%C4%97,birthDate,1985-03-19,,"Inesa Jurevičiūtė (born 19 March 1985 in Kaunas) is a Lithuanian retired figure skater. She is the 2000 Lithuanian national champion. She withdrew from the 2001 World Figure Skating Championships just before the event. She also competed in ice dancing on the national level with Marius Janeliauskas, with whom she is the 1998 Lithuanian silver medalist.",TRUE,TRUE,,,
508,FP_new,Inesa_Jurevi%C4%8Di%C5%ABt%C4%97,birthYear,1985,,"Inesa Jurevičiūtė (born 19 March 1985 in Kaunas) is a Lithuanian retired figure skater. She is the 2000 Lithuanian national champion. She withdrew from the 2001 World Figure Skating Championships just before the event. She also competed in ice dancing on the national level with Marius Janeliauskas, with whom she is the 1998 Lithuanian silver medalist.",TRUE,TRUE,,,
4814,FP_new,Irene_Cruz,birthName,Irene Cruz,,"Irene Cruz is a photographer, director of photography and video artist. She is fully dedicated to photography in various fields: video art, cinema, as well as teaching. Her works have been presented in festivals, fairs and also, individual/group exhibitions around the world, as at the, Círculo de Bellas Artes or the Palacio de Cibeles (Madrid, Spain), or the Deutsche Oper (Berlín), (Nueva York), Museo de la Universidad de Alicante (MUA) (Alicante, Spain) or Da2 (Salamanca, Spain). She currently lives in Berlin, Germany, where she takes advantage of the closeness to nature and the light of the north to incorporate them into her work.",TRUE,TRUE,,,
1227,FP_new,Irene_Dick,birthName,Irene Dick,,"Irene Dick (born 28 November 1949) is a Curaçaoan politician. A member of the Sovereign People, she was Minister of Education, Science, Culture and Sport from 23 December 2013 until 23 December 2016. Dick replaced Ivar Asjes, who held the office while concurrently Prime Minister since the resignation of.",TRUE,TRUE,,,
367,FP_new,Irene_Morales,birthDate,1865-04-01,,"Irene Morales Infante (1 April 1865 – 25 August 1890) was a Chilean soldier who served in the War of the Pacific. She was born in a barrio of Santiago, and lived in poverty throughout her life, working as a seamstress from an early age. When the War of the Pacific began she was only 13 years old, and had been orphaned and twice widowed. Her second husband was executed by the Bolivian military for killing a soldier.",TRUE,TRUE,,,
1006,FP_new,Irene_Morales,birthName,Irene Morales Infante,,"Irene Morales Infante (1 April 1865 – 25 August 1890) was a Chilean soldier who served in the War of the Pacific. She was born in a barrio of Santiago, and lived in poverty throughout her life, working as a seamstress from an early age. When the War of the Pacific began she was only 13 years old, and had been orphaned and twice widowed. Her second husband was executed by the Bolivian military for killing a soldier.",TRUE,TRUE,,,
369,FP_new,Irene_Morales,birthYear,1865,,"Irene Morales Infante (1 April 1865 – 25 August 1890) was a Chilean soldier who served in the War of the Pacific. She was born in a barrio of Santiago, and lived in poverty throughout her life, working as a seamstress from an early age. When the War of the Pacific began she was only 13 years old, and had been orphaned and twice widowed. Her second husband was executed by the Bolivian military for killing a soldier.",TRUE,TRUE,,,
368,FP_new,Irene_Morales,deathDate,1890-08-25,,"Irene Morales Infante (1 April 1865 – 25 August 1890) was a Chilean soldier who served in the War of the Pacific. She was born in a barrio of Santiago, and lived in poverty throughout her life, working as a seamstress from an early age. When the War of the Pacific began she was only 13 years old, and had been orphaned and twice widowed. Her second husband was executed by the Bolivian military for killing a soldier.",TRUE,TRUE,,,
370,FP_new,Irene_Morales,deathYear,1890,,"Irene Morales Infante (1 April 1865 – 25 August 1890) was a Chilean soldier who served in the War of the Pacific. She was born in a barrio of Santiago, and lived in poverty throughout her life, working as a seamstress from an early age. When the War of the Pacific began she was only 13 years old, and had been orphaned and twice widowed. Her second husband was executed by the Bolivian military for killing a soldier.",TRUE,TRUE,,,
387,FP_different,Isaac_Claesz%2E_van_Swanenburg,birthName,Isaak Nicolai,Isaac Claesz,Isaak Nicolai or Isaac Claesz van Swanenburg (1537 – 1614 in Leiden) was a Dutch Renaissance painter and glazier active in Leiden and Gouda. He was a city council member from 1576 and became mayor of Leiden five times.,TRUE,TRUE,MPV,x,
1628,FN,Isaac_Claesz%2E_van_Swanenburg,birthName,,Isaac Claesz,Isaak Nicolai or Isaac Claesz van Swanenburg (1537 – 1614 in Leiden) was a Dutch Renaissance painter and glazier active in Leiden and Gouda. He was a city council member from 1576 and became mayor of Leiden five times.,TRUE,TRUE,,,
388,FP_new,Isaac_Claesz%2E_van_Swanenburg,birthYear,1537,,Isaak Nicolai or Isaac Claesz van Swanenburg (1537 – 1614 in Leiden) was a Dutch Renaissance painter and glazier active in Leiden and Gouda. He was a city council member from 1576 and became mayor of Leiden five times.,TRUE,TRUE,,,
389,FP_new,Isaac_Claesz%2E_van_Swanenburg,deathYear,1614,,Isaak Nicolai or Isaac Claesz van Swanenburg (1537 – 1614 in Leiden) was a Dutch Renaissance painter and glazier active in Leiden and Gouda. He was a city council member from 1576 and became mayor of Leiden five times.,TRUE,TRUE,,,
1030,FP_new,Isaac_Claesz%2E_van_Swanenburg,label,Isaac Claesz van Swanenburg,,Isaak Nicolai or Isaac Claesz van Swanenburg (1537 – 1614 in Leiden) was a Dutch Renaissance painter and glazier active in Leiden and Gouda. He was a city council member from 1576 and became mayor of Leiden five times.,TRUE,TRUE,,,
3190,FP_new,Isaac_Claesz%2E_van_Swanenburg,label,Isaak Nicolai,,Isaak Nicolai or Isaac Claesz van Swanenburg (1537 – 1614 in Leiden) was a Dutch Renaissance painter and glazier active in Leiden and Gouda. He was a city council member from 1576 and became mayor of Leiden five times.,TRUE,FALSE,ICE,,
961,FP_new,Isaac_Rapp,birthDate,1854-03-54,,"Isaac Hamilton Rapp, (1854 – March 27, 1933) was an American architect who has been called the ""Creator of the Santa Fe style."" He was born in Orange, New Jersey. Rapp learned his trade working for his father, a sometime architect and building contractor in Carbondale, Illinois. He left in 1887 and by 1889 had moved to Trinidad, Colorado where he joined with C.W. Bulger in establishing the architectural firm of Bulger and Rapp. The company dissolved after about five years at which point Rapp's brother William Mason Rapp moved to Trinidad and the firm of Rapp and Rapp was created. (This should not be confused with the architectural firm of Rapp and Rapp, noted for their theatre designs, composed of Isaac Rapp's two youngest brothers, Cornelius and George.) Eventually a third brother, Charle",FALSE,FALSE,AC,,
321,FP_new,Isaac_Rapp,birthName,Isaac Hamilton Rapp,,"Isaac Hamilton Rapp, (1854 – March 27, 1933) was an American architect who has been called the ""Creator of the Santa Fe style."" He was born in Orange, New Jersey. Rapp learned his trade working for his father, a sometime architect and building contractor in Carbondale, Illinois. He left in 1887 and by 1889 had moved to Trinidad, Colorado where he joined with C.W. Bulger in establishing the architectural firm of Bulger and Rapp. The company dissolved after about five years at which point Rapp's brother William Mason Rapp moved to Trinidad and the firm of Rapp and Rapp was created. (This should not be confused with the architectural firm of Rapp and Rapp, noted for their theatre designs, composed of Isaac Rapp's two youngest brothers, Cornelius and George.) Eventually a third brother, Charle",TRUE,TRUE,,,
323,FP_new,Isaac_Rapp,birthYear,1854,,"Isaac Hamilton Rapp, (1854 – March 27, 1933) was an American architect who has been called the ""Creator of the Santa Fe style."" He was born in Orange, New Jersey. Rapp learned his trade working for his father, a sometime architect and building contractor in Carbondale, Illinois. He left in 1887 and by 1889 had moved to Trinidad, Colorado where he joined with C.W. Bulger in establishing the architectural firm of Bulger and Rapp. The company dissolved after about five years at which point Rapp's brother William Mason Rapp moved to Trinidad and the firm of Rapp and Rapp was created. (This should not be confused with the architectural firm of Rapp and Rapp, noted for their theatre designs, composed of Isaac Rapp's two youngest brothers, Cornelius and George.) Eventually a third brother, Charle",TRUE,TRUE,,,
322,FP_new,Isaac_Rapp,deathDate,1933-03-27,,"Isaac Hamilton Rapp, (1854 – March 27, 1933) was an American architect who has been called the ""Creator of the Santa Fe style."" He was born in Orange, New Jersey. Rapp learned his trade working for his father, a sometime architect and building contractor in Carbondale, Illinois. He left in 1887 and by 1889 had moved to Trinidad, Colorado where he joined with C.W. Bulger in establishing the architectural firm of Bulger and Rapp. The company dissolved after about five years at which point Rapp's brother William Mason Rapp moved to Trinidad and the firm of Rapp and Rapp was created. (This should not be confused with the architectural firm of Rapp and Rapp, noted for their theatre designs, composed of Isaac Rapp's two youngest brothers, Cornelius and George.) Eventually a third brother, Charle",TRUE,TRUE,,,
324,FP_new,Isaac_Rapp,deathYear,1933,,"Isaac Hamilton Rapp, (1854 – March 27, 1933) was an American architect who has been called the ""Creator of the Santa Fe style."" He was born in Orange, New Jersey. Rapp learned his trade working for his father, a sometime architect and building contractor in Carbondale, Illinois. He left in 1887 and by 1889 had moved to Trinidad, Colorado where he joined with C.W. Bulger in establishing the architectural firm of Bulger and Rapp. The company dissolved after about five years at which point Rapp's brother William Mason Rapp moved to Trinidad and the firm of Rapp and Rapp was created. (This should not be confused with the architectural firm of Rapp and Rapp, noted for their theatre designs, composed of Isaac Rapp's two youngest brothers, Cornelius and George.) Eventually a third brother, Charle",TRUE,TRUE,,,
320,FN,Isaac_Rapp,label,,Isaac Rapp,"Isaac Hamilton Rapp, (1854 – March 27, 1933) was an American architect who has been called the ""Creator of the Santa Fe style."" He was born in Orange, New Jersey. Rapp learned his trade working for his father, a sometime architect and building contractor in Carbondale, Illinois. He left in 1887 and by 1889 had moved to Trinidad, Colorado where he joined with C.W. Bulger in establishing the architectural firm of Bulger and Rapp. The company dissolved after about five years at which point Rapp's brother William Mason Rapp moved to Trinidad and the firm of Rapp and Rapp was created. (This should not be confused with the architectural firm of Rapp and Rapp, noted for their theatre designs, composed of Isaac Rapp's two youngest brothers, Cornelius and George.) Eventually a third brother, Charle",TRUE,TRUE,,,
356,FN,Isabella_Pappas,birthName,,Isabella Noemi Pappas,"Isabella Noemi Pappas is an Oliver Award nominated actress. She began her career on the London stage, earning WhatsOnStage and Laurence Olivier Award nominations. On screen, she is known for her roles in the ITV series Finding Alice (2021–present) and the Disney series The Villains of Valley View (2022–present).",TRUE,TRUE,,,
355,FP_new,Isabella_Pappas,label,Isabella Noemi Pappas,,"Isabella Noemi Pappas is an Oliver Award nominated actress. She began her career on the London stage, earning WhatsOnStage and Laurence Olivier Award nominations. On screen, she is known for her roles in the ITV series Finding Alice (2021–present) and the Disney series The Villains of Valley View (2022–present).",TRUE,TRUE,,,
1276,FP_new,Israr_Ullah_Khan_Gandapur,birthName,Sardar Israr Ullah Khan Gandapur,,"Sardar Israr Ullah Khan Gandapur (Urdu: اسرار اللہ خان گنڈا پور; 6 August 1975 – 16 October 2013) was a Pakistani politician who had been a member of the Khyber Pakhtunkhwa Assembly from 2002 to 2008 and again from 2008 to 2013 and then again from 2013 till his death. In his third tenure, he served as a Minister for Law, Parliamentary Affairs and Human Rights in the Khyber Pakhtunkhwa Assembly. On 16 October 2013, he was killed by a suicide bomb blast on the first day of Eid al-Adha while greeting with locals at his residence in Kulachi village",TRUE,TRUE,,,
156,FP_new,Ivo_Andri%C4%87-Lu%C5%BEanski,birthDate,1956-01-01,,"Ivo Andrić-Lužanski (born 1956) is a Croat politician of Bosnia and Herzegovina, a member of the Croatian Democratic Union of Bosnia and Herzegovina. He served twice as President of the Federation of Bosnia Herzegovina (1 January 1999 – 1 January 2000; 1 January 2001 – 28 February 2001). He served as Vice-President of the Federation of Bosnia and Herzegovina from 1 January 2000 to 1 January 2001.",FALSE,FALSE,AC,,
4039,FP_new,Ivo_Andri%C4%87-Lu%C5%BEanski,birthDate,1956-01-56,,"Ivo Andrić-Lužanski (born 1956) is a Croat politician of Bosnia and Herzegovina, a member of the Croatian Democratic Union of Bosnia and Herzegovina. He served twice as President of the Federation of Bosnia Herzegovina (1 January 1999 – 1 January 2000; 1 January 2001 – 28 February 2001). He served as Vice-President of the Federation of Bosnia and Herzegovina from 1 January 2000 to 1 January 2001.",FALSE,FALSE,AC,,
769,FP_new,Ivo_Andri%C4%87-Lu%C5%BEanski,birthName,Ivo Andrić-Lužanski,,"Ivo Andrić-Lužanski (born 1956) is a Croat politician of Bosnia and Herzegovina, a member of the Croatian Democratic Union of Bosnia and Herzegovina. He served twice as President of the Federation of Bosnia Herzegovina (1 January 1999 – 1 January 2000; 1 January 2001 – 28 February 2001). He served as Vice-President of the Federation of Bosnia and Herzegovina from 1 January 2000 to 1 January 2001.",TRUE,TRUE,,,
157,FP_new,Ivo_Andri%C4%87-Lu%C5%BEanski,birthYear,1956,,"Ivo Andrić-Lužanski (born 1956) is a Croat politician of Bosnia and Herzegovina, a member of the Croatian Democratic Union of Bosnia and Herzegovina. He served twice as President of the Federation of Bosnia Herzegovina (1 January 1999 – 1 January 2000; 1 January 2001 – 28 February 2001). He served as Vice-President of the Federation of Bosnia and Herzegovina from 1 January 2000 to 1 January 2001.",TRUE,TRUE,,,
346,FP_new,J%2E_Ralph,birthYear,1975,,"Josh Ralph (born 1975), known professionally as J. Ralph, is an American composer, producer, singer/songwriter and social activist who focuses on creating awareness and change through music and film. A three-time Academy Award-nominated composer, Ralph's professional career began when he was signed to Atlantic Records at age 22 as a recording artist. He is the founder of a music production company The Rumor Mill, and has written and produced the music for Grammy Award-winning artists, symphony orchestras, the United Nations, and former United States President Barack Obama. His music has sold more than 10 million records worldwide reaching the number one position on the Billboard charts in over 22 countries.",TRUE,TRUE,,,
190,FN,J%C3%BAnior_Silva,label,,Júnior Silva,"Ananias Djalma da Silva Júnior (born 17 April 1990), commonly known as Júnior Silva, is a former Brazilian footballer.",TRUE,TRUE,,,
245,FP_new,Jack_Ferguson,birthName,Laurie John Ferguson,,Laurie John Ferguson AO (4 September 1924 – 17 September 2002) was an Australian politician and member of the New South Wales Legislative Assembly for the Australian Labor Party (New South Wales Branch). He served in Neville Wran's state government as the Deputy Premier of New South Wales from 1976 to 1984.,TRUE,TRUE,,,
1154,FP_new,Jacqueline_Berenstein-Wavre,birthName,Jacqueline Berenstein-Wavre,,Jacqueline Berenstein-Wavre (26 December 1921 – 22 January 2021) was a Swiss politician who spent her political career in Geneva. She fought for women's rights in the workplace.,TRUE,TRUE,,,
851,FP_new,Jai_Tirath_Dahiya,birthName,Ch.Jai Tirath,,"Ch. Jai Tirath (born 20 May 1952) is an Indian politician and a member of the Haryana Legislative Assembly from the Indian National Congress, representing the Rai Vidhan Sabha constituency in Haryana. He is a two-term member of the Haryana Legislative Assembly.",FALSE,TRUE,,,
232,FP_new,Jai_Tirath_Dahiya,label,Jai Tirath,,"Ch. Jai Tirath (born 20 May 1952) is an Indian politician and a member of the Haryana Legislative Assembly from the Indian National Congress, representing the Rai Vidhan Sabha constituency in Haryana. He is a two-term member of the Haryana Legislative Assembly.",TRUE,FALSE,ICE,,
563,FP_new,Jale_Birsel,birthDate,1927-27-27,,"Jale Birsel (1927 – 17 November 2019) was a Turkish actress. Jale Birsel was born in 1927. She graduated from Ankara State Conservatory in 1949. She was a classmate of Yıldız Kenter. She worked at Ankara State Theatre. Her acting career lasted 38 years. At the age of 25, she contracted hearing loss due to incorrect medication usage. She had to commit to memory all actors' roles at the stage as she did not hear her counter person's words. She was honored with the title ""State Artist"".",FALSE,FALSE ,GLS,,
1249,FP_new,Jale_Birsel,birthDate,1927-07-27,,"Jale Birsel (1927 – 17 November 2019) was a Turkish actress. Jale Birsel was born in 1927. She graduated from Ankara State Conservatory in 1949. She was a classmate of Yıldız Kenter. She worked at Ankara State Theatre. Her acting career lasted 38 years. At the age of 25, she contracted hearing loss due to incorrect medication usage. She had to commit to memory all actors' roles at the stage as she did not hear her counter person's words. She was honored with the title ""State Artist"".",FALSE,FALSE,AC,,
76,FP_new,James_Lynam_Molloy,birthDate,1837-08-19,,"James Lynam Molloy (19 August 1837 – 4 February 1909) was an Irish composer, poet, and author. His songs were praised by his contemporaries; one said that he ""will be remembered, or certainly his songs will, long after the'superior' and so-called 'art-songs' of to-day are forgotten.""",TRUE,TRUE,,,
78,FP_new,James_Lynam_Molloy,birthYear,1837,,"James Lynam Molloy (19 August 1837 – 4 February 1909) was an Irish composer, poet, and author. His songs were praised by his contemporaries; one said that he ""will be remembered, or certainly his songs will, long after the'superior' and so-called 'art-songs' of to-day are forgotten.""",TRUE,TRUE,,,
77,FP_new,James_Lynam_Molloy,deathDate,1909-02-04,,"James Lynam Molloy (19 August 1837 – 4 February 1909) was an Irish composer, poet, and author. His songs were praised by his contemporaries; one said that he ""will be remembered, or certainly his songs will, long after the'superior' and so-called 'art-songs' of to-day are forgotten.""",TRUE,TRUE,,,
79,FP_new,James_Lynam_Molloy,deathYear,1909,,"James Lynam Molloy (19 August 1837 – 4 February 1909) was an Irish composer, poet, and author. His songs were praised by his contemporaries; one said that he ""will be remembered, or certainly his songs will, long after the'superior' and so-called 'art-songs' of to-day are forgotten.""",TRUE,TRUE,,,
1273,FP_new,James_Maxton,birthName,James Maxton,,"James Maxton (22 June 1885 – 23 July 1946) was a British left-wing politician, and leader of the Independent Labour Party. He was a pacifist who opposed both world wars. A prominent proponent of Home Rule for Scotland, he is remembered as one of the leading figures of the Red Clydeside era. He broke with Ramsay MacDonald and the second minority Labour government, and became one of its most bitter critics. As the leader of the Independent Labour Party (ILP), he disaffiliated the ILP from the mainstream party in 1932. Afterwards, he became an independent dissident outside front-line politics.",TRUE,FALSE,ICE,,
47,FP_new,James_Righton,birthName,James Nicholas Righton,,"James Nicholas Righton (born 25 August 1983) is a British musician. As well as singing, he was the keyboard-player of the London-based new rave band Klaxons, which disbanded in 2015. In March 2016, Righton announced his new project Shock Machine with a video directed by Saam Farahmand.Righton released his first solo album The Performer on Soulwax's Deewee label in March 2020.",TRUE,TRUE,,,
437,FP_new,James_Robinson_Boise,birthDate,1815-01-27,,"James Robinson Boise (January 27, 1815, Blandford, Massachusetts – February 9, 1895, Chicago) was an American classicist. He was the author of several Greek text books.",TRUE,TRUE,,,
439,FP_new,James_Robinson_Boise,birthYear,1815,,"James Robinson Boise (January 27, 1815, Blandford, Massachusetts – February 9, 1895, Chicago) was an American classicist. He was the author of several Greek text books.",TRUE,TRUE,,,
438,FP_new,James_Robinson_Boise,deathDate,1895-02-09,,"James Robinson Boise (January 27, 1815, Blandford, Massachusetts – February 9, 1895, Chicago) was an American classicist. He was the author of several Greek text books.",TRUE,TRUE,,,
440,FP_new,James_Robinson_Boise,deathYear,1895,,"James Robinson Boise (January 27, 1815, Blandford, Massachusetts – February 9, 1895, Chicago) was an American classicist. He was the author of several Greek text books.",TRUE,TRUE,,,
1048,FP_new,Jan_Assmann,birthName,Johann Christoph Assmann,,Jan Assmann (born Johann Christoph Assmann; born 7 July 1938) is a German Egyptologist.,TRUE,TRUE,,,
31,FP_different,Jan_Axelson,birthName,Jan Louise Axelson,Janet Louise Axelson,"Janet Louise Axelson (born 1949) is an American author and conservationist. She writes and publishes technical literature and documentation under the pen name Jan Axelson. Much of her work relates to computer interfaces and protocols, including USB, Ethernet, serial, and parallel ports. Her books are published by her company Lakeview Research, LLC, which is based in Madison, Wisconsin. She has also written articles for Nuts and Volts, and the Wisconsin State Journal.",FALSE,FALSE,MPV,,
1854,FN,Jan_Axelson,birthName,,Janet Louise Axelson,"Janet Louise Axelson (born 1949) is an American author and conservationist. She writes and publishes technical literature and documentation under the pen name Jan Axelson. Much of her work relates to computer interfaces and protocols, including USB, Ethernet, serial, and parallel ports. Her books are published by her company Lakeview Research, LLC, which is based in Madison, Wisconsin. She has also written articles for Nuts and Volts, and the Wisconsin State Journal.",TRUE,TRUE,,,
30,FN,Jan_Axelson,label,,Jan Axelson,"Janet Louise Axelson (born 1949) is an American author and conservationist. She writes and publishes technical literature and documentation under the pen name Jan Axelson. Much of her work relates to computer interfaces and protocols, including USB, Ethernet, serial, and parallel ports. Her books are published by her company Lakeview Research, LLC, which is based in Madison, Wisconsin. She has also written articles for Nuts and Volts, and the Wisconsin State Journal.",TRUE,TRUE,,,
21,FP_new,Jan_Michaelsen,label,Jan Munk Michaelsen,,"Jan Munk Michaelsen (born 28 November 1970) is a former Danish footballer and currently is the head of coaching at Nykøbing FC. He made 20 international appearances, scored one goal for the Danish national team. He is the son of former Danish footballer, the late Allan Michaelsen.",TRUE,FALSE,WV,,
1845,FP_new,Jan_Michaelsen,label,Jan Michaelsen,,"Jan Munk Michaelsen (born 28 November 1970) is a former Danish footballer and currently is the head of coaching at Nykøbing FC. He made 20 international appearances, scored one goal for the Danish national team. He is the son of former Danish footballer, the late Allan Michaelsen.",TRUE,TRUE,,,
628,FN,Janne_Kyttanen,birthYear,,1974,"Janne Kyttanen (born 1974) is a Finnish conceptual artist, designer, entrepreneur and investor who is best known for his work in design for 3D printing. He was the founder of Freedom of Creation, a pioneering agency that specialised in design for 3D printing. In 2011 Freedom of Creation was acquired by 3D Systems, an American-based manufacturer of 3D printers. He held the position of Creative Director at 3D Systems for four years. His work been exhibited in numerous museums and galleries, including the Stedelijk Museum, the Museum of Modern Art, and at Design Miami, the global forum for design. His work is represented by Gallery All. He also used to be a professional squash player, having played in two individual world championships and two team championships.",TRUE,TRUE,,,
797,FP_different,Janni_Arnth,label,Janni Arnth Jensen,Janni Arnth,"Janni Arnth Jensen (born 15 October 1986) is a former Danish football player who played as a defender. She previously played for Danish Elitedivisionen club Fortuna Hjørring, Swedish Damallsvenskan club Linköpings FC, English club Arsenal, in Italy for Fiorentina, and for Rangers in the Scottish Women's Premier League. She was the vice-captain for the Danish national team.",TRUE,FALSE,WV,,
5154,FP_new,Jason_de_la_Pe%C3%B1a,label,Jason Michael de la Peña,,"Jason Michael de la Peña (born 16 September 1972) is an English journalist and former professional cricketer who played 11 first-class and three List A matches in the 1990s. Despite his small number of appearances, he managed to appear for no fewer than four different counties. He was born in Hammersmith, London.",TRUE,TRUE,,,
478,FP_new,JB_Magsaysay,birthName,Joseph Benedict Aquino Magsaysay,,"Joseph Benedict Aquino Magsaysay, also known as JB Magsaysay (born July 6, 1980), is a Filipino actor, a politician, a businessman and was one of the 13 housemates of ABS-CBN's Pinoy Big Brother, Season 1. He was the second evicted housemate on his 35th day in Pinoy Big Brother's house.",TRUE,TRUE,,,
477,FN,JB_Magsaysay,label,,JB Magsaysay,"Joseph Benedict Aquino Magsaysay, also known as JB Magsaysay (born July 6, 1980), is a Filipino actor, a politician, a businessman and was one of the 13 housemates of ABS-CBN's Pinoy Big Brother, Season 1. He was the second evicted housemate on his 35th day in Pinoy Big Brother's house.",TRUE,TRUE,,,
580,FP_new,Jean_E%2E_Fairfax,birthName,Jean Emily Fairfax,,"Jean Emily Fairfax (October 20, 1920 – February 12, 2019) was an American educator, civil rights worker, community organizer, and philanthropist whose efforts have focused on achieving equity in education, especially for poor African Americans. She served as Director of Community Services of the NAACP from 1965 to 1984.",TRUE,TRUE,,,
459,FP_new,Jean-Baptiste_Kibwe,birthName,Jean-Baptiste Kibwe,,"Jean-Baptiste Kibwe Pampala Uwitwa (Kilwa, 3 March 1924 — Brussels, 21 November 2008) was a Congolese and Katangese politician who was the Minister of Justice and Vice-President of the State of Katanga.",TRUE,FALSE,ICE,,
1213,FN,Jean-Louis_Tourenne,birthYear,,1944,"Jean-Louis Tourenne (born 1944 in La Mézière) is a French politician and the former President of the general council of Ille-et-Vilaine. He is a member of the Socialist Party. He became the first PS President of the general council of Ille-et-Vilaine since 1848 following the 2004 French cantonal elections, when the left gained the department from the right. He was reelected in 2011.",TRUE,TRUE,,,
412,FN,Jeannette_Nolen,alias,,Jeannette Ulrica Smit-Nolen,"Jeannette Nolen (1930 - 2016) was a Dutch archaeologist who carried out extensive research in Portugal. Jeannette Ulrica Smit-Nolen was born on 10 August 1930 in Alblasserdam, the Netherlands. She spent some time in the Netherlands and the United States. After her marriage to William Nolen she was working at the American School of Classical Studies at Athens, but this was considered to be too far away from the Netherlands where her husband was. Thus, the couple visited Portugal to see the ruins of Conímbriga, one of the largest Roman settlements excavated in Portugal, and to investigate whether Jeannette Nolen could find a job in Portugal, it being closer to the Netherlands. In Conímbriga, she met Jorge de Alarcão, Director of the Institute of Archaeology in Coimbra, and his wife, who laun",TRUE,FALSE,LCE,X,
1067,FN,Jeannette_Nolen,birthDate,,1930-08-10,"Jeannette Nolen (1930 - 2016) was a Dutch archaeologist who carried out extensive research in Portugal. Jeannette Ulrica Smit-Nolen was born on 10 August 1930 in Alblasserdam, the Netherlands. She spent some time in the Netherlands and the United States. After her marriage to William Nolen she was working at the American School of Classical Studies at Athens, but this was considered to be too far away from the Netherlands where her husband was. Thus, the couple visited Portugal to see the ruins of Conímbriga, one of the largest Roman settlements excavated in Portugal, and to investigate whether Jeannette Nolen could find a job in Portugal, it being closer to the Netherlands. In Conímbriga, she met Jorge de Alarcão, Director of the Institute of Archaeology in Coimbra, and his wife, who laun",TRUE,TRUE,,,
413,FN,Jeannette_Nolen,birthName,,Jeannette Ulrica Smit,"Jeannette Nolen (1930 - 2016) was a Dutch archaeologist who carried out extensive research in Portugal. Jeannette Ulrica Smit-Nolen was born on 10 August 1930 in Alblasserdam, the Netherlands. She spent some time in the Netherlands and the United States. After her marriage to William Nolen she was working at the American School of Classical Studies at Athens, but this was considered to be too far away from the Netherlands where her husband was. Thus, the couple visited Portugal to see the ruins of Conímbriga, one of the largest Roman settlements excavated in Portugal, and to investigate whether Jeannette Nolen could find a job in Portugal, it being closer to the Netherlands. In Conímbriga, she met Jorge de Alarcão, Director of the Institute of Archaeology in Coimbra, and his wife, who laun",TRUE,TRUE,,,
1068,FN,Jeannette_Nolen,birthYear,,1930,"Jeannette Nolen (1930 - 2016) was a Dutch archaeologist who carried out extensive research in Portugal. Jeannette Ulrica Smit-Nolen was born on 10 August 1930 in Alblasserdam, the Netherlands. She spent some time in the Netherlands and the United States. After her marriage to William Nolen she was working at the American School of Classical Studies at Athens, but this was considered to be too far away from the Netherlands where her husband was. Thus, the couple visited Portugal to see the ruins of Conímbriga, one of the largest Roman settlements excavated in Portugal, and to investigate whether Jeannette Nolen could find a job in Portugal, it being closer to the Netherlands. In Conímbriga, she met Jorge de Alarcão, Director of the Institute of Archaeology in Coimbra, and his wife, who laun",TRUE,TRUE,,,
1069,FN,Jeannette_Nolen,deathYear,,2016,"Jeannette Nolen (1930 - 2016) was a Dutch archaeologist who carried out extensive research in Portugal. Jeannette Ulrica Smit-Nolen was born on 10 August 1930 in Alblasserdam, the Netherlands. She spent some time in the Netherlands and the United States. After her marriage to William Nolen she was working at the American School of Classical Studies at Athens, but this was considered to be too far away from the Netherlands where her husband was. Thus, the couple visited Portugal to see the ruins of Conímbriga, one of the largest Roman settlements excavated in Portugal, and to investigate whether Jeannette Nolen could find a job in Portugal, it being closer to the Netherlands. In Conímbriga, she met Jorge de Alarcão, Director of the Institute of Archaeology in Coimbra, and his wife, who laun",TRUE,TRUE,,,
1242,FP_new,Jed_C%2E_Adams,birthName,Jed Cobb Adams,,"Jed Cobb Adams (January 14, 1876 – January 29, 1935) was a member of the United States Board of Tax Appeals (later renamed the United States Tax Court) from 1933 to 1935.",TRUE,TRUE,,,
555,FP_new,Jed_C%2E_Adams,label,Jed Cobb Adams,,"Jed Cobb Adams (January 14, 1876 – January 29, 1935) was a member of the United States Board of Tax Appeals (later renamed the United States Tax Court) from 1933 to 1935.",TRUE,FALSE,LCE,,
80,FP_new,Jeffries_Wyman,deathDate,1874-09-04,,"Jeffries Wyman (August 11, 1814 – September 4, 1874) was an American naturalist and anatomist, born in Chelmsford, Massachusetts. Wyman died in Bethlehem, New Hampshire of a pulmonary hemorrhage.",TRUE,TRUE,,,
81,FP_new,Jeffries_Wyman,deathYear,1874,,"Jeffries Wyman (August 11, 1814 – September 4, 1874) was an American naturalist and anatomist, born in Chelmsford, Massachusetts. Wyman died in Bethlehem, New Hampshire of a pulmonary hemorrhage.",TRUE,TRUE,,,
74,FP_new,Jerry_Nolan,label,Jerry Nolan,,"Gerard ""Jerry"" Nolan (May 7, 1946 – January 14, 1992) was an American rock drummer, best known for his work with the New York Dolls and The Heartbreakers.",TRUE,TRUE,,,
233,FP_new,Jerry_Titus,birthDate,1928-10-24,,"Jerry Titus (October 24, 1928 – August 5, 1970) was an American race car driver, mechanic, and journalist.",TRUE,TRUE,,,
235,FP_new,Jerry_Titus,birthYear,1928,,"Jerry Titus (October 24, 1928 – August 5, 1970) was an American race car driver, mechanic, and journalist.",TRUE,TRUE,,,
234,FP_new,Jerry_Titus,deathDate,1970-08-05,,"Jerry Titus (October 24, 1928 – August 5, 1970) was an American race car driver, mechanic, and journalist.",TRUE,TRUE,,,
236,FP_new,Jerry_Titus,deathYear,1970,,"Jerry Titus (October 24, 1928 – August 5, 1970) was an American race car driver, mechanic, and journalist.",TRUE,TRUE,,,
427,FP_new,Jes%C3%BAs_Elizalde_Sainz_de_Robles,birthName,Jesús Elías Francisco Elizalde Sainz de Robles,,"Jesús Elías Francisco Elizalde Sainz de Robles (1907–1980) was a Spanish Carlist politician. He served in the Cortes in two separate strings: during the Second Republic in 1936 and during Francoism in 1954-1958. In 1938-1939 he was a member of Junta Política of Falange Española Tradicionalista, and in 1954-1958 he was a member of FET's Consejo Nacional. In 1942-1944 he headed the regional Carlist Navarrese organization. Politically he sided with the Carlist branch which opted for conciliatory policy towards the Franco regime and leaned towards a monarchist dynastical alliance.",TRUE,TRUE,,,
1375,FP_new,Ji%C5%99%C3%AD_Ku%C4%8Dn%C3%BD,birthYear,1944,,Jiří Kučný is a Czech professional ice hockey defenceman who is currently playing for HKm Zvolen in the Slovak Extraliga.,FALSE,FALSE,FH,,
1901,FP_new,Ji%C5%99%C3%AD_Ku%C4%8Dn%C3%BD,birthYear,1926,,Jiří Kučný is a Czech professional ice hockey defenceman who is currently playing for HKm Zvolen in the Slovak Extraliga.,FALSE,FALSE,FH,,
2422,FP_new,Ji%C5%99%C3%AD_Ku%C4%8Dn%C3%BD,birthYear,1989,,Jiří Kučný is a Czech professional ice hockey defenceman who is currently playing for HKm Zvolen in the Slovak Extraliga.,FALSE,FALSE,FH,,
2944,FP_new,Ji%C5%99%C3%AD_Ku%C4%8Dn%C3%BD,birthYear,1958,,Jiří Kučný is a Czech professional ice hockey defenceman who is currently playing for HKm Zvolen in the Slovak Extraliga.,FALSE,FALSE,FH,,
4483,FP_new,Ji%C5%99%C3%AD_Ku%C4%8Dn%C3%BD,birthYear,1954,,Jiří Kučný is a Czech professional ice hockey defenceman who is currently playing for HKm Zvolen in the Slovak Extraliga.,FALSE,FALSE,FH,,
332,FP_new,Ji%C5%99%C3%AD_Starosta,birthYear,1923,,Jiří Starosta (1923 or 1924 - 15 February 2012) was a Czech football manager who is last known to have managed Vítkovice.,TRUE,TRUE,,,
2324,FN,Jill_Tweedie,birthName,,Jill Sheila Tweedie,"Jill Sheila Tweedie (22 May 1936 – 12 November 1993) was a British feminist, writer and broadcaster. She was educated at the independent Croydon High School in Croydon, South London. She wrote a column in The Guardian on feminist issues (1969–1988), ""Letters from a faint-hearted feminist"", and an autobiography entitled Eating Children (1993). She succeeded Mary Stott as a principal columnist on The Guardian's women's page.",TRUE,TRUE,,,
244,FP_new,Jimmy_Gourlay,label,Jimmy Gourlay,,"James Gourlay (11 January 1888 – 12 September 1970) was a Scottish footballer. He played for Port Glasgow Athletic, and for Everton in England between 1909 and 1913 before joining Morton as part of an exchange deal for John Fulton. He remained an important member of the Greenock club's strong team in the era spanning World War I when they finished in the top four of the Scottish Football League for six seasons running, and won the War Fund Shield in 1915.",TRUE,TRUE,,,
2098,FN,Jimmy_Kaufman,birthName,,James Kaufman,"James Kaufman (born April 1, 1949), known as Jimmy Kaufman or Jim Kaufman, is a film director, a photographer and an artist from Montreal, best known for directing the movies Time at the Top and Whiskers, and episodes of TV series like Stargate SG-1, The Hunger and The Outer Limits (1995 TV series). Kaufman's photography series evolves around North-American journeys, with an accent on his personal relations with nature.",TRUE,TRUE,,,
1071,FN,Joan_Truckenbrod,birthYear,,1945,"Joan Truckenbrod (born 1945 in Greensboro, North Carolina) is an American artist. She is known for her work in digital art, and is credited as being one of the earliest pioneers of digital art in the 1960s. She uses sculptural forms in video to explore ""the simultaneous experience of multiple realities that is evoked through ritual."" An essential aspect of her artwork is ""making things by hand, integrating hand construction with the electronic imagery of video"".",TRUE,TRUE,,,
522,FP_new,Joaqu%C3%ADn_Gamboa_Pascoe,birthName,Joaquín Gamboa Pascoe,,"Joaquín Gamboa Pascoe (May 30, 1922 – January 7, 2016) was a Mexican trade union leader and politician.",TRUE,TRUE,,,
577,FP_new,Joe_MacLeod,birthName,Joe MacLeod,,"Joe MacLeod (born January 29, 1980) is a Canadian actor and television host.",TRUE,TRUE,,,
584,FP_new,Joe_Trasolini,birthYear,1947,,"Joe Trasolini (born 1947 or 1948) is a Canadian politician, who represented the electoral district of Port Moody-Coquitlam in the Legislative Assembly of British Columbia from 2012 to 2013 as a member of the British Columbia New Democratic Party. He was first elected in a by-election on April 19, 2012. Prior to his election to the legislature, Trasolini served four terms as mayor of Port Moody. Trasolini served as a director of Metro Vancouver and on the TransLink Mayor's Council, where he secured funding for the SkyTrain's Evergreen Line expansion.",TRUE,TRUE,,,
2094,FN,Johan_C%2E_L%C3%B8ken,birthName,,Johan Christen Løken,"Johan Christen Løken (27 July 1944 – 18 December 2017) was a Norwegian politician for the Conservative Party. He was Minister of Agriculture from 1981 to 1983, as a Member of Parliament until 1993. He also served as the Leader of the Hedmark Conservatives from 1976 to 1982.",TRUE,TRUE,,,
601,FP_different,John_A%2E_Roebling,birthName,John Augustus Roebling,Johann August Röbling,"John Augustus Roebling (born Johann August Röbling; June 12, 1806 – July 22, 1869) was a German-born American civil engineer. He designed and built wire rope suspension bridges, in particular the Brooklyn Bridge, which has been designated as a National Historic Landmark and a National Historic Civil Engineering Landmark.",TRUE,FALSE,WV,,
2338,FN,John_A%2E_Roebling,birthName,,Johann August Röbling,"John Augustus Roebling (born Johann August Röbling; June 12, 1806 – July 22, 1869) was a German-born American civil engineer. He designed and built wire rope suspension bridges, in particular the Brooklyn Bridge, which has been designated as a National Historic Landmark and a National Historic Civil Engineering Landmark.",TRUE,TRUE,,,
25,FP_new,John_Comer,birthName,John Comer,,"John Comer (1 March 1924 – 11 February 1984) was a British comic actor. He was best known for his roles in Coronation Street as Mr Birtles, then as a taxi driver, and later as Wilf Jones, in Emmerdale Farm as Ernie Shuttleworth, Les Brandon in I Didn't Know You Cared, and cafe owner Sid in Last of the Summer Wine.",TRUE,TRUE,,,
500,FP_new,John_D%2E_Thompson,birthName,John Devereaux Thompson,,"John Devereaux Thompson, R.N., M.S. (6 August 1917 – 13 August 1992) was a nurse and professor at the Yale School of Public Health who co-invented the diagnosis-related groups (DRGs) that provided a basis for changing the system for hospital payment. The Yale School of Public Health currently awards an annual health management and policy research grant to top Graduate students in Public Health under the name, and recognition of, John D. Thompson.",TRUE,TRUE,,,
499,FN,John_D%2E_Thompson,label,,John D.Thompson,"John Devereaux Thompson, R.N., M.S. (6 August 1917 – 13 August 1992) was a nurse and professor at the Yale School of Public Health who co-invented the diagnosis-related groups (DRGs) that provided a basis for changing the system for hospital payment. The Yale School of Public Health currently awards an annual health management and policy research grant to top Graduate students in Public Health under the name, and recognition of, John D. Thompson.",FALSE,TRUE,,,
1049,FP_new,John_E%2E_Moore,birthName,John E.Moore,,"John E. Moore (born July 13, 1943) is an American politician. In 2002 he was elected on the Democratic Party ticket as the running mate of Governor Kathleen Sebelius; he assumed office as the 46th Lieutenant Governor of Kansas on January 13, 2003. In 2006, Moore chose not to seek re-election.",FALSE,TRUE,,,
1782,FP_new,John_Flavelle,birthYear,1863,,"John Flavelle (1863–1947) was a British tennis player with a long career. Flavelle was a medical doctor. He was married to fellow player Helen Reckitt. According to A. Wallis Myers, John Flavelle travelled all over the world playing and watching tennis (which was unusual in that era). Of Flavelle's style of play, A. Wallis Myers (in his book Lawn Tennis At Home and Abroad in 1903) said ""He is essentially a baseline player and, volleying only on the rarest of occasions and with a somewhat indifferent service, relies almost entirely on a low forehand drive on which he gets a lot of top."" At his first Wimbledon in 1895, Flavelle lost in the quarter finals to Ernest Meers. At Wimbledon 1898 he lost in the quarterfinals to Laurence Doherty, though he did win a set. Flavelle reached the Wimbledo",TRUE,TRUE,,,
556,FN,John_Flavelle,deathYear,,1947,"John Flavelle (1863–1947) was a British tennis player with a long career. Flavelle was a medical doctor. He was married to fellow player Helen Reckitt. According to A. Wallis Myers, John Flavelle travelled all over the world playing and watching tennis (which was unusual in that era). Of Flavelle's style of play, A. Wallis Myers (in his book Lawn Tennis At Home and Abroad in 1903) said ""He is essentially a baseline player and, volleying only on the rarest of occasions and with a somewhat indifferent service, relies almost entirely on a low forehand drive on which he gets a lot of top."" At his first Wimbledon in 1895, Flavelle lost in the quarter finals to Ernest Meers. At Wimbledon 1898 he lost in the quarterfinals to Laurence Doherty, though he did win a set. Flavelle reached the Wimbledo",TRUE,TRUE,,,
545,FN,John_Osbaldiston_Field,birthDate,,1913-10-30,"Sir John Osbaldiston Field KBE CMG (30 October 1913 – 1985) was the last Resident Commissioner of the Gilbert and Ellice Islands from 9 January 1970 and then, from 1 January 1972, the first Governor of this Crown Colony. Field was one of three children of Frank Osbaldiston Field of Gosport, Hampshire and Gertrude Caroline Perrin of Natal, South Africa. He was educated at Stellenbosch Boys School in South Africa and Magdalene College, Cambridge.",TRUE,TRUE,,,
546,FN,John_Osbaldiston_Field,birthYear,,1913,"Sir John Osbaldiston Field KBE CMG (30 October 1913 – 1985) was the last Resident Commissioner of the Gilbert and Ellice Islands from 9 January 1970 and then, from 1 January 1972, the first Governor of this Crown Colony. Field was one of three children of Frank Osbaldiston Field of Gosport, Hampshire and Gertrude Caroline Perrin of Natal, South Africa. He was educated at Stellenbosch Boys School in South Africa and Magdalene College, Cambridge.",TRUE,TRUE,,,
1770,FP_new,John_Osbaldiston_Field,deathDate,1985-01-01,,"Sir John Osbaldiston Field KBE CMG (30 October 1913 – 1985) was the last Resident Commissioner of the Gilbert and Ellice Islands from 9 January 1970 and then, from 1 January 1972, the first Governor of this Crown Colony. Field was one of three children of Frank Osbaldiston Field of Gosport, Hampshire and Gertrude Caroline Perrin of Natal, South Africa. He was educated at Stellenbosch Boys School in South Africa and Magdalene College, Cambridge.",FALSE,FALSE,AC,,
1771,FP_new,John_Osbaldiston_Field,deathYear,1985,,"Sir John Osbaldiston Field KBE CMG (30 October 1913 – 1985) was the last Resident Commissioner of the Gilbert and Ellice Islands from 9 January 1970 and then, from 1 January 1972, the first Governor of this Crown Colony. Field was one of three children of Frank Osbaldiston Field of Gosport, Hampshire and Gertrude Caroline Perrin of Natal, South Africa. He was educated at Stellenbosch Boys School in South Africa and Magdalene College, Cambridge.",TRUE,TRUE,,,
967,FP_new,John_Ousterhout,birthName,John Kenneth Ousterhout,,"John Kenneth Ousterhout (/ˈoʊstərhaʊt/, born October 15, 1954) is a professor of computer science at Stanford University. He founded Electric Cloud with John Graham-Cumming. Ousterhout was a professor of computer science at University of California, Berkeley where he created the Tcl scripting language and the Tk platform-independent widget toolkit, and proposed the idea of coscheduling. Ousterhout led the research group that designed the experimental Sprite operating system and the first log-structured file system.Ousterhout also led the team that developed the Magic VLSI computer-aided design (CAD) program.",TRUE,TRUE,,,
2238,FN,John_Powley,birthName,,John Albert Powley,"John Albert Powley (3 August 1936 – 16 October 2020) was a British Conservative Party politician. He was the Member of Parliament (MP) for Norwich South between 1983 and 1987 and served as the chairman of the Cambridgeshire County Council from 2011 to 2013. Powley also ran for MP for Harlow in 1979, but was beaten by Labour and Co-operative politician Stan Newens.",TRUE,TRUE,,,
1146,FN,John_Reily,birthYear,,1763,"John Reily (1763-1850) was a soldier in the American Revolution who later held a number of civic positions including helping draft the Ohio State Constitution. Reily Township in Butler County, Ohio is named for him.",TRUE,TRUE,,,
1147,FN,John_Reily,deathYear,,1850,"John Reily (1763-1850) was a soldier in the American Revolution who later held a number of civic positions including helping draft the Ohio State Constitution. Reily Township in Butler County, Ohio is named for him.",TRUE,TRUE,,,
1120,FP_new,Jonathan_Zittrain,birthName,Jonathan L.Zittrain,,"Jonathan L. Zittrain (born 24 December 1969) is an American professor of Internet law and the George Bemis Professor of International Law at Harvard Law School. He is also a professor at the Harvard Kennedy School, a professor of computer science at the Harvard School of Engineering and Applied Sciences, and co-founder and director of Harvard's Berkman Klein Center for Internet & Society. Previously, Zittrain was Professor of Internet Governance and Regulation at the Oxford Internet Institute of the University of Oxford and visiting professor at the New York University School of Law and Stanford Law School. He is the author of The Future of the Internet and How to Stop It as well as co-editor of the books, Access Denied (MIT Press, 2008), Access Controlled (MIT Press, 2010), and Access Con",FALSE,TRUE,,,
699,FP_new,Jorien_Wuite,birthName,Jorien Wuite,,"Jorien Wuite (pronounced [joːˈrin ˈʋœytə]; born 6 December 1964) is a Sint Maarten-Dutch civil servant, diplomat, and politician. Born in The Hague, she moved to Sint Maarten aged 32 to work in government. She rose to the position of Minister of Education, Culture, Youth and Sports and served as Minister Plenipotentiary of Sint Maarten in the period 2018–19. She moved back to the European part of the Netherlands due to her election to the House of Representatives in 2021 as a member of the social liberal party Democrats 66 (D66).",TRUE,TRUE,,,
300,FP_different,Jos%C3%A9_Carrete,label,José Carrete de Julián,José Carrete,José Carrete de Julián (born 5 April 1951) is a Spanish former football manager and player who played as a defender in La Liga in the 1970s and 1980s.,TRUE,FALSE,LCE,,
1279,FP_new,Jos%C3%A9_Coll_y_Cuch%C3%AD,birthName,José Coll y Cuchí,,"José Coll y Cuchí (January 12, 1877 – July 2, 1960) was a lawyer, writer and the founder of the Puerto Rican Nationalist Party. He was a member of a Puerto Rican family of politicians, educators and writers.",TRUE,TRUE,,,
591,FP_new,Jos%C3%A9_Coll_y_Cuch%C3%AD,deathDate,1960-07-02,,"José Coll y Cuchí (January 12, 1877 – July 2, 1960) was a lawyer, writer and the founder of the Puerto Rican Nationalist Party. He was a member of a Puerto Rican family of politicians, educators and writers.",TRUE,TRUE,,,
592,FP_new,Jos%C3%A9_Coll_y_Cuch%C3%AD,deathYear,1960,,"José Coll y Cuchí (January 12, 1877 – July 2, 1960) was a lawyer, writer and the founder of the Puerto Rican Nationalist Party. He was a member of a Puerto Rican family of politicians, educators and writers.",TRUE,TRUE,,,
5239,FN,Jos%C3%A9_Vieira_Alvernaz,birthDate,,1898-02-05,"Dom José Vieira Alvernaz (Riberinha, 5 February 1898 - Angra do Heroísmo, 13 March 1986) was a Portuguese prelate, Bishop of Cochin, Archbishop of Goa and Daman, Patriarch of the East Indies and one of the prominent figures of the Portuguese presence in India during the 20th century.",TRUE,TRUE,,,
1077,FP_new,Jos%C3%A9_Vieira_Alvernaz,birthName,Dom José Vieira Alvernaz,,"Dom José Vieira Alvernaz (Riberinha, 5 February 1898 - Angra do Heroísmo, 13 March 1986) was a Portuguese prelate, Bishop of Cochin, Archbishop of Goa and Daman, Patriarch of the East Indies and one of the prominent figures of the Portuguese presence in India during the 20th century.",TRUE,FALSE,LCE,,
5240,FN,Jos%C3%A9_Vieira_Alvernaz,birthYear,,1898,"Dom José Vieira Alvernaz (Riberinha, 5 February 1898 - Angra do Heroísmo, 13 March 1986) was a Portuguese prelate, Bishop of Cochin, Archbishop of Goa and Daman, Patriarch of the East Indies and one of the prominent figures of the Portuguese presence in India during the 20th century.",TRUE,TRUE,,,
529,FN,Joseph_Halfpenny,birthName,,Joseph Halfpenny,Joseph Halfpenny (1748–1811) was an English draughtsman and engraver.,TRUE,TRUE,,,
3843,FN,Joseph_Halfpenny,birthYear,,1748,Joseph Halfpenny (1748–1811) was an English draughtsman and engraver.,TRUE,TRUE,,,
3844,FN,Joseph_Halfpenny,deathYear,,1811,Joseph Halfpenny (1748–1811) was an English draughtsman and engraver.,TRUE,TRUE,,,
168,FN,Joseph-Aur%C3%A9lien_Cornet,deathDate,,2004-01-20,"Joseph-Aurélien Cornet FSC (born 20 May 1919 in Bièvre, died 20 January 2004 in Ciney, Belgium) was a Belgian-born Christian Brother, ethnologist and art historian who documented the art and culture of the Congolese region and people of the Congo in photographs, illustrated field notebooks, and language primers for nearly 30 years.",TRUE,TRUE,,,
169,FN,Joseph-Aur%C3%A9lien_Cornet,deathYear,,2004,"Joseph-Aurélien Cornet FSC (born 20 May 1919 in Bièvre, died 20 January 2004 in Ciney, Belgium) was a Belgian-born Christian Brother, ethnologist and art historian who documented the art and culture of the Congolese region and people of the Congo in photographs, illustrated field notebooks, and language primers for nearly 30 years.",TRUE,TRUE,,,
180,FN,Josh_Brindell-South,birthYear,,1992,Josh Brindell-South (born 1992) is an Australian footballer who plays as a left back for A-League club Brisbane Roar.,TRUE,TRUE,,,
51,FN,Joshua_Alabi,birthName,,Joshua Alabi,"Joshua Alabi (born 1 March 1958) is a Russian-trained Ghanaian academic and politician, who served as the first Vice-Chancellor of the University of Professional Studies, Accra (UPSA) from 2012 to 2016. He previously served as the Rector of the same institution from 2009 to 2012 and Pro-Rector from 2005 to 2008. In Ghanaian politics, Alabi was the National Democratic Congress (NDC) Member of Parliament for the Krowor Constituency in the Greater Accra from 1997 to 2001 and Minister of State for the Greater Accra and the Northern Regions respectively from 1997 to 2001.",TRUE,TRUE,,,
1055,FP_new,Joyce_Smith,birthName,Joyce Esther Smith,,"Joyce Esther Smith MBE (née Byatt, born 26 October 1937) is a British former long-distance runner. She broke the world record in the 3000 metres in 1971 and is a three-time medallist at the International/World Cross Country Championships, including winning in 1972. She went on to twice win the London Marathon, becoming the first British woman in history to run under 2:30 when winning in 1981 with 2:29:57, before further improving the British record to 2:29:43 when winning in 1982. She also competed in the 1500 metres at the 1972 Munich Olympics and finished 11th in the marathon at the 1984 Los Angeles Olympics, aged 46.",TRUE,TRUE,,,
2897,FP_new,Juan_Zevallos,label,Juan José Zevallos,,Juan José Zevallos Uriarte (born 7 July 1990) is a Peruvian footballer who plays as a full back. He currently plays for José Gálvez FBC.,TRUE,FALSE,LCE,,
3424,FP_new,Juan_Zevallos,label,Juan Zevallos,,Juan José Zevallos Uriarte (born 7 July 1990) is a Peruvian footballer who plays as a full back. He currently plays for José Gálvez FBC.,TRUE,TRUE,,,
3945,FP_new,Juan_Zevallos,label,Juan José Zevallos Uriarte,,Juan José Zevallos Uriarte (born 7 July 1990) is a Peruvian footballer who plays as a full back. He currently plays for José Gálvez FBC.,TRUE,FALSE,LCE,,
538,FP_new,Julia_Obermeier,birthDate,1984-09-07,,"Julia Obermeier (born Julia Bartz 7 September 1984) is a German politician (CSU). She was a member of the German parliament (Bundestag) from 2013 to 2017, and was a member of the assembly's defence committee. Since 2015 she has also been a member of the Parliamentary Assembly of the Council of Europe.",TRUE,TRUE,,,
537,FN,Julia_Obermeier,birthName,,Julia Bartz,"Julia Obermeier (born Julia Bartz 7 September 1984) is a German politician (CSU). She was a member of the German parliament (Bundestag) from 2013 to 2017, and was a member of the assembly's defence committee. Since 2015 she has also been a member of the Parliamentary Assembly of the Council of Europe.",TRUE,TRUE,,,
1725,FP_new,Juliet_Obanda_Makanga,birthName,Juliet Obanda,,"Juliet Obanda Makanga, (née Juliet Obanda), is a Kenyan pharmacologist, neuroscientist and medical researcher, who works as a Lecturer in Clinical Pharmacology, at the School of Pharmacy of Kenyatta University, in Kahawa, Nairobi.",TRUE,FALSE,WV,,
1726,FP_new,Juliet_Obanda_Makanga,birthYear,1929,,"Juliet Obanda Makanga, (née Juliet Obanda), is a Kenyan pharmacologist, neuroscientist and medical researcher, who works as a Lecturer in Clinical Pharmacology, at the School of Pharmacy of Kenyatta University, in Kahawa, Nairobi.",FALSE,FALSE ,FH,,
2766,FP_new,Juliet_Obanda_Makanga,birthYear,1901,,"Juliet Obanda Makanga, (née Juliet Obanda), is a Kenyan pharmacologist, neuroscientist and medical researcher, who works as a Lecturer in Clinical Pharmacology, at the School of Pharmacy of Kenyatta University, in Kahawa, Nairobi.",FALSE,FALSE ,FH,,
248,FP_new,Julija_Stepanenko,birthName,Julija Fedotova,,"Julija Stepanenko (Russian: Юлия Степаненко, romanized: Julija Stepanenko, Latvian: Jūlija Stepaņenko; born Julija Fedotova on 1 September 1977) is a Latvian politician and lawyer, serving as a deputy of the Saeima, the parliament of Latvia. Formerly a member of Honor to serve Riga and Law and Order, she is now a member of Latvia First, having left Law and Order in June 2021.",TRUE,TRUE,,,
868,FP_new,Julija_Stepanenko,birthName,Julija Stepanenko,,"Julija Stepanenko (Russian: Юлия Степаненко, romanized: Julija Stepanenko, Latvian: Jūlija Stepaņenko; born Julija Fedotova on 1 September 1977) is a Latvian politician and lawyer, serving as a deputy of the Saeima, the parliament of Latvia. Formerly a member of Honor to serve Riga and Law and Order, she is now a member of Latvia First, having left Law and Order in June 2021.",TRUE,FALSE,WV,,
442,FP_new,Justin_Cicatello,birthDate,1984-03-06,,"Justin Cicatello (born March 6, 1984) is a professional baseball pitcher, who is currently with Parma Baseball in the Italian Baseball League. He played amateur baseball at Kenmore West Senior High School, Florida State College at Jacksonville and the University of Pittsburgh. He was not selected by any Major League clubs so he signed with the Kalamazoo Kings of the Frontier League in 2007. In 2010, he joined the Italian Baseball League's Parma club after a brief period in Serie A2.",TRUE,TRUE,,,
443,FP_new,Justin_Cicatello,birthYear,1984,,"Justin Cicatello (born March 6, 1984) is a professional baseball pitcher, who is currently with Parma Baseball in the Italian Baseball League. He played amateur baseball at Kenmore West Senior High School, Florida State College at Jacksonville and the University of Pittsburgh. He was not selected by any Major League clubs so he signed with the Kalamazoo Kings of the Frontier League in 2007. In 2010, he joined the Italian Baseball League's Parma club after a brief period in Serie A2.",TRUE,TRUE,,,
1936,FN,K%2E_Griner,birthName,,Kerfoot Moses Griner,"Kerfoot Moses Griner (January 12, 1899 – January 18, 1963), known as K. Griner, was a politician in the state of Florida. He served in the Florida House of Representatives from 1951 to 1954 and 1939, as a Democrat, representing Dixie County.",TRUE,TRUE,,,
2455,FP_different,K%2E_Griner,birthName,K.Moses Griner,Kerfoot Moses Griner,"Kerfoot Moses Griner (January 12, 1899 – January 18, 1963), known as K. Griner, was a politician in the state of Florida. He served in the Florida House of Representatives from 1951 to 1954 and 1939, as a Democrat, representing Dixie County.",FALSE,FALSE,ICE,,
123,FN,K%2E_Griner,label,,K.Griner,"Kerfoot Moses Griner (January 12, 1899 – January 18, 1963), known as K. Griner, was a politician in the state of Florida. He served in the Florida House of Representatives from 1951 to 1954 and 1939, as a Democrat, representing Dixie County.",FALSE,TRUE,,,
585,FP_new,Kader_%C4%B0nal,birthDate,1998-02-01,,Kader İnal (born 1 February 1998) is a Turkish badminton player.,TRUE,TRUE,,,
586,FP_new,Kader_%C4%B0nal,birthYear,1998,,Kader İnal (born 1 February 1998) is a Turkish badminton player.,TRUE,TRUE,,,
608,FN,Kamlesh_Pattni,birthYear,,1965,Paul Kamlesh Pattni (also known as Brother Paul) (born 1965) is a Kenyan businessman and pastor. He was implicated in the 1990s Goldenberg scandal but was acquitted in 2013.,TRUE,TRUE,,,
2374,FP_different,Karen_Percy,label,Karen Percy Lowe,Karen Percy,"Karen Percy Lowe (born October 10, 1966) is a Canadian former alpine skier. She was born in Banff, Alberta. She won 2 bronze medals in skiing at the 1988 Calgary Winter Olympics, where she was Canada's flag bearer in the closing ceremony. Until her retirement from the National team in August 1990, she competed in 107 races on the World Cup circuit with 25-top 10 finishes, four World Championships including two Junior World Championships, and 7 consecutive Canadian National Championships from 1983 to 1989.",TRUE,FALSE,LCE,,
1206,FP_new,Karl_Diller,birthName,Karl Diller,,"Karl Diller (born 27 January 1941) is a German politician. Born in Kaiserslautern, Rhineland-Palatinate, he represents the SPD. Karl Diller has served as a member of the Bundestag from the state of Rhineland-Palatinate from 1987 until 2009.",TRUE,TRUE,,,
237,FP_new,Karl_Kriebel,birthDate,1888-02-26,,"Karl Kriebel (26 February 1888 – 28 November 1961) was a general in the Wehrmacht of Nazi Germany during World War II. He was a recipient of the Knight's Cross of the Iron Cross. At the beginning of World War II, Kriebel was appointed commander of 56th Infantry Division. Later, he commanded several other divisions. He also served as a deputy member on the ""Court of Military Honour,"" a drumhead court-martial that expelled many of the officers involved in the 20 July Plot from the Army before handing them over to the People's Court.",TRUE,TRUE,,,
239,FP_new,Karl_Kriebel,birthYear,1888,,"Karl Kriebel (26 February 1888 – 28 November 1961) was a general in the Wehrmacht of Nazi Germany during World War II. He was a recipient of the Knight's Cross of the Iron Cross. At the beginning of World War II, Kriebel was appointed commander of 56th Infantry Division. Later, he commanded several other divisions. He also served as a deputy member on the ""Court of Military Honour,"" a drumhead court-martial that expelled many of the officers involved in the 20 July Plot from the Army before handing them over to the People's Court.",TRUE,TRUE,,,
238,FP_new,Karl_Kriebel,deathDate,1961-11-28,,"Karl Kriebel (26 February 1888 – 28 November 1961) was a general in the Wehrmacht of Nazi Germany during World War II. He was a recipient of the Knight's Cross of the Iron Cross. At the beginning of World War II, Kriebel was appointed commander of 56th Infantry Division. Later, he commanded several other divisions. He also served as a deputy member on the ""Court of Military Honour,"" a drumhead court-martial that expelled many of the officers involved in the 20 July Plot from the Army before handing them over to the People's Court.",TRUE,TRUE,,,
240,FP_new,Karl_Kriebel,deathYear,1961,,"Karl Kriebel (26 February 1888 – 28 November 1961) was a general in the Wehrmacht of Nazi Germany during World War II. He was a recipient of the Knight's Cross of the Iron Cross. At the beginning of World War II, Kriebel was appointed commander of 56th Infantry Division. Later, he commanded several other divisions. He also served as a deputy member on the ""Court of Military Honour,"" a drumhead court-martial that expelled many of the officers involved in the 20 July Plot from the Army before handing them over to the People's Court.",TRUE,TRUE,,,
116,FP_new,Karl_Marthinsen,birthName,Karl Alfred Nicolai Marthinsen,,"Karl Alfred Nicolai Marthinsen (sometimes spelled Karl Martinsen) (25 October 1896, Karlsøy – 8 February 1945, Blindern) was the Norwegian commander of Statspolitiet and in Norway during the Nazi occupation during World War II.",TRUE,TRUE,,,
117,FP_new,Karl_Marthinsen,deathDate,1945-02-08,,"Karl Alfred Nicolai Marthinsen (sometimes spelled Karl Martinsen) (25 October 1896, Karlsøy – 8 February 1945, Blindern) was the Norwegian commander of Statspolitiet and in Norway during the Nazi occupation during World War II.",TRUE,TRUE,,,
118,FP_new,Karl_Marthinsen,deathYear,1945,,"Karl Alfred Nicolai Marthinsen (sometimes spelled Karl Martinsen) (25 October 1896, Karlsøy – 8 February 1945, Blindern) was the Norwegian commander of Statspolitiet and in Norway during the Nazi occupation during World War II.",TRUE,TRUE,,,
5076,FN,Karl_Reitz,birthDate,,1887-01-31,"Karl Reitz (31 January 1887 – 10 February 1943) was a German violist. From 1922 until his death, he was principal violist of the Prussian State Orchestra of the Berlin Royal Court Opera (now Staatskapelle Berlin). He was known as violist in notable string quartets such as the Busch Quartet and the Deman String Quartet, regarded as one of the most renowned chamber music players of his time.",TRUE,TRUE,,,
5078,FN,Karl_Reitz,birthYear,,1887,"Karl Reitz (31 January 1887 – 10 February 1943) was a German violist. From 1922 until his death, he was principal violist of the Prussian State Orchestra of the Berlin Royal Court Opera (now Staatskapelle Berlin). He was known as violist in notable string quartets such as the Busch Quartet and the Deman String Quartet, regarded as one of the most renowned chamber music players of his time.",TRUE,TRUE,,,
5077,FN,Karl_Reitz,deathDate,,1943-02-10,"Karl Reitz (31 January 1887 – 10 February 1943) was a German violist. From 1922 until his death, he was principal violist of the Prussian State Orchestra of the Berlin Royal Court Opera (now Staatskapelle Berlin). He was known as violist in notable string quartets such as the Busch Quartet and the Deman String Quartet, regarded as one of the most renowned chamber music players of his time.",TRUE,TRUE,,,
5079,FN,Karl_Reitz,deathYear,,1943,"Karl Reitz (31 January 1887 – 10 February 1943) was a German violist. From 1922 until his death, he was principal violist of the Prussian State Orchestra of the Berlin Royal Court Opera (now Staatskapelle Berlin). He was known as violist in notable string quartets such as the Busch Quartet and the Deman String Quartet, regarded as one of the most renowned chamber music players of his time.",TRUE,TRUE,,,
397,FN,Kay_Chorao,birthName,,Ann McKay Sproat,"Kay Chorao, born as Ann McKay Sproat on January 7, 1936, (some sources say 1937) in Elkhart, Indiana, is an American artist, illustrator and writer of children's books.",TRUE,TRUE,,,
971,FP_new,Kazuo_Komizu,birthName,Kazuo Komizu,,"Kazuo Komizu (小水 一男, Komizu Kazuo, born December 14, 1946) is a Japanese film director from Miyagi Prefecture, mainly focusing on violent sex and gore films.",TRUE,TRUE,,,
3674,FN,Kelly_Clinch,birthDate,,1983-12-15,"Kelly Clinch (born 15 December 1983) is an Australian rules footballer who played for the Fremantle Football Club in the AFL Women's competition. Clinch was drafted by Fremantle with their 15th selection and 116th overall in the 2016 AFL Women's draft. She made her debut in the thirteen point loss to Brisbane at Fremantle Oval in round two of the 2017 season. After her debut match, she played every match for the year to finish with six matches. She was delisted at the end of the 2017 season.",TRUE,TRUE,,,
3675,FN,Kelly_Clinch,birthYear,,1983,"Kelly Clinch (born 15 December 1983) is an Australian rules footballer who played for the Fremantle Football Club in the AFL Women's competition. Clinch was drafted by Fremantle with their 15th selection and 116th overall in the 2016 AFL Women's draft. She made her debut in the thirteen point loss to Brisbane at Fremantle Oval in round two of the 2017 season. After her debut match, she played every match for the year to finish with six matches. She was delisted at the end of the 2017 season.",TRUE,TRUE,,,
333,FP_new,Kelly_Haimona,birthDate,1986-07-30,,"Kelly Haimona (born 30 July 1986) is an Italian international rugby union player, who can play Fly Half, Centre and Fullback. He currently plays for Italian side Zebre in the Pro14 competition.",TRUE,TRUE,,,
334,FP_new,Kelly_Haimona,birthYear,1986,,"Kelly Haimona (born 30 July 1986) is an Italian international rugby union player, who can play Fly Half, Centre and Fullback. He currently plays for Italian side Zebre in the Pro14 competition.",TRUE,TRUE,,,
452,FP_new,Kelvin_Miranda,birthName,Kelvin Miranda,,"Kelvin Miranda (born 8 January 1999) is a Filipino actor, model and singer. Miranda is best known for his role as Mark Sta. Maria in the Netflix original film Dead Kids (2019) and the lead role in the GTV series The Lost Recipe (2021).",TRUE,TRUE,,,
194,FP_new,Ken_Pereira,label,Ken Pereira,,"Kenneth Pereira (born July 12, 1973 in Toronto, Ontario) is a field hockey midfielder from Canada. He was a member of the Canadian field hockey team at the Summer Olympics in 2000 and 2008. Pereira has also been on several Commonwealth Games and Pan American Games teams, winning two gold medals in the latter competition in 1999 and 2007. In the 1999 Pan American Games gold-medal match against Argentina, the only goal in Canada's win was posted by Pereira.",TRUE,TRUE,,,
1050,FP_new,Ken_Talbot,birthName,Norman Talbot,,"Ken Talbot (26 August 1950 – 19 June 2010) was an Australian mining executive, he was the principal shareholder and former CEO of the Macarthur Coal Ltd mining company. He was the only child of Norman and Nita Talbot (née McIntyre). Talbot temporarily stood down as the CEO of the Macarthur Group Companies when he became embroiled in a controversy involving loans to controversial Labor MP Gordon Nuttall, who was jailed for corruption in July 2009. At the time of his death, he was a shareholder in Western Australian mining company Sundance Resources.",FALSE,TRUE,,,
202,FP_new,Kendra_C%2E_Johnson,birthName,Kendra C.Johnson,,"Kendra C. Johnson (born December 26, 1976) is an American actress. She has 1 child. She is best known for her role as Linda Love-Harris in the sitcom Tyler Perry's Love Thy Neighbor.",FALSE,TRUE,,,
1148,FP_new,Kenneth_Leslie,birthName,Kenneth Leslie,,"Kenneth Leslie (1892–1974) was a Canadian poet and songwriter, and an influential political activist in the United States during the 1930s and 1940s. He was the founder and editor of The Protestant Digest (later The Protestant), which had a peak circulation of over 50,000 subscribers. A Christian socialist, he was given the nickname, ""God's Red Poet"".",TRUE,TRUE,,,
176,FP_new,Kiggen,alias,Lee Ki-won,,"Lee Ki-won (born March 13, 1979), better known by his stage name Kiggen, is a South Korean rapper, singer, lyricist, composer and record producer who is a former member of hip hop group Phantom and the president of the Brand New Music label Korean Roulette.",TRUE,FALSE,WV,,
177,FN,Kiggen,birthName,,Lee Ki-won,"Lee Ki-won (born March 13, 1979), better known by his stage name Kiggen, is a South Korean rapper, singer, lyricist, composer and record producer who is a former member of hip hop group Phantom and the president of the Brand New Music label Korean Roulette.",TRUE,TRUE,,,
1594,FP_new,Kill_Eagle,birthYear,1827,,"Kill Eagle, Waŋblí Kte (ca. 1827–1885) was a prominent leader of the Sihasapa (Blackfeet) band of Lakota people during the late nineteenth century.",TRUE,TRUE,,,
1595,FP_new,Kill_Eagle,deathYear,1885,,"Kill Eagle, Waŋblí Kte (ca. 1827–1885) was a prominent leader of the Sihasapa (Blackfeet) band of Lakota people during the late nineteenth century.",TRUE,TRUE,,,
784,FP_new,Kim_Saeng-min,birthName,Kim Saeng-min,,"Kim Saeng-min (born June 2, 1973) is a South Korean television presenter and comedian. He is well known for a presenter on the TV show Go! Video Travel, TV Animal Farm and Entertainment Weekly",TRUE,TRUE,,,
344,FP_different,Koby_Osei-Wusu,label,Koby Koby Osei-Wusu,Koby Osei-Wusu,"Christopher Koby Osei-Wusu (born December 26, 1995) is an Ghanaian-American professional soccer player who plays as an attacking midfielder for FC Malaga City in the Spanish División de Honor. He has previously played for Richmond Kickers and Orlando City B and played college soccer for the George Washington Colonials.",TRUE,FALSE,GLS,,
2111,FN,Koby_Osei-Wusu,label,,Koby Osei-Wusu,"Christopher Koby Osei-Wusu (born December 26, 1995) is an Ghanaian-American professional soccer player who plays as an attacking midfielder for FC Malaga City in the Spanish División de Honor. He has previously played for Richmond Kickers and Orlando City B and played college soccer for the George Washington Colonials.",TRUE,TRUE,,,
203,FP_new,Komatsuhime,birthDate,1573-03-27,,"Komatsuhime (小松姫) (1573 – March 27, 1620) was a female warrior (onna-musha) during late-Sengoku period and early Edo period. Born the daughter of Honda Tadakatsu, she was adopted by Tokugawa Ieyasu, before marrying Sanada Nobuyuki. She is described as having been very beautiful, highly intelligent and skillful in fighting.",FALSE,FALSE,AC,,
823,FP_new,Komatsuhime,birthDate,1573-03-03,,"Komatsuhime (小松姫) (1573 – March 27, 1620) was a female warrior (onna-musha) during late-Sengoku period and early Edo period. Born the daughter of Honda Tadakatsu, she was adopted by Tokugawa Ieyasu, before marrying Sanada Nobuyuki. She is described as having been very beautiful, highly intelligent and skillful in fighting.",FALSE,FALSE,AC,,
1475,FP_new,Komatsuhime,birthDate,1573-73-73,,"Komatsuhime (小松姫) (1573 – March 27, 1620) was a female warrior (onna-musha) during late-Sengoku period and early Edo period. Born the daughter of Honda Tadakatsu, she was adopted by Tokugawa Ieyasu, before marrying Sanada Nobuyuki. She is described as having been very beautiful, highly intelligent and skillful in fighting.",FALSE,FALSE,GLS,,
204,FP_new,Komatsuhime,birthYear,1573,,"Komatsuhime (小松姫) (1573 – March 27, 1620) was a female warrior (onna-musha) during late-Sengoku period and early Edo period. Born the daughter of Honda Tadakatsu, she was adopted by Tokugawa Ieyasu, before marrying Sanada Nobuyuki. She is described as having been very beautiful, highly intelligent and skillful in fighting.",TRUE,TRUE,,,
999,FP_new,Ky%C5%8Dko_Aizome,birthName,Kyōko Aizome,,"Kyōko Aizome (Japanese: 愛染 恭子, Hepburn: Aizome Kyōko, born February 9, 1958) is a Japanese erotic actress, singer, writer, and AV and film director. She has been called ""the first hard-core porn actress in Japan"".",TRUE,TRUE,,,
139,FP_new,Laura_Tohe,birthYear,1952,,"Laura Tohe (born 1952) is a Native American author and poet. She is poet laureate of the Navajo Nation for 2015–2019,and is a professor emerita of English at Arizona State University. Tohe was born in Fort Defiance, Arizona, the daughter of a Navajo code talker.She grew up speaking both Diné bizaad/Navajo language and English and was punished in school for speaking her native language due to assimilation. She earned a B.A. from the University of New Mexico in 1975, an M.A. from the University of Nebraska in 1985, and a Ph.D. from the University of Nebraska in 1993. She has been affiliated with Arizona State University since 1994.",TRUE,TRUE,,,
444,FP_new,Lawrence_Hazard,birthDate,1897-05-12,,"Lawrence Hazard (May 12, 1897 – April 1, 1959) was an American playwright and screenwriter active between 1933 and 1958. His career was cut short when he died at age 61 in 1959. His films include Man's Castle (1933) directed by Frank Borzage and starring Spencer Tracy and Loretta Young; Mannequin (1937) directed by Borzage and starring Joan Crawford and Spencer Tracy; Strange Cargo (1940) directed by Borzage and starring Clark Gable and Joan Crawford; The Spoilers (1942) starring Marlene Dietrich and John Wayne; Jackass Mail (1942) starring Wallace Beery; Dakota (1945) starring John Wayne and Walter Brennan, and numerous other films as well as scripts for television anthologies in the 1950s.",TRUE,TRUE,,,
1109,FP_new,Lawrence_Hazard,birthName,Lawrence Hazard,,"Lawrence Hazard (May 12, 1897 – April 1, 1959) was an American playwright and screenwriter active between 1933 and 1958. His career was cut short when he died at age 61 in 1959. His films include Man's Castle (1933) directed by Frank Borzage and starring Spencer Tracy and Loretta Young; Mannequin (1937) directed by Borzage and starring Joan Crawford and Spencer Tracy; Strange Cargo (1940) directed by Borzage and starring Clark Gable and Joan Crawford; The Spoilers (1942) starring Marlene Dietrich and John Wayne; Jackass Mail (1942) starring Wallace Beery; Dakota (1945) starring John Wayne and Walter Brennan, and numerous other films as well as scripts for television anthologies in the 1950s.",TRUE,TRUE,,,
446,FP_new,Lawrence_Hazard,birthYear,1897,,"Lawrence Hazard (May 12, 1897 – April 1, 1959) was an American playwright and screenwriter active between 1933 and 1958. His career was cut short when he died at age 61 in 1959. His films include Man's Castle (1933) directed by Frank Borzage and starring Spencer Tracy and Loretta Young; Mannequin (1937) directed by Borzage and starring Joan Crawford and Spencer Tracy; Strange Cargo (1940) directed by Borzage and starring Clark Gable and Joan Crawford; The Spoilers (1942) starring Marlene Dietrich and John Wayne; Jackass Mail (1942) starring Wallace Beery; Dakota (1945) starring John Wayne and Walter Brennan, and numerous other films as well as scripts for television anthologies in the 1950s.",TRUE,TRUE,,,
445,FP_new,Lawrence_Hazard,deathDate,1959-04-01,,"Lawrence Hazard (May 12, 1897 – April 1, 1959) was an American playwright and screenwriter active between 1933 and 1958. His career was cut short when he died at age 61 in 1959. His films include Man's Castle (1933) directed by Frank Borzage and starring Spencer Tracy and Loretta Young; Mannequin (1937) directed by Borzage and starring Joan Crawford and Spencer Tracy; Strange Cargo (1940) directed by Borzage and starring Clark Gable and Joan Crawford; The Spoilers (1942) starring Marlene Dietrich and John Wayne; Jackass Mail (1942) starring Wallace Beery; Dakota (1945) starring John Wayne and Walter Brennan, and numerous other films as well as scripts for television anthologies in the 1950s.",TRUE,TRUE,,,
447,FP_new,Lawrence_Hazard,deathYear,1959,,"Lawrence Hazard (May 12, 1897 – April 1, 1959) was an American playwright and screenwriter active between 1933 and 1958. His career was cut short when he died at age 61 in 1959. His films include Man's Castle (1933) directed by Frank Borzage and starring Spencer Tracy and Loretta Young; Mannequin (1937) directed by Borzage and starring Joan Crawford and Spencer Tracy; Strange Cargo (1940) directed by Borzage and starring Clark Gable and Joan Crawford; The Spoilers (1942) starring Marlene Dietrich and John Wayne; Jackass Mail (1942) starring Wallace Beery; Dakota (1945) starring John Wayne and Walter Brennan, and numerous other films as well as scripts for television anthologies in the 1950s.",TRUE,TRUE,,,
40,FP_new,Laylow,alias,Jeremy Larroux,,"Jeremy Larroux (born 1993), better known as Laylow is a French rapper from Toulouse. In 2018, Laylow released the EPs.RAW and RAW-Z. His debut album, Trinity, featuring collaborations with Lomepal, S.Pri Noir,, Wit. and Alpha Wann, was released on 28 February 2020. The album reached number 3 in the French Albums Charts. The follow up L'étrange histoire de Mr. Anderson peaked at number 1 with collaborations with Damso, Nekfeu, Hamza, Alpha Wann and Slowthai.",TRUE,FALSE,WV,,
41,FP_new,Laylow,birthYear,1993,,"Jeremy Larroux (born 1993), better known as Laylow is a French rapper from Toulouse. In 2018, Laylow released the EPs.RAW and RAW-Z. His debut album, Trinity, featuring collaborations with Lomepal, S.Pri Noir,, Wit. and Alpha Wann, was released on 28 February 2020. The album reached number 3 in the French Albums Charts. The follow up L'étrange histoire de Mr. Anderson peaked at number 1 with collaborations with Damso, Nekfeu, Hamza, Alpha Wann and Slowthai.",TRUE,TRUE,,,
424,FP_different,Len%C3%ADlson_Batista,label,Lenilson Batista de Jesús,Lenílson Batista,"Lenilson Batista de Jesús (born May 1, 1981 in Salvador), also known as Lenilson Batista de Souza, Lenilson Batista, or simply Lenílson, is a Brazilian left midfielder.",TRUE,FALSE,LCE,,
3225,FP_different,Len%C3%ADlson_Batista,label,Lenilson Batista,Lenílson Batista,"Lenilson Batista de Jesús (born May 1, 1981 in Salvador), also known as Lenilson Batista de Souza, Lenilson Batista, or simply Lenílson, is a Brazilian left midfielder.",TRUE,FALSE,TMI,,
416,FN,Leo_Heinrich_Skrbensky,birthName,,Czech Lev Jindřich Skrbenský,"Leo Heinrich Skrbensky (also birth name: Leo-Heinrich Skrbensky, Czech Lev Jindřich Skrbenský, born 23 April 1905 in Aussig; date of death unknown) was a Czechoslovak freethinker, editor and non-fiction author of the 20th century.",TRUE,TRUE,,,
1075,FP_different,Leo_Heinrich_Skrbensky,birthName,Leo Heinrich Skrbensky,Czech Lev Jindřich Skrbenský,"Leo Heinrich Skrbensky (also birth name: Leo-Heinrich Skrbensky, Czech Lev Jindřich Skrbenský, born 23 April 1905 in Aussig; date of death unknown) was a Czechoslovak freethinker, editor and non-fiction author of the 20th century.",TRUE,TRUE,,,
2165,FN,Leo_Heinrich_Skrbensky,label,,Leo Heinrich Skrbensky,"Leo Heinrich Skrbensky (also birth name: Leo-Heinrich Skrbensky, Czech Lev Jindřich Skrbenský, born 23 April 1905 in Aussig; date of death unknown) was a Czechoslovak freethinker, editor and non-fiction author of the 20th century.",TRUE,TRUE,,,
1960,FN,Leo_Postman,birthName,,Leo Joseph Postman,"Leo Joseph Postman (June 7, 1918 – April 22, 2004) was a Russian-born American psychologist known for his research on human memory.",TRUE,TRUE,,,
158,FP_new,Leo_Postman,deathDate,2004-04-22,,"Leo Joseph Postman (June 7, 1918 – April 22, 2004) was a Russian-born American psychologist known for his research on human memory.",TRUE,TRUE,,,
159,FP_new,Leo_Postman,deathYear,2004,,"Leo Joseph Postman (June 7, 1918 – April 22, 2004) was a Russian-born American psychologist known for his research on human memory.",TRUE,TRUE,,,
254,FN,Leonard_Fraser,alias,,The Rockhampton Rapist,"Leonard John Fraser (27 June 1951 – 1 January 2007), also known as The Rockhampton Rapist, was an Australian convicted serial killer.",TRUE,TRUE,,,
255,FP_new,Leonard_Fraser,birthName,Leonard John Fraser,,"Leonard John Fraser (27 June 1951 – 1 January 2007), also known as The Rockhampton Rapist, was an Australian convicted serial killer.",TRUE,TRUE,,,
48,FP_new,Leopold_Plotek,birthYear,1948,,"Leopold Plotek (born 1948), combines abstraction and figuration in large format paintings which take as their starting point his memories, his experience of architecture, objects and art (he mentions Picabia, Cubism and other sources as important), as well as his readings in art, history (often Soviet), and poetry of all periods. His references are elliptically treated however, as he develops ways of painting them according to his own recipe which varies, picture to picture. In this singular pictorial dynamic, each painting is basically a conception on its own, though a series of sorts can exist. As a result, certain of Plotek’s paintings prefigure the practice of many contemporary abstract painters and can be viewed, like them, as extending the range of abstraction.",TRUE,TRUE,,,
419,FP_new,Leslie_Gossage,birthDate,1891-02-03,,"Air Marshal Sir Ernest Leslie Gossage, KCB, CVO, DSO, MC (3 February 1891 – 8 July 1949) was an officer of the British Army and then of the Royal Air Force. He served as Air Officer Commanding-in-Chief at RAF Balloon Command from 1940 to 1944.",TRUE,TRUE,,,
418,FP_new,Leslie_Gossage,birthName,Ernest Leslie Gossage,,"Air Marshal Sir Ernest Leslie Gossage, KCB, CVO, DSO, MC (3 February 1891 – 8 July 1949) was an officer of the British Army and then of the Royal Air Force. He served as Air Officer Commanding-in-Chief at RAF Balloon Command from 1940 to 1944.",TRUE,TRUE,,,
421,FP_new,Leslie_Gossage,birthYear,1891,,"Air Marshal Sir Ernest Leslie Gossage, KCB, CVO, DSO, MC (3 February 1891 – 8 July 1949) was an officer of the British Army and then of the Royal Air Force. He served as Air Officer Commanding-in-Chief at RAF Balloon Command from 1940 to 1944.",TRUE,TRUE,,,
420,FP_new,Leslie_Gossage,deathDate,1949-07-08,,"Air Marshal Sir Ernest Leslie Gossage, KCB, CVO, DSO, MC (3 February 1891 – 8 July 1949) was an officer of the British Army and then of the Royal Air Force. He served as Air Officer Commanding-in-Chief at RAF Balloon Command from 1940 to 1944.",TRUE,TRUE,,,
422,FP_new,Leslie_Gossage,deathYear,1949,,"Air Marshal Sir Ernest Leslie Gossage, KCB, CVO, DSO, MC (3 February 1891 – 8 July 1949) was an officer of the British Army and then of the Royal Air Force. He served as Air Officer Commanding-in-Chief at RAF Balloon Command from 1940 to 1944.",TRUE,TRUE,,,
417,FN,Leslie_Gossage,label,,Leslie Gossage,"Air Marshal Sir Ernest Leslie Gossage, KCB, CVO, DSO, MC (3 February 1891 – 8 July 1949) was an officer of the British Army and then of the Royal Air Force. He served as Air Officer Commanding-in-Chief at RAF Balloon Command from 1940 to 1944.",TRUE,TRUE,,,
18,FP_new,Lincoln_Loy_McCandless,label,Lincoln Loy McCandless,,"Lincoln ""Link"" Loy McCandless (September 18, 1859 – October 5, 1940) was a United States cattle rancher, industrialist and politician for the Territory of Hawaii. McCandless served in the United States Congress as a territorial delegate. A former member of the Hawaii Republican Party, McCandless was one of the earliest leaders of the Hawaii Democratic Party.",TRUE,TRUE,,,
1313,FP_new,Lincoln_Loy_McCandless,label,Loy McCandless,,"Lincoln ""Link"" Loy McCandless (September 18, 1859 – October 5, 1940) was a United States cattle rancher, industrialist and politician for the Territory of Hawaii. McCandless served in the United States Congress as a territorial delegate. A former member of the Hawaii Republican Party, McCandless was one of the earliest leaders of the Hawaii Democratic Party.",TRUE,FALSE,ICE,,
1842,FP_new,Lincoln_Loy_McCandless,label,Lincoln McCandless,,"Lincoln ""Link"" Loy McCandless (September 18, 1859 – October 5, 1940) was a United States cattle rancher, industrialist and politician for the Territory of Hawaii. McCandless served in the United States Congress as a territorial delegate. A former member of the Hawaii Republican Party, McCandless was one of the earliest leaders of the Hawaii Democratic Party.",TRUE,FALSE,ICE,,
2362,FP_new,Lincoln_Loy_McCandless,label,Lincoln,,"Lincoln ""Link"" Loy McCandless (September 18, 1859 – October 5, 1940) was a United States cattle rancher, industrialist and politician for the Territory of Hawaii. McCandless served in the United States Congress as a territorial delegate. A former member of the Hawaii Republican Party, McCandless was one of the earliest leaders of the Hawaii Democratic Party.",TRUE,FALSE,ICE,,
568,FP_new,Liu_Yunfeng,birthDate,1979-08-03,,"Liu Yunfeng (simplified Chinese: 刘云峰; traditional Chinese: 劉云峰; pinyin: Liú Yúnfēng; born August 3, 1979 in Suihua, Heilongjiang) is a male Chinese race walker. In 2001 he received a two-year suspension for doping.",TRUE,TRUE,,,
569,FP_new,Liu_Yunfeng,birthYear,1979,,"Liu Yunfeng (simplified Chinese: 刘云峰; traditional Chinese: 劉云峰; pinyin: Liú Yúnfēng; born August 3, 1979 in Suihua, Heilongjiang) is a male Chinese race walker. In 2001 he received a two-year suspension for doping.",TRUE,TRUE,,,
1836,FN,Lloyd_Crouse,birthName,,Lloyd Roseville Crouse,"Lloyd Roseville Crouse PC ONS (November 19, 1918 – April 28, 2007) was a Canadian businessman, politician and the 28th Lieutenant Governor of Nova Scotia.",TRUE,TRUE,,,
479,FN,Lor_Tok,birthName,,Sawong Supsamruay,"Lor Tok (Thai: ล้อต๊อก, real name Sawong Supsamruay Thai: สวง ทรัพย์สำรวย, April 1, 1914 – April 29, 2002) was a Thai comedian and actor. He was named a Thailand National Artist for performing arts in 1995. With an acting career that stretched from the 1930s into the 1980s, Lor Tok had roles in more than 1,000 films, among them Ngern, Ngern, Ngern (Money, Money, Money, 1983 version), for which he received an award for best actor at the Thailand National Film Association Awards.",TRUE,TRUE,,,
887,FP_new,Loras_Thomas_Lane,birthName,Loras Thomas Lane,,"Loras Thomas Lane (October 19, 1910 – July 22, 1968), was an American prelate of the Roman Catholic Church. He served as an auxiliary bishop of the Archdiocese of Dubuque in Iowa from 1951 to 1956 and as bishop of the Diocese of Rockford in Illinois from 1956 until his death in 1968.",TRUE,TRUE,,,
484,FP_new,Lorenzo_Camerano,birthDate,1856-04-09,,"Lorenzo Camerano (9 April 1856 Biella – 22 November 1917 Turin) was an Italian herpetologist and entomologist. Born in Biella in 1856 he studied in Bologna and Torino, where he settled in order to take, between 1871 and 1873, a painting course held by Fontanesi at the local Art Academy.Camerano worked as a painter for the Turin Zoology Museum, then directed by the great zoologist Michele Lessona.Fascinated by the strong personality of Lessona, he started a natural sciences course at the local university and graduated in 1878.After having held several positions as assistant he became professor in 1880 and attained a permanent tenure in Cagliari University.A little later he went back to Turin where he was assigned the chair of comparative anatomy, that he held till 1915.Camerano also was cha",TRUE,TRUE,,,
486,FP_new,Lorenzo_Camerano,birthYear,1856,,"Lorenzo Camerano (9 April 1856 Biella – 22 November 1917 Turin) was an Italian herpetologist and entomologist. Born in Biella in 1856 he studied in Bologna and Torino, where he settled in order to take, between 1871 and 1873, a painting course held by Fontanesi at the local Art Academy.Camerano worked as a painter for the Turin Zoology Museum, then directed by the great zoologist Michele Lessona.Fascinated by the strong personality of Lessona, he started a natural sciences course at the local university and graduated in 1878.After having held several positions as assistant he became professor in 1880 and attained a permanent tenure in Cagliari University.A little later he went back to Turin where he was assigned the chair of comparative anatomy, that he held till 1915.Camerano also was cha",TRUE,TRUE,,,
485,FP_new,Lorenzo_Camerano,deathDate,1917-11-22,,"Lorenzo Camerano (9 April 1856 Biella – 22 November 1917 Turin) was an Italian herpetologist and entomologist. Born in Biella in 1856 he studied in Bologna and Torino, where he settled in order to take, between 1871 and 1873, a painting course held by Fontanesi at the local Art Academy.Camerano worked as a painter for the Turin Zoology Museum, then directed by the great zoologist Michele Lessona.Fascinated by the strong personality of Lessona, he started a natural sciences course at the local university and graduated in 1878.After having held several positions as assistant he became professor in 1880 and attained a permanent tenure in Cagliari University.A little later he went back to Turin where he was assigned the chair of comparative anatomy, that he held till 1915.Camerano also was cha",TRUE,TRUE,,,
487,FP_new,Lorenzo_Camerano,deathYear,1917,,"Lorenzo Camerano (9 April 1856 Biella – 22 November 1917 Turin) was an Italian herpetologist and entomologist. Born in Biella in 1856 he studied in Bologna and Torino, where he settled in order to take, between 1871 and 1873, a painting course held by Fontanesi at the local Art Academy.Camerano worked as a painter for the Turin Zoology Museum, then directed by the great zoologist Michele Lessona.Fascinated by the strong personality of Lessona, he started a natural sciences course at the local university and graduated in 1878.After having held several positions as assistant he became professor in 1880 and attained a permanent tenure in Cagliari University.A little later he went back to Turin where he was assigned the chair of comparative anatomy, that he held till 1915.Camerano also was cha",TRUE,TRUE,,,
937,FP_new,Lotta_Nieminen,birthName,Lotta Nieminen,,"Lotta Nieminen (born February 1, 1986) is a Finnish illustrator and graphic designer based in New York City. She is known for creating children's books, as well designing digital interfaces, publications, packaging and furniture. She has designed content for companies like Facebook, Google, Volkswagen, Bulgari, Marimekko and Hermès.",TRUE,TRUE,,,
358,FP_new,Louis_Alexis_Desmichels,birthDate,1779-03-15,,"Louis Alexis Desmichels, born in Digne March 15, 1779, died in Paris in 1845, was a French soldier, an ordinary soldier of the French Revolution became general under the July Monarchy, known for his role in the conquest of Algeria and relations with Abd el-Kader (Treaty of 1834).",TRUE,TRUE,,,
359,FP_new,Louis_Alexis_Desmichels,birthYear,1779,,"Louis Alexis Desmichels, born in Digne March 15, 1779, died in Paris in 1845, was a French soldier, an ordinary soldier of the French Revolution became general under the July Monarchy, known for his role in the conquest of Algeria and relations with Abd el-Kader (Treaty of 1834).",TRUE,TRUE,,,
415,FP_new,Louis_Severance,birthName,Louis Henry Severance,,"Louis Henry Severance (August 1, 1838 – June 25, 1913) was an American oilman and philanthropist who was a founding member of the Standard Oil Trust, the first treasurer of Standard Oil, and a sulfur magnate.",TRUE,TRUE,,,
197,FN,Louren%C3%A7o_Ortig%C3%A3o,birthName,,Lourenço Osório de Aragão Ortigão Pinto,"Lourenço Osório de Aragão Ortigão Pinto, known as Lourenço Ortigão (born August 9, 1989), is a Portuguese actor.",TRUE,TRUE,,,
818,FP_different,Louren%C3%A7o_Ortig%C3%A3o,birthName,Lourenço Ortigão,Lourenço Osório de Aragão Ortigão Pinto,"Lourenço Osório de Aragão Ortigão Pinto, known as Lourenço Ortigão (born August 9, 1989), is a Portuguese actor.",TRUE,FALSE,ICE,,
1468,FP_different,Louren%C3%A7o_Ortig%C3%A3o,birthName,Lourenço Osório de Aragão Ortigão,Lourenço Osório de Aragão Ortigão Pinto,"Lourenço Osório de Aragão Ortigão Pinto, known as Lourenço Ortigão (born August 9, 1989), is a Portuguese actor.",TRUE,FALSE,ICE,,
196,FP_different,Louren%C3%A7o_Ortig%C3%A3o,label,Lourenço Osório de Aragão Ortigão,Lourenço Ortigão,"Lourenço Osório de Aragão Ortigão Pinto, known as Lourenço Ortigão (born August 9, 1989), is a Portuguese actor.",TRUE,FALSE,LCE,,
1467,FN,Louren%C3%A7o_Ortig%C3%A3o,label,,Lourenço Ortigão,"Lourenço Osório de Aragão Ortigão Pinto, known as Lourenço Ortigão (born August 9, 1989), is a Portuguese actor.",TRUE,TRUE,,,
513,FP_new,Lucas_Friedrich_Julius_Dominikus_von_Heyden,birthDate,1838-05-22,,"Lucas Friedrich Julius Dominikus von Heyden (22 May 1838, Frankfurt – 13 September 1915, Frankfurt) was a German entomologist specialising in beetles (Coleoptera). He wrote with Edmund Reitter and Julius Weise Catalogus coleopterorum Europae, Caucasi et Armeniae rossicae. Edn 2. Berlin, Paskau, Caen (1902). He also worked with his father Carl von Heyden on fossil insects.",TRUE,TRUE,,,
515,FP_new,Lucas_Friedrich_Julius_Dominikus_von_Heyden,birthYear,1838,,"Lucas Friedrich Julius Dominikus von Heyden (22 May 1838, Frankfurt – 13 September 1915, Frankfurt) was a German entomologist specialising in beetles (Coleoptera). He wrote with Edmund Reitter and Julius Weise Catalogus coleopterorum Europae, Caucasi et Armeniae rossicae. Edn 2. Berlin, Paskau, Caen (1902). He also worked with his father Carl von Heyden on fossil insects.",TRUE,TRUE,,,
514,FP_new,Lucas_Friedrich_Julius_Dominikus_von_Heyden,deathDate,1915-09-13,,"Lucas Friedrich Julius Dominikus von Heyden (22 May 1838, Frankfurt – 13 September 1915, Frankfurt) was a German entomologist specialising in beetles (Coleoptera). He wrote with Edmund Reitter and Julius Weise Catalogus coleopterorum Europae, Caucasi et Armeniae rossicae. Edn 2. Berlin, Paskau, Caen (1902). He also worked with his father Carl von Heyden on fossil insects.",TRUE,TRUE,,,
516,FP_new,Lucas_Friedrich_Julius_Dominikus_von_Heyden,deathYear,1915,,"Lucas Friedrich Julius Dominikus von Heyden (22 May 1838, Frankfurt – 13 September 1915, Frankfurt) was a German entomologist specialising in beetles (Coleoptera). He wrote with Edmund Reitter and Julius Weise Catalogus coleopterorum Europae, Caucasi et Armeniae rossicae. Edn 2. Berlin, Paskau, Caen (1902). He also worked with his father Carl von Heyden on fossil insects.",TRUE,TRUE,,,
3827,FN,Lucas_Friedrich_Julius_Dominikus_von_Heyden,label,,Lucas Friedrich Julius Dominikus von Heyden,"Lucas Friedrich Julius Dominikus von Heyden (22 May 1838, Frankfurt – 13 September 1915, Frankfurt) was a German entomologist specialising in beetles (Coleoptera). He wrote with Edmund Reitter and Julius Weise Catalogus coleopterorum Europae, Caucasi et Armeniae rossicae. Edn 2. Berlin, Paskau, Caen (1902). He also worked with his father Carl von Heyden on fossil insects.",TRUE,TRUE,,,
8,FP_new,Lucius_Varius_Rufus,birthYear,74,,"Lucius Varius Rufus (/ˈvɛəriəs, ˈvær-/; c. 74 – 14 BC) was a Roman poet of the early Augustan age. He was a friend of Virgil, after whose death he and Plotius Tucca prepared the Aeneid for publication, and of Horace, for whom he and Virgil obtained an introduction to Maecenas. Horace spoke of him as a master of epic and the only poet capable of celebrating the achievements of Vipsanius Agrippa (Odes, i.6); Virgil (under the name of Lycidas, Ecl. ix.35) regretted that he had hitherto produced nothing comparable to the work of Varius or Helvius Cinna.",TRUE,FALSE,ICE,X,
2872,FP_new,Lucius_Varius_Rufus,birthYear,1774,,"Lucius Varius Rufus (/ˈvɛəriəs, ˈvær-/; c. 74 – 14 BC) was a Roman poet of the early Augustan age. He was a friend of Virgil, after whose death he and Plotius Tucca prepared the Aeneid for publication, and of Horace, for whom he and Virgil obtained an introduction to Maecenas. Horace spoke of him as a master of epic and the only poet capable of celebrating the achievements of Vipsanius Agrippa (Odes, i.6); Virgil (under the name of Lycidas, Ecl. ix.35) regretted that he had hitherto produced nothing comparable to the work of Varius or Helvius Cinna.",FALSE,FALSE,MPV,X,
4421,FP_new,Lucius_Varius_Rufus,birthYear,1874,,"Lucius Varius Rufus (/ˈvɛəriəs, ˈvær-/; c. 74 – 14 BC) was a Roman poet of the early Augustan age. He was a friend of Virgil, after whose death he and Plotius Tucca prepared the Aeneid for publication, and of Horace, for whom he and Virgil obtained an introduction to Maecenas. Horace spoke of him as a master of epic and the only poet capable of celebrating the achievements of Vipsanius Agrippa (Odes, i.6); Virgil (under the name of Lycidas, Ecl. ix.35) regretted that he had hitherto produced nothing comparable to the work of Varius or Helvius Cinna.",FALSE,FALSE,AC,X,
9,FP_new,Lucius_Varius_Rufus,deathYear,14 BC,,"Lucius Varius Rufus (/ˈvɛəriəs, ˈvær-/; c. 74 – 14 BC) was a Roman poet of the early Augustan age. He was a friend of Virgil, after whose death he and Plotius Tucca prepared the Aeneid for publication, and of Horace, for whom he and Virgil obtained an introduction to Maecenas. Horace spoke of him as a master of epic and the only poet capable of celebrating the achievements of Vipsanius Agrippa (Odes, i.6); Virgil (under the name of Lycidas, Ecl. ix.35) regretted that he had hitherto produced nothing comparable to the work of Varius or Helvius Cinna.",TRUE,FALSE,TMI,X,mix of true
4422,FP_new,Lucius_Varius_Rufus,deathYear,1400,,"Lucius Varius Rufus (/ˈvɛəriəs, ˈvær-/; c. 74 – 14 BC) was a Roman poet of the early Augustan age. He was a friend of Virgil, after whose death he and Plotius Tucca prepared the Aeneid for publication, and of Horace, for whom he and Virgil obtained an introduction to Maecenas. Horace spoke of him as a master of epic and the only poet capable of celebrating the achievements of Vipsanius Agrippa (Odes, i.6); Virgil (under the name of Lycidas, Ecl. ix.35) regretted that he had hitherto produced nothing comparable to the work of Varius or Helvius Cinna.",FALSE,FALSE,AC,,
1768,FP_new,Ludmilla_Dudarova,birthName,Ludmilla Dudarova,,Ludmilla Dudarova was a Turkish-born Romanian film actress known for her work in Italy.,TRUE,TRUE,,,
2280,FP_new,Ludmilla_Dudarova,birthYear,1942,,Ludmilla Dudarova was a Turkish-born Romanian film actress known for her work in Italy.,FALSE,FALSE,FH,,
4861,FP_new,Ludmilla_Dudarova,birthYear,1904,,Ludmilla Dudarova was a Turkish-born Romanian film actress known for her work in Italy.,FALSE,FALSE,FH,,
841,FP_new,Luigi_Vannucchi,birthName,Luigi Vannucchi,,"Luigi Vannucchi (25 November 1930 – 30 August 1978) was an Italian film, stage and television actor.",TRUE,TRUE,,,
2310,FN,Luis_Alberto_Lacalle,birthName,,Luis Alberto Lacalle de Herrera,"Luis Alberto Lacalle de Herrera (Spanish pronunciation: [ˈlwis alˈβeɾto laˈkaʝe ðe eˈreɾa]; Lacalle locally [laˈkaʒe] or [laˈkaʃe]; born 13 July 1941), is a Uruguayan politician and lawyer who served as President of Uruguay from 1990 to 1995.",TRUE,TRUE,,,
574,FP_different,Luis_Alberto_Lacalle,label,Luis Alberto Lacalle de Herrera,Luis Alberto Lacalle,"Luis Alberto Lacalle de Herrera (Spanish pronunciation: [ˈlwis alˈβeɾto laˈkaʝe ðe eˈreɾa]; Lacalle locally [laˈkaʒe] or [laˈkaʃe]; born 13 July 1941), is a Uruguayan politician and lawyer who served as President of Uruguay from 1990 to 1995.",TRUE,FALSE,ICE,,
3889,FN,Luis_Alberto_Lacalle,label,,Luis Alberto Lacalle,"Luis Alberto Lacalle de Herrera (Spanish pronunciation: [ˈlwis alˈβeɾto laˈkaʝe ðe eˈreɾa]; Lacalle locally [laˈkaʒe] or [laˈkaʃe]; born 13 July 1941), is a Uruguayan politician and lawyer who served as President of Uruguay from 1990 to 1995.",TRUE,TRUE,,,
396,FN,Luis_Torres_Nadal,birthName,,Luis Torres Nadal,"Luis Torres Nadal (4 July 1943 – 15 May 1986) was a Puerto Rican playwright, poet, educator, actor, choreographer, and theatrical director.",TRUE,TRUE,,,
913,FP_new,Lutz_G%C3%B6tz,birthName,Lutz Götz,,Lutz Götz (1891 – 1958) was a German stage and film actor.,TRUE,TRUE,,,
460,FP_new,Lyell_Fuller,birthDate,1996-10-22,,"Lyell Fuller, (born October 22, 1996 in Exeter) is a professional squash player who represents England. He reached a career-high world ranking of World No. 88 in March 2018.",TRUE,TRUE,,,
461,FP_new,Lyell_Fuller,birthYear,1996,,"Lyell Fuller, (born October 22, 1996 in Exeter) is a professional squash player who represents England. He reached a career-high world ranking of World No. 88 in March 2018.",TRUE,TRUE,,,
458,FP_new,Lynne_Frostick,birthName,Lynne Elizabeth Frostick,,"Lynne Elizabeth Frostick, CBE (born 2 February 1949) is a chartered British geographer and geologist. She was a Professor of Physical Geography at the University of Hull until 2014. Her research interests include sediment and flow dynamics in rivers and estuaries and the interdisciplinary problems associated with waste. The physical modelling facility she has developed at The Deep is part of the EU HYDRALAB project.",TRUE,TRUE,,,
94,FN,M%2E_Magendran,birthDate,,1963-12-06,"Datuk M. Magendran PJN DSPN JSM KMN AMS (Tamil: எம். மகேந்திரன்) born Magendran M. Munisamy on6 December 1963 in Kuala Lumpur, Malaysia) is the first Malaysian mountain climber to conquer the summit of Mount Everest. Magendran's party ascended the South Col on the southeast ridge. He stepped onto Everest's summit on 23 May 1997, at 11:55 a.m. local time. He was followed by N. Mohanadas (Mohanadas Nagappan), who reached the summit a few minutes later at 12:10 p.m. The two mountaineers were part of the first ""Malaysia-Everest Project 97"" jointly organised by the Malaysia Mountaineering Association and the Ministry of Youth and Sports of Malaysia. Also with their team of ten people was M. Moorthy (Moorthy Maniam), a Malaysian of Indian descent.",TRUE,TRUE,,,
93,FN,M%2E_Magendran,birthName,,Magendran M.Munisamy,"Datuk M. Magendran PJN DSPN JSM KMN AMS (Tamil: எம். மகேந்திரன்) born Magendran M. Munisamy on6 December 1963 in Kuala Lumpur, Malaysia) is the first Malaysian mountain climber to conquer the summit of Mount Everest. Magendran's party ascended the South Col on the southeast ridge. He stepped onto Everest's summit on 23 May 1997, at 11:55 a.m. local time. He was followed by N. Mohanadas (Mohanadas Nagappan), who reached the summit a few minutes later at 12:10 p.m. The two mountaineers were part of the first ""Malaysia-Everest Project 97"" jointly organised by the Malaysia Mountaineering Association and the Ministry of Youth and Sports of Malaysia. Also with their team of ten people was M. Moorthy (Moorthy Maniam), a Malaysian of Indian descent.",FALSE,TRUE,,,
95,FN,M%2E_Magendran,birthYear,,1963,"Datuk M. Magendran PJN DSPN JSM KMN AMS (Tamil: எம். மகேந்திரன்) born Magendran M. Munisamy on6 December 1963 in Kuala Lumpur, Malaysia) is the first Malaysian mountain climber to conquer the summit of Mount Everest. Magendran's party ascended the South Col on the southeast ridge. He stepped onto Everest's summit on 23 May 1997, at 11:55 a.m. local time. He was followed by N. Mohanadas (Mohanadas Nagappan), who reached the summit a few minutes later at 12:10 p.m. The two mountaineers were part of the first ""Malaysia-Everest Project 97"" jointly organised by the Malaysia Mountaineering Association and the Ministry of Youth and Sports of Malaysia. Also with their team of ten people was M. Moorthy (Moorthy Maniam), a Malaysian of Indian descent.",TRUE,TRUE,,,
549,FP_new,M%C3%A1rcia_Malsar,birthYear,1957,,"Márcia Malsar (born 1957 or 1958) is a retired Brazilian Paralympic sprinter. In 1984, she became the first Brazilian athlete ever to win a Paralympic gold medal. She won three more medals at the 1984 and 1988 Paralympics and competed in 1992. Malsar carried the Paralympic torch during the opening ceremony of the 2016 Paralympic Games in Rio de Janeiro.",TRUE,TRUE,,,
89,FP_different,Macarena_Perez_Grasset,label,Macarena Pérez Grasset,Macarena Perez Grasset,"Macarena Pérez Grasset (born 12 August 1996) is a Chilean Freestyle BMX cyclist. In 2017 she took second place in the VANS US OPEN on Huntington Beach and that same year she obtained two third places in the FISE WORLD CUP in Montpellier, France and then in Chengdu, China respectively.",TRUE,FALSE,TMI,,
582,FP_new,Mahmud_Pasha_Angelovi%C4%87,birthYear,1420,,"Mahmud Pasha Angelović (Serbian: Махмуд-паша Анђеловић/Mahmud-paša Anđelović; Turkish: Veli Mahmud Paşa; 1420–1474) was the Grand Vizier of the Ottoman Empire from 1456 to 1466 and again from 1472 to 1474, who also wrote Persian and Turkish poems under the pseudonym Adni (the ""Eden-like"").",TRUE,TRUE,,,
583,FP_new,Mahmud_Pasha_Angelovi%C4%87,deathYear,1474,,"Mahmud Pasha Angelović (Serbian: Махмуд-паша Анђеловић/Mahmud-paša Anđelović; Turkish: Veli Mahmud Paşa; 1420–1474) was the Grand Vizier of the Ottoman Empire from 1456 to 1466 and again from 1472 to 1474, who also wrote Persian and Turkish poems under the pseudonym Adni (the ""Eden-like"").",TRUE,TRUE,,,
3548,FN,Mair_Russell-Jones,birthDate,,1917-10-17,"Mair Russell-Jones, born Mair Eluned Thomas (17 October 1917 – 28 December 2013), was a graduate in Music and German from Cardiff University who during the Second World War worked as a civilian codebreaker for the Government Code and Cypher School at Bletchley Park. She worked in Hut 6, decrypting messages in Enigma machine cipher. Having signed the Official Secrets Act, she did not talk about her war work until 1998. Then, with the assistance and co-authorship of her son, Gethin Russell-Jones, she produced a memoir, My Secret Life in Hut Six (Lion Books, Oxford, 2014).",TRUE,TRUE,,,
187,FN,Mair_Russell-Jones,birthName,,Mair Eluned Thomas,"Mair Russell-Jones, born Mair Eluned Thomas (17 October 1917 – 28 December 2013), was a graduate in Music and German from Cardiff University who during the Second World War worked as a civilian codebreaker for the Government Code and Cypher School at Bletchley Park. She worked in Hut 6, decrypting messages in Enigma machine cipher. Having signed the Official Secrets Act, she did not talk about her war work until 1998. Then, with the assistance and co-authorship of her son, Gethin Russell-Jones, she produced a memoir, My Secret Life in Hut Six (Lion Books, Oxford, 2014).",TRUE,TRUE,,,
3550,FN,Mair_Russell-Jones,birthYear,,1917,"Mair Russell-Jones, born Mair Eluned Thomas (17 October 1917 – 28 December 2013), was a graduate in Music and German from Cardiff University who during the Second World War worked as a civilian codebreaker for the Government Code and Cypher School at Bletchley Park. She worked in Hut 6, decrypting messages in Enigma machine cipher. Having signed the Official Secrets Act, she did not talk about her war work until 1998. Then, with the assistance and co-authorship of her son, Gethin Russell-Jones, she produced a memoir, My Secret Life in Hut Six (Lion Books, Oxford, 2014).",TRUE,TRUE,,,
3549,FN,Mair_Russell-Jones,deathDate,,2013-12-28,"Mair Russell-Jones, born Mair Eluned Thomas (17 October 1917 – 28 December 2013), was a graduate in Music and German from Cardiff University who during the Second World War worked as a civilian codebreaker for the Government Code and Cypher School at Bletchley Park. She worked in Hut 6, decrypting messages in Enigma machine cipher. Having signed the Official Secrets Act, she did not talk about her war work until 1998. Then, with the assistance and co-authorship of her son, Gethin Russell-Jones, she produced a memoir, My Secret Life in Hut Six (Lion Books, Oxford, 2014).",TRUE,TRUE,,,
3551,FN,Mair_Russell-Jones,deathYear,,2013,"Mair Russell-Jones, born Mair Eluned Thomas (17 October 1917 – 28 December 2013), was a graduate in Music and German from Cardiff University who during the Second World War worked as a civilian codebreaker for the Government Code and Cypher School at Bletchley Park. She worked in Hut 6, decrypting messages in Enigma machine cipher. Having signed the Official Secrets Act, she did not talk about her war work until 1998. Then, with the assistance and co-authorship of her son, Gethin Russell-Jones, she produced a memoir, My Secret Life in Hut Six (Lion Books, Oxford, 2014).",TRUE,TRUE,,,
1565,FP_new,Mandy_Jiroux,birthName,Amanda Michelle Jiroux,,"Mandy Jiroux, born Amanda Michelle Jiroux, is an American singer, dancer, actor, choreographer, and DJ. She is known for co-developing The Miley and Mandy Show with Miley Cyrus, and for her dance tutorial YouTube channel.",TRUE,TRUE,,,
305,FN,Manouchka_Kelly_Labouba,birthName,,Manouchka Kelly Labouba,"Manouchka Kelly Labouba (Arabic: مانوشكا كيلي لابوبا), is a Gabonese filmmaker and screenwriter primarily direct short films. She has made several critically acclaimed short films including Marty et la tendre dame, Le guichet automatique and Le divorce. Apart from direction, she is also an academic, cinematographer, editor and camera operator.",TRUE,TRUE,,,
593,FN,Mao_Ichimichi,alias,,M·A·O,"Mao Ichimichi (市道 真央, Ichimichi Mao, born February 1, 1992) is a Japanese actress and voice actress. She started her career as a Japanese idol member of Horipro's HOP Club under the stage name Rio Minami (南 梨央, Minami Rio) and is a gravure idol. She started an extensive voice acting career under the stage name M・A・O.",TRUE,TRUE,,,
1283,FP_new,Mao_Ichimichi,birthName,Mao Ichimichi Mao,,"Mao Ichimichi (市道 真央, Ichimichi Mao, born February 1, 1992) is a Japanese actress and voice actress. She started her career as a Japanese idol member of Horipro's HOP Club under the stage name Rio Minami (南 梨央, Minami Rio) and is a gravure idol. She started an extensive voice acting career under the stage name M・A・O.",FALSE,FALSE,GLS,,
1149,FN,Marc_Spindler,birthDate,,1969-11-28,"Marc Spindler (born November 28, 1969) is a former American football player who was a defensive tackle and defensive end who played nine seasons in the National Football League. Since retiring from football, Spindler has worked for both WDFN and WXYT, two Detroit area sports talk radio stations. In 1986, Spindler was named USA Today High School Defensive Player of the Year. 
* v 
* t 
* e",TRUE,TRUE,,,
1150,FN,Marc_Spindler,birthYear,,1969,"Marc Spindler (born November 28, 1969) is a former American football player who was a defensive tackle and defensive end who played nine seasons in the National Football League. Since retiring from football, Spindler has worked for both WDFN and WXYT, two Detroit area sports talk radio stations. In 1986, Spindler was named USA Today High School Defensive Player of the Year. 
* v 
* t 
* e",TRUE,TRUE,,,
1483,FP_new,Marcus_Ewert,birthName,Mark Ewert,,"Marcus Ewert, previously known as Mark Ewert, is an American writer, actor and director, living in San Francisco. Ewert began making and appearing in films in the 1990s. He has appeared in the Gus Van Sant short film Four Naked Boys and a Gun, in Sadie Benning's Flat Is Beautiful, and the movie Frisk by Todd Verow. In 2008, the feature film The Lollipop Generation by G.B. Jones was released starring Mark Ewert in a lead role, alongside, Vaginal Davis, Calvin Johnson, Joel Gibb and Scott Treleaven.",TRUE,TRUE,,,
2007,FP_new,Marcus_Ewert,birthName,Marcus Ewert,,"Marcus Ewert, previously known as Mark Ewert, is an American writer, actor and director, living in San Francisco. Ewert began making and appearing in films in the 1990s. He has appeared in the Gus Van Sant short film Four Naked Boys and a Gun, in Sadie Benning's Flat Is Beautiful, and the movie Frisk by Todd Verow. In 2008, the feature film The Lollipop Generation by G.B. Jones was released starring Mark Ewert in a lead role, alongside, Vaginal Davis, Calvin Johnson, Joel Gibb and Scott Treleaven.",TRUE,FALSE,WV,,
154,FP_new,Maria_Kiene,birthDate,1889-04-08,,Maria Kiene (8 April 1889 - 28 September 1979) was a kindergarten teacher who became the head of child welfare with the German Caritas association. She founded or co-founded socially focused institutions within the Catholic Church and exercised a decisive influence on the church's approach to operating kindergartens and to child welfare more generally.,FALSE,TRUE,,,
155,FP_new,Maria_Kiene,deathDate,1979-09-28,,Maria Kiene (8 April 1889 - 28 September 1979) was a kindergarten teacher who became the head of child welfare with the German Caritas association. She founded or co-founded socially focused institutions within the Catholic Church and exercised a decisive influence on the church's approach to operating kindergartens and to child welfare more generally.,FALSE,TRUE,,,
468,FP_new,Mariano_Garchitorena,birthDate,1898-02-12,,"Mariano Garchitorena y Chereau (February 12, 1898 - October 1, 1961) was a Filipino politician of Spanish-French descent. Garchitorena was the son of Don Andres Garchitorena and a French lady, Margarite Chereau. He was married to Dona Caridad Pamintuan. He was the cousin of guerrilla Major Don Tomas T. Garchitorena and the brother of the actor Salvador A. Garchitorena, grandfather of Anjo Yllana, Jomari Yllana, and. He was also the uncle of Justice Francis E. Garchitorena, actor Andres Centenera and off T.V. Radio star in the 1960s, Andres Garchitorena, brother of Stellita of Hanawan, Camarines Sur.",FALSE,TRUE,,,
467,FN,Mariano_Garchitorena,birthName,,Mariano Garchitorena y Chereau,"Mariano Garchitorena y Chereau (February 12, 1898 - October 1, 1961) was a Filipino politician of Spanish-French descent. Garchitorena was the son of Don Andres Garchitorena and a French lady, Margarite Chereau. He was married to Dona Caridad Pamintuan. He was the cousin of guerrilla Major Don Tomas T. Garchitorena and the brother of the actor Salvador A. Garchitorena, grandfather of Anjo Yllana, Jomari Yllana, and. He was also the uncle of Justice Francis E. Garchitorena, actor Andres Centenera and off T.V. Radio star in the 1960s, Andres Garchitorena, brother of Stellita of Hanawan, Camarines Sur.",TRUE,TRUE,,,
1139,FP_different,Mariano_Garchitorena,birthName,Mariano Garchitorena,Mariano Garchitorena y Chereau,"Mariano Garchitorena y Chereau (February 12, 1898 - October 1, 1961) was a Filipino politician of Spanish-French descent. Garchitorena was the son of Don Andres Garchitorena and a French lady, Margarite Chereau. He was married to Dona Caridad Pamintuan. He was the cousin of guerrilla Major Don Tomas T. Garchitorena and the brother of the actor Salvador A. Garchitorena, grandfather of Anjo Yllana, Jomari Yllana, and. He was also the uncle of Justice Francis E. Garchitorena, actor Andres Centenera and off T.V. Radio star in the 1960s, Andres Garchitorena, brother of Stellita of Hanawan, Camarines Sur.",TRUE,FALSE,ICE,,
3780,FP_different,Mariano_Garchitorena,birthYear,1899,1898,"Mariano Garchitorena y Chereau (February 12, 1898 - October 1, 1961) was a Filipino politician of Spanish-French descent. Garchitorena was the son of Don Andres Garchitorena and a French lady, Margarite Chereau. He was married to Dona Caridad Pamintuan. He was the cousin of guerrilla Major Don Tomas T. Garchitorena and the brother of the actor Salvador A. Garchitorena, grandfather of Anjo Yllana, Jomari Yllana, and. He was also the uncle of Justice Francis E. Garchitorena, actor Andres Centenera and off T.V. Radio star in the 1960s, Andres Garchitorena, brother of Stellita of Hanawan, Camarines Sur.",FALSE,FALSE,FH,,
469,FP_new,Mariano_Garchitorena,deathDate,1961-10-01,,"Mariano Garchitorena y Chereau (February 12, 1898 - October 1, 1961) was a Filipino politician of Spanish-French descent. Garchitorena was the son of Don Andres Garchitorena and a French lady, Margarite Chereau. He was married to Dona Caridad Pamintuan. He was the cousin of guerrilla Major Don Tomas T. Garchitorena and the brother of the actor Salvador A. Garchitorena, grandfather of Anjo Yllana, Jomari Yllana, and. He was also the uncle of Justice Francis E. Garchitorena, actor Andres Centenera and off T.V. Radio star in the 1960s, Andres Garchitorena, brother of Stellita of Hanawan, Camarines Sur.",FALSE,TRUE,,,
2022,FN,Marina_Riofr%C3%ADo,birthName,,Marina Raquel Riofrío,"Marina Raquel Riofrío (born 30 May 1958) is an Argentine Justicialist Party politician. She was a member of the Argentine Senate representing San Juan Province in the majority block of the Front for Victory from 2005 to 2017. In 1999, Riofrío was elected as a councillor to the San Juan city council, serving until 2003 when she returned to the provincial government as Subsecretary of Development and Family Promotion. In 2005 she was elected to the Argentine Senate. She is a member of the Argentine delegation to the Latin American Parliament.",TRUE,TRUE,,,
5092,FP_new,Marina_Riofr%C3%ADo,label,Marina Raquel Riofrío,,"Marina Raquel Riofrío (born 30 May 1958) is an Argentine Justicialist Party politician. She was a member of the Argentine Senate representing San Juan Province in the majority block of the Front for Victory from 2005 to 2017. In 1999, Riofrío was elected as a councillor to the San Juan city council, serving until 2003 when she returned to the provincial government as Subsecretary of Development and Family Promotion. In 2005 she was elected to the Argentine Senate. She is a member of the Argentine delegation to the Latin American Parliament.",TRUE,FALSE,LCE,,
757,FP_new,Marios_Demetriades,birthName,Marios Demetriades,,"Marios Demetriades (Greek: Μάριος Δημητριάδης) (born 27 August 1971) is a Cypriot politician who was appointed Minister of Transport, Communications and Works in the Council of Ministers of Cyprus on 14 March 2014. He was born in Paphos and educated at the University of East Anglia graduating with a First Class BSc in Business, Finance and Economics in 1993. He subsequently held various positions at Piraeus Bank (Cyprus), and is a Non-Executive Director of FxPro.",TRUE,TRUE,,,
751,FP_new,Marissa_Whitley,birthName,Marissa Whitley,,"Marissa Whitley (born January 11, 1983) is a former Miss Teen USA, having won the 2001 title representing the state of Missouri. Born in Los Angeles, California, to an African-American father and European-American mother. The youngest of four, Marissa moved to Springfield, Missouri at age three after the premature death of her mother and was raised by her aunt while her older siblings were split among other family members. At age 5, Marissa's father was killed in a drive by shooting in Los Angeles before they had the chance to meet. She was the first titleholder from that state to win the national competition.",TRUE,TRUE,,,
371,FP_new,Mark_S%2E_Brewer,birthName,Mark Spencer Brewer,,"Mark Spencer Brewer (October 22, 1837 – March 18, 1901) was a politician from the U.S. state of Michigan.",TRUE,TRUE,,,
603,FN,Marque_Richardson,birthName,,Marque Richardson Jr.,"Marque Richardson Jr. (born October 23, 1985) is an American actor.",TRUE,TRUE,,,
602,FP_different,Marque_Richardson,label,Marque Richardson Jr.,Marque Richardson,"Marque Richardson Jr. (born October 23, 1985) is an American actor.",TRUE,FALSE,LCE,,
1180,FN,Mary_Akpobome,birthDate,,1968-07-11,"Mary Akpobome born Mary Udoh Bassey, July 11, 1968 to Ben Bassey Udoh, and Janet Bassey Udoh, Efa, Akwa Ibom, Nigeria is a director of Heritage Banking Company Limited of Nigeria (HBCL).",TRUE,TRUE,,,
498,FP_different,Mary_Akpobome,birthName,Ben Bassey Udoh,Mary Udoh Bassey,"Mary Akpobome born Mary Udoh Bassey, July 11, 1968 to Ben Bassey Udoh, and Janet Bassey Udoh, Efa, Akwa Ibom, Nigeria is a director of Heritage Banking Company Limited of Nigeria (HBCL).",TRUE,FALSE,WV,,
1179,FN,Mary_Akpobome,birthName,,Mary Udoh Bassey,"Mary Akpobome born Mary Udoh Bassey, July 11, 1968 to Ben Bassey Udoh, and Janet Bassey Udoh, Efa, Akwa Ibom, Nigeria is a director of Heritage Banking Company Limited of Nigeria (HBCL).",TRUE,TRUE,,,
5309,FP_different,Mary_Akpobome,birthName,Mary Akpobome,Mary Udoh Bassey,"Mary Akpobome born Mary Udoh Bassey, July 11, 1968 to Ben Bassey Udoh, and Janet Bassey Udoh, Efa, Akwa Ibom, Nigeria is a director of Heritage Banking Company Limited of Nigeria (HBCL).",TRUE,FALSE,WV,,
1181,FN,Mary_Akpobome,birthYear,,1968,"Mary Akpobome born Mary Udoh Bassey, July 11, 1968 to Ben Bassey Udoh, and Janet Bassey Udoh, Efa, Akwa Ibom, Nigeria is a director of Heritage Banking Company Limited of Nigeria (HBCL).",TRUE,TRUE,,,
573,FP_new,Mary_Ruwart,birthName,Mary J.Ruwart,,"Mary J. Ruwart (born October 16, 1949) is an American retired biomedical researcher and a libertarian speaker, writer, and activist. She was a leading candidate for the 2008 Libertarian Party presidential nomination and is the author of the book Healing Our World.",FALSE,TRUE,,,
188,FP_new,Marya_Ch%C3%A9liga-Loevy,birthDate,1854-01-02,,"Marya Chéliga-Loevy (or Maria Szeliga, 1854 – 2 January 1927) was a Polish author, playwright, feminist and pacifist. She was born in Poland but spent much of her life in France.",FALSE,FALSE,AC,,
3030,FP_new,Marya_Ch%C3%A9liga-Loevy,birthDate,1854-12-54,,"Marya Chéliga-Loevy (or Maria Szeliga, 1854 – 2 January 1927) was a Polish author, playwright, feminist and pacifist. She was born in Poland but spent much of her life in France.",FALSE,FALSE,AC,,
4067,FP_new,Marya_Ch%C3%A9liga-Loevy,birthDate,1854-01-54,,"Marya Chéliga-Loevy (or Maria Szeliga, 1854 – 2 January 1927) was a Polish author, playwright, feminist and pacifist. She was born in Poland but spent much of her life in France.",FALSE,FALSE,AC,,
806,FP_new,Marya_Ch%C3%A9liga-Loevy,birthName,Maria Szeliga,,"Marya Chéliga-Loevy (or Maria Szeliga, 1854 – 2 January 1927) was a Polish author, playwright, feminist and pacifist. She was born in Poland but spent much of her life in France.",TRUE,TRUE,,,
919,FP_new,Matt_Keeslar,birthName,Matthew Keeslar,,"Matthew Keeslar (born October 15, 1972) is an American retired actor and practicing PA-C (certified physician assistant). He is an instructor of urology at the Oregon Health & Science University's School of Medicine.",TRUE,TRUE,,,
292,FP_new,Matt_Keeslar,label,Matt Keeslar,,"Matthew Keeslar (born October 15, 1972) is an American retired actor and practicing PA-C (certified physician assistant). He is an instructor of urology at the Oregon Health & Science University's School of Medicine.",TRUE,TRUE,,,
1352,FP_new,Matt_Lennox,birthYear,1980,,"Matt Lennox (born 1980 in Orillia, Ontario) is a Canadian fiction writer, whose 2015 novel Knucklehead was a longlisted contender for the 2017 edition of Canada Reads. A film studies graduate of York University, he enlisted in the Canadian Army and served in Kandahar, Afghanistan. He then studied creative writing at the University of Guelph, and published his debut short story collection Men of Salt, Men of Earth in 2009. The book was a finalist for the ReLit Awards in the short fiction category in 2010.",TRUE,TRUE,,,
124,FP_new,Matthew_Yu_Chengcai,birthDate,1917-08-27,,"Matthew Yu Chengcai (Chinese: 郁成才; 27 August 1917 - 18 March 2006) was a Chinese Catholic who became the Bishop of Haimen in China over objections from the Holy See. He was a member of the 8th, 9th, 10th National Committee of the Chinese People's Political Consultative Conference.",FALSE,TRUE,,,
739,FN,Matthew_Yu_Chengcai,birthYear,,1917,"Matthew Yu Chengcai (Chinese: 郁成才; 27 August 1917 - 18 March 2006) was a Chinese Catholic who became the Bishop of Haimen in China over objections from the Holy See. He was a member of the 8th, 9th, 10th National Committee of the Chinese People's Political Consultative Conference.",TRUE,TRUE,,,
125,FP_new,Matthew_Yu_Chengcai,deathDate,2006-03-18,,"Matthew Yu Chengcai (Chinese: 郁成才; 27 August 1917 - 18 March 2006) was a Chinese Catholic who became the Bishop of Haimen in China over objections from the Holy See. He was a member of the 8th, 9th, 10th National Committee of the Chinese People's Political Consultative Conference.",FALSE,TRUE,,,
740,FN,Matthew_Yu_Chengcai,deathYear,,2006,"Matthew Yu Chengcai (Chinese: 郁成才; 27 August 1917 - 18 March 2006) was a Chinese Catholic who became the Bishop of Haimen in China over objections from the Holy See. He was a member of the 8th, 9th, 10th National Committee of the Chinese People's Political Consultative Conference.",TRUE,TRUE,,,
381,FN,Maxim_Martsinkevich,alias,,Tesak,"Maxim Sergeyevich Martsinkevich (Russian: Макси́м Серге́евич Марцинке́вич, 8 May 1984 – 16 September 2020), better known as Tesak (Russian for Cleaver, Hatchet, Hand Axe, Machete), was a Russian neo-Nazi activist, media personality, vlogger, and the leader and co-founder of the Restruct movement which manifested in post-Soviet countries. On 27 June 2017, the Babushkinsky district court of Moscow sentenced Martsinkevich to ten years in a strict regimen corrective labor colony for his involvement in attacks targeting synthetic cannabinoids dealers.",TRUE,TRUE,,,
382,FP_new,Maxim_Martsinkevich,birthName,Maxim Sergeyevich Martsinkevich,,"Maxim Sergeyevich Martsinkevich (Russian: Макси́м Серге́евич Марцинке́вич, 8 May 1984 – 16 September 2020), better known as Tesak (Russian for Cleaver, Hatchet, Hand Axe, Machete), was a Russian neo-Nazi activist, media personality, vlogger, and the leader and co-founder of the Restruct movement which manifested in post-Soviet countries. On 27 June 2017, the Babushkinsky district court of Moscow sentenced Martsinkevich to ten years in a strict regimen corrective labor colony for his involvement in attacks targeting synthetic cannabinoids dealers.",TRUE,TRUE,,,
405,FP_new,Mayu_Mukaida,label,Mayu Mukaida,,"Mayu Shidochi (土地 真優, Shidochi Mayu, née Mukaida (向田), born 22 June 1997 in Yokkaichi, Mie) is a Japanese freestyle wrestler. She won the gold medal in the 53 kg event at the 2020 Summer Olympics held in Tokyo, Japan.",TRUE,TRUE,,,
1061,FP_new,Mayu_Mukaida,label,Mayu Shidochi,,"Mayu Shidochi (土地 真優, Shidochi Mayu, née Mukaida (向田), born 22 June 1997 in Yokkaichi, Mie) is a Japanese freestyle wrestler. She won the gold medal in the 53 kg event at the 2020 Summer Olympics held in Tokyo, Japan.",TRUE,TRUE,,,
1157,FP_new,Mazengia_Demma,birthName,Mazengia Demma Soru,,"Mazengia Demma Soru (Ge'ez: ማዘንግያ ደማ ሶሩ; born July 26, 1970) is an Ethiopian businessman and investor. He has business interests in international trade and gemstone mining.",TRUE,TRUE,,,
97,FP_new,McLeod_Stewart,birthYear,1847,,"McLeod Stewart (1847–1926) was a Canadian lawyer and politician. Stewart was mayor of Ottawa, Ontario, Canada from 1887 to 1888. He was born in Ottawa in 1847, the son of William Stewart, who represented Bytown (Ottawa) in the Legislative Assembly of the Province of Canada from 1844 to 1847. The Stewart family owned some of the land south of Gladstone Avenue, which was then the southern limit for the city of Ottawa. The area was called Stewarton, and the family home was located on the current site of the Canadian Museum of Nature. McLeod Street in Ottawa is named after him.",TRUE,TRUE,,,
98,FP_new,McLeod_Stewart,deathYear,1926,,"McLeod Stewart (1847–1926) was a Canadian lawyer and politician. Stewart was mayor of Ottawa, Ontario, Canada from 1887 to 1888. He was born in Ottawa in 1847, the son of William Stewart, who represented Bytown (Ottawa) in the Legislative Assembly of the Province of Canada from 1844 to 1847. The Stewart family owned some of the land south of Gladstone Avenue, which was then the southern limit for the city of Ottawa. The area was called Stewarton, and the family home was located on the current site of the Canadian Museum of Nature. McLeod Street in Ottawa is named after him.",TRUE,TRUE,,,
311,FP_new,Michael_Barbaro,birthName,Michael Barbaro,,"Michael Barbaro (born October 12, 1979) is an American journalist and host of The New York Times news podcast, The Daily, one of the most popular podcasts in the United States.",TRUE,TRUE,,,
3555,FN,Mick_Gentleman,label,,Mick Gentleman,"Michael (Mick) David Gentleman (born 1 August 1955) is an Australian politician and is a member of the Australian Capital Territory Legislative Assembly representing the electorate of Brindabella for the Labor Party. He was first elected to the assembly in 2004, but lost his seat in the 2008 election. He was re-elected to the assembly at the 2012 election, 2016 election and 2020 election. Mick Gentleman has been a Minister in the ACT Government since 2014.",TRUE,TRUE,,,
1072,FP_new,Mike_He,birthName,Hè Jūnxiáng,,Mike He (also spelled Mike Ho; Chinese: 賀軍翔; pinyin: Hè Jūnxiáng; born 28 December 1983) is a Taiwanese actor who started his career as a model before switching to acting. He has been managed by HIM International Music since 2010.,TRUE,TRUE,,,
111,FP_new,Mike_Panopoulos,label,Mike Panopoulos,,"Michael Panopoulos (Greek: Μιχάλης Πανόπουλος; born 9 October 1976), also written Michalis Panopoulos, is a Greek Australian association football player. He has currently retired from playing, but now coaches the Altona City U12/U13 boys team and also the state of Victoria. Strong performances by Panopoulos for the Greek club led to a £750,000 transfer to Portsmouth F.C. in August 1999. Panopoulos spent three years at Portsmouth, but left the club the year before Portsmouth's promotion to the FA Premier League. Panopoulos played for the Greece under-21 national team.",TRUE,TRUE,,,
900,FP_new,Miles_McPherson,birthName,Miles Gregory McPherson,,"Miles Gregory McPherson (March 30, 1960 in Queens, New York) is the pastor of the Rock Church in San Diego, a motivational speaker, and a former NFL football player.",TRUE,TRUE,,,
1785,FP_new,Mimis_Papaioannou,label,Mimis Papaioannou,,"Dimitrios ""Mimis"" Papaioannou (Greek: Δημήτριος ""Μίμης"" Παπαϊωάννου; born 23 August 1942) is a Greek former international football player, who played as a forward, mostly for AEK Athens. His nickname was ""The Vlach"" (Greek: ""ο Βλάχος""), due to his origin. Papaioannou through his entire career, was never shown a red card, showing the prudence and integrity of his character. Papaioannou was considered to be the best Greek footballer of his generation and one of the best Greek footballers of all time, being awarded the best Greek footballer of the 20th Century by IFFHS. In 2021, the IFFHS also chose him in Greece's best XI of all time.",TRUE,TRUE,,,
456,FN,Minnie_Peterson,birthYear,,1897,"Minnie Peterson was born in 1897 in, Washington, U.S. to Swedish emigrant parents, Nels Nelson and Sofia Jönsdotter, who came to settle and pioneer land in Clallam County, Washington State. Nels emigrated from Linderöd, Kristianstad, Skåne, Sweden in 1888 and Sofia from,, Skåne, Sweden in 1895. The couple married in Seattle, Washington in 1895, two years before Minnie was born. In Minnie's published biography High Divide, she is described as a “tempered-steel character loved by some, admired by most and respected by all.”",TRUE,TRUE,,,
423,FN,Mira_Adanja_Polak,birthName,,Mira Adanja,"Mira Adanja Polak (Serbian Cyrillic: Мира Адања Полак; born 22 August 1942) is a Serbian journalist, producer, researcher, author and TV host. Her TV show You and Mira Adanja Polak is broadcast weekly on Radio Television Serbia. She has done a lot of exclusive interviews with people considered to be hard to reach or even unreachable, for example Muammar Gaddafi, Indira Gandhi, and Slobodan Milošević.",TRUE,FALSE,ICE,x,
1089,FP_different,Mira_Adanja_Polak,birthName,Mira Adanja Polak,Mira Adanja,"Mira Adanja Polak (Serbian Cyrillic: Мира Адања Полак; born 22 August 1942) is a Serbian journalist, producer, researcher, author and TV host. Her TV show You and Mira Adanja Polak is broadcast weekly on Radio Television Serbia. She has done a lot of exclusive interviews with people considered to be hard to reach or even unreachable, for example Muammar Gaddafi, Indira Gandhi, and Slobodan Milošević.",TRUE,TRUE,,x,
738,FP_new,Mirjana_Majurec,birthName,Mirjana Majurec,,Mirjana Majurec (23 August 1952 – 2 April 2022) was a Croatian actress.,TRUE,TRUE,,,
256,FN,Mohamed_Reda,label,,Mohamed Reda,"Mohamed Ali Anwar Reda (Arabic: محمد علي أنور رضا; born April 16, 1989 in Cairo), known as Mohamed Reda, is a professional squash player who represented Egypt. He reached a career-high world ranking of World No. 23 in October 2011.",TRUE,TRUE,,,
3477,FP_different,Mohammad_Qasim_Rasikh,label,Mohammad Rasikh,Mohammad Qasim Rasikh,Shiekh Mohammad Qasim Rasikh Turkmen (شیخ مولوی محمد قاسم راسخ ترکمن) is an Afghan Taliban leader and Hadith scholar. He is currently serving as Deputy Chief Justice of Supreme Court of the Islamic Emirate of Afghanistan alongside Sheikh Abdul Malik since 28 October 2021. He has also served as a member of the negotiation team in the Qatar office.,TRUE,FALSE,WV,,
295,FN,Mohammad_Sadeq_Rouhani,birthYear,,1926,"Grand Ayatollah Sayyid Muhammad-Sadiq Husayni Rohani (Persian: محمد صادق حسینی روحانی; b. 1926) is an Iranian Shia marja'. Rohani currently resides in Qom. He claims to have gained ijtihad from the grand Ayatollah Abu al-Qasim al-Khoei, at the age of 25. He announced his marja'iyya after the death of grand Ayatollah Hossein Borujerdi, at the age of 35. Rohani was one of the first senior clerics to be placed under house arrest under direct order from grand Ayatollah Ruhollah Khomeini just a few years after the Iranian revolution. Rohani remains a critic of the Iranian government today.",TRUE,TRUE,,,
294,FP_new,Mohammad_Sadeq_Rouhani,label,Mohammad Sadeq Rohani,,"Grand Ayatollah Sayyid Muhammad-Sadiq Husayni Rohani (Persian: محمد صادق حسینی روحانی; b. 1926) is an Iranian Shia marja'. Rohani currently resides in Qom. He claims to have gained ijtihad from the grand Ayatollah Abu al-Qasim al-Khoei, at the age of 25. He announced his marja'iyya after the death of grand Ayatollah Hossein Borujerdi, at the age of 35. Rohani was one of the first senior clerics to be placed under house arrest under direct order from grand Ayatollah Ruhollah Khomeini just a few years after the Iranian revolution. Rohani remains a critic of the Iranian government today.",TRUE,TRUE,,,
926,FP_new,Mohammad_Sadeq_Rouhani,label,Mohammad_Sadeq Rohani,,"Grand Ayatollah Sayyid Muhammad-Sadiq Husayni Rohani (Persian: محمد صادق حسینی روحانی; b. 1926) is an Iranian Shia marja'. Rohani currently resides in Qom. He claims to have gained ijtihad from the grand Ayatollah Abu al-Qasim al-Khoei, at the age of 25. He announced his marja'iyya after the death of grand Ayatollah Hossein Borujerdi, at the age of 35. Rohani was one of the first senior clerics to be placed under house arrest under direct order from grand Ayatollah Ruhollah Khomeini just a few years after the Iranian revolution. Rohani remains a critic of the Iranian government today.",TRUE,FALSE,TMI,,
2600,FP_new,Mohammad_Sadeq_Rouhani,label,Mohammad Sadeq_Rouhani,,"Grand Ayatollah Sayyid Muhammad-Sadiq Husayni Rohani (Persian: محمد صادق حسینی روحانی; b. 1926) is an Iranian Shia marja'. Rohani currently resides in Qom. He claims to have gained ijtihad from the grand Ayatollah Abu al-Qasim al-Khoei, at the age of 25. He announced his marja'iyya after the death of grand Ayatollah Hossein Borujerdi, at the age of 35. Rohani was one of the first senior clerics to be placed under house arrest under direct order from grand Ayatollah Ruhollah Khomeini just a few years after the Iranian revolution. Rohani remains a critic of the Iranian government today.",FALSE,FALSE,TMI,,
3123,FP_new,Mohammad_Sadeq_Rouhani,label,Mohammad Rohani,,"Grand Ayatollah Sayyid Muhammad-Sadiq Husayni Rohani (Persian: محمد صادق حسینی روحانی; b. 1926) is an Iranian Shia marja'. Rohani currently resides in Qom. He claims to have gained ijtihad from the grand Ayatollah Abu al-Qasim al-Khoei, at the age of 25. He announced his marja'iyya after the death of grand Ayatollah Hossein Borujerdi, at the age of 35. Rohani was one of the first senior clerics to be placed under house arrest under direct order from grand Ayatollah Ruhollah Khomeini just a few years after the Iranian revolution. Rohani remains a critic of the Iranian government today.",TRUE,FALSE,WV,,
71,FN,Moncho_Fern%C3%A1ndez,label,,Moncho Fernández,"Ramon Fernández Vidal, known as Moncho Fernández (born 19 September 1969 in Santiago de Compostela), is a Spanish basketball manager and the current coach of Monbus Obradoiro of the Liga ACB. He is nicknamed as The Alchemist.",TRUE,TRUE,,,
661,FP_new,Mortimer_Ewen,deathDate,1887-09-87,,"Mortimer Ewen (5 September 1816 – 1887) was an English cricketer. Ewen's batting and bowling styles are unknown. He was born at Lodsworth, Sussex. Ewen made his first-class debut for Sussex against Kent in 1839. He made five further first-class appearances for the county, the last of which came against the Marylebone Cricket Club in 1843. In his six first-class matches for Sussex, he scored 61 runs at an average of 6.77, with a high score of 23. With the ball, he took 3 wickets, though his bowling average and best figures are unknown due to incomplete records. He also made a single first-class appearance for Petworth in 1844 against the Marylebone Cricket Club at Petworth Park New Ground. He ended Petworth's first-innings unbeaten on 13, while in their second-innings he was dismissed for 7",FALSE,FALSE,AC,,
3447,FP_new,Mortimer_Ewen,deathDate,1887-09-18,,"Mortimer Ewen (5 September 1816 – 1887) was an English cricketer. Ewen's batting and bowling styles are unknown. He was born at Lodsworth, Sussex. Ewen made his first-class debut for Sussex against Kent in 1839. He made five further first-class appearances for the county, the last of which came against the Marylebone Cricket Club in 1843. In his six first-class matches for Sussex, he scored 61 runs at an average of 6.77, with a high score of 23. With the ball, he took 3 wickets, though his bowling average and best figures are unknown due to incomplete records. He also made a single first-class appearance for Petworth in 1844 against the Marylebone Cricket Club at Petworth Park New Ground. He ended Petworth's first-innings unbeaten on 13, while in their second-innings he was dismissed for 7",FALSE,FALSE,AC,,
4961,FP_new,Mortimer_Ewen,deathDate,1887-87-07,,"Mortimer Ewen (5 September 1816 – 1887) was an English cricketer. Ewen's batting and bowling styles are unknown. He was born at Lodsworth, Sussex. Ewen made his first-class debut for Sussex against Kent in 1839. He made five further first-class appearances for the county, the last of which came against the Marylebone Cricket Club in 1843. In his six first-class matches for Sussex, he scored 61 runs at an average of 6.77, with a high score of 23. With the ball, he took 3 wickets, though his bowling average and best figures are unknown due to incomplete records. He also made a single first-class appearance for Petworth in 1844 against the Marylebone Cricket Club at Petworth Park New Ground. He ended Petworth's first-innings unbeaten on 13, while in their second-innings he was dismissed for 7",FALSE,FALSE,AC,,
59,FP_new,Mortimer_Ewen,deathYear,1887,,"Mortimer Ewen (5 September 1816 – 1887) was an English cricketer. Ewen's batting and bowling styles are unknown. He was born at Lodsworth, Sussex. Ewen made his first-class debut for Sussex against Kent in 1839. He made five further first-class appearances for the county, the last of which came against the Marylebone Cricket Club in 1843. In his six first-class matches for Sussex, he scored 61 runs at an average of 6.77, with a high score of 23. With the ball, he took 3 wickets, though his bowling average and best figures are unknown due to incomplete records. He also made a single first-class appearance for Petworth in 1844 against the Marylebone Cricket Club at Petworth Park New Ground. He ended Petworth's first-innings unbeaten on 13, while in their second-innings he was dismissed for 7",TRUE,TRUE,,,
227,FP_new,Moses_G%2E_Farmer,birthName,Moses Gerrish Farmer,,"Moses Gerrish Farmer (February 9, 1820 – May 25, 1893) was an electrical engineer and inventor. Farmer was a member to the AIEE, later known as the IEEE.",TRUE,TRUE,,,
2537,FP_new,Moses_G%2E_Farmer,label,Moses Gerrish Farmer,,"Moses Gerrish Farmer (February 9, 1820 – May 25, 1893) was an electrical engineer and inventor. Farmer was a member to the AIEE, later known as the IEEE.",TRUE,FALSE,LCE,,
428,FP_new,Musa_ibn_Muhanna,deathYear,1341,,"Muzaffar ad-Din Musa ibn Muhanna (died November 1341) was the amir al-ʿarab (commander of the Bedouin tribes) in Syria and lord of Salamiyah and Palmyra under the Mamluks in 1335–November 1341. He was the chieftain of the Tayyid clan of Al Fadl, having succeeded his father Muhanna ibn Isa. Musa maintained close relations with Sultan an-Nasir Muhammad and cooperated with him during Muhanna's defection to the Mongol Ilkhanate and later during his own reign. In return for Musa's support and supply of noble Arabian horses, an-Nasir Muhammad granted substantial, high-income iqtaʿat (fiefs) in Syria.",TRUE,TRUE,,,
1917,FN,N%2E_Richard_Nash,birthName,,Nathan Richard Nusbaum,"Nathan Richard Nusbaum (June 8, 1913 – December 11, 2000), known as N. Richard Nash, was an American writer and dramatist best known for writing Broadway shows, including The Rainmaker.",TRUE,TRUE,,,
101,FN,N%2E_Richard_Nash,label,,N.Richard Nash,"Nathan Richard Nusbaum (June 8, 1913 – December 11, 2000), known as N. Richard Nash, was an American writer and dramatist best known for writing Broadway shows, including The Rainmaker.",TRUE,TRUE,,,
2959,FP_different,N%2E_Richard_Nash,label,N.Richard Nusbaum,N.Richard Nash,"Nathan Richard Nusbaum (June 8, 1913 – December 11, 2000), known as N. Richard Nash, was an American writer and dramatist best known for writing Broadway shows, including The Rainmaker.",TRUE,FALSE,WV,,
4001,FP_different,N%2E_Richard_Nash,label,Nathan Richard Nusbaum,N.Richard Nash,"Nathan Richard Nusbaum (June 8, 1913 – December 11, 2000), known as N. Richard Nash, was an American writer and dramatist best known for writing Broadway shows, including The Rainmaker.",TRUE,FALSE,LCE,,
1819,FP_new,Najia_Mehadji,birthYear,1950,,"Najia Mehadji (born in 1950) is an artist of Franco-Moroccan heritage who lives and works between Paris, France and Essaouira, Morocco.",TRUE,TRUE,,,
448,FP_new,Ngarohi_McGarvey-Black,birthDate,1996-05-20,,Ngarohi McGarvey-Black (born 20 May 1996) is a rugby union player from New Zealand.,TRUE,TRUE,,,
449,FP_new,Ngarohi_McGarvey-Black,birthYear,1996,,Ngarohi McGarvey-Black (born 20 May 1996) is a rugby union player from New Zealand.,TRUE,TRUE,,,
3503,FN,Nick_Cutulle,birthDate,,1942-10-10,"Nicholas Cutulle (October 10, 1942 – August 13, 2005) was an American football player and coach. He served as the head football coach at Western Connecticut State University from 1970 to 1971.",TRUE,TRUE,,,
3505,FN,Nick_Cutulle,birthYear,,1942,"Nicholas Cutulle (October 10, 1942 – August 13, 2005) was an American football player and coach. He served as the head football coach at Western Connecticut State University from 1970 to 1971.",TRUE,TRUE,,,
3504,FN,Nick_Cutulle,deathDate,,2005-08-13,"Nicholas Cutulle (October 10, 1942 – August 13, 2005) was an American football player and coach. He served as the head football coach at Western Connecticut State University from 1970 to 1971.",TRUE,TRUE,,,
3506,FN,Nick_Cutulle,deathYear,,2005,"Nicholas Cutulle (October 10, 1942 – August 13, 2005) was an American football player and coach. He served as the head football coach at Western Connecticut State University from 1970 to 1971.",TRUE,TRUE,,,
138,FP_new,Nick_Cutulle,label,Nick Cutulle,,"Nicholas Cutulle (October 10, 1942 – August 13, 2005) was an American football player and coach. He served as the head football coach at Western Connecticut State University from 1970 to 1971.",TRUE,TRUE,,,
5389,FP_new,Nicky_Southall,label,Nicky Southall,,"Leslie Nicholas Southall (born 28 January 1972), is an English former professional footballer, who was most recently first team coach at National League South side Dover Athletic. During his time in professional football Southall was a midfielder from 1991 to 2014 who competed in the top four tiers of English league football, notably in the Premier League for Bolton Wanderers. He has represented Hartlepool United, Grimsby Town, Gillingham, Norwich City and Nottingham Forest in the Football League as well as Dover Athletic and Whitstable Town in non-League football.",TRUE,TRUE,,,
1465,FP_new,Nicola_Guidi_di_Bagno,birthYear,1583,,"Nicola Guidi di Bagno or Nicolò Guidi di Bagno (Mantua, Italy, 1583) was a titular archbishop of Atenia, bishop of Senigallia, and a cardinal. He descended from a noble family. His brother Gianfrancesco Guidi di Bagno and his uncle Girolamo Colonna were also cardinals.",TRUE,TRUE,,,
330,FP_new,Nicolas_Baudin,birthName,Nicolas Thomas Baudin,,"Nicolas Thomas Baudin (French: [nikɔla bodɛ̃]; 17 February 1754 – 16 September 1803) was a French explorer, cartographer, naturalist and hydrographer.",TRUE,TRUE,,,
1076,FP_new,Nicolas_Hyeronimus,birthName,Nicolas Hyeronimus,,"Nicolas Hyeronimus (1 January 1808 – 27 June 1860) was a pioneering innkeeper, merchant, pastoralist and politician in colonial New South Wales, Australia. Born in Wallonia (a region of modern Belgium), Hyeronimus arrived in New South Wales in about 1840. In 1842, he established the Lion of Waterloo, the first inn at Montefiores, near present-day Wellington, in the central west of New South Wales. He later built the first house in Wellington, and established the Carriers Arms, the first inn at the present site of Dubbo, New South Wales.",TRUE,TRUE,,,
2,FP_new,Nikita_Kanani,label,Nikita Kanani,,"Nikita ""Nikki"" Kanani MBE (born 18 August 1980) is a general practitioner and the former chief clinical officer of the Bexley Clinical Commissioning Group. In 2018 she became the first woman to be appointed medical director of primary care at NHS England.",TRUE,TRUE,,,
805,FP_new,Nikolina_Brnjac,birthName,Nikolina Brnjac,,Nikolina Brnjac (born 11 July 1978) is a Croatian politician serving as Minister of Tourism and Sports since 2020. She is affiliated with the Croatian Democratic Union party.,TRUE,TRUE,,,
708,FP_new,Nina_Warken,birthName,Nina Warken,,Nina Warken (born 15 May 1979) is a German lawyer and politician of the Christian Democratic Union (CDU) who has been serving as a member of the Bundestag from the state of Baden-Württemberg since 2013.,TRUE,TRUE,,,
1088,FN,Norton_Mezvinsky,birthYear,,1932,"Norton Mezvinsky (born 1932) was an American historian, professor, and author. He is a Distinguished University Professor, Emeritus, Central Connecticut State University, and is the president of the International Council for Middle East Studies, an academic think tank in Washington, D. C. He has written numerous published books, articles, and book reviews that deal with various aspects of the Arab-Israeli conflict and Zionism.",TRUE,TRUE,,,
135,FP_new,Norwell_Roberts,birthName,Norwell Lionel Roberts,,"Norwell Lionel Roberts QPM (né Gumbs; born 23 October 1946) is a British former police constable—the first black police officer to join London's Metropolitan Police. He eventually rose to the rank of Detective Sergeant. During his career, he was considered to be the first black police officer in the United Kingdom, although it has since been discovered that he had been preceded by Metropolitan Police Superintendent Robert Branford and Constable John Kent in Carlisle, both in the 19th century.",TRUE,TRUE,,,
2924,FN,Nripendra_Narayan,birthDate,,1862-10-04,"Maharaja Nripendra Narayan (4 October 1862 – 18 September 1911) was the Maharaja of the princely state of Cooch Bihar, India, from 1863 to 1911.",TRUE,TRUE,,,
2925,FN,Nripendra_Narayan,birthYear,,1862,"Maharaja Nripendra Narayan (4 October 1862 – 18 September 1911) was the Maharaja of the princely state of Cooch Bihar, India, from 1863 to 1911.",TRUE,TRUE,,,
394,FP_new,Nuno_Lopes,birthName,Nuno Miguel Pereira Lopes,,"Nuno Miguel Pereira Lopes (born 6 May 1978) is a Portuguese actor and DJ. He's internationally known for his role in Saint George, the Portuguese entry for the Best Foreign Language Film at the 90th Academy Awards, and most recently for his role at Netflix TV series, White Lines as Duarte ""Boxer"" Silva.",TRUE,TRUE,,,
724,FP_new,Nurul_Majid_Mahmud_Humayun,birthName,Nurul Majid Mahmud Humayun,,"Nurul Majid Mahmud Humayun (born 16 December 1950) is a Bangladesh Awami League politician and the incumbent member of parliament from Narsingdi-4, the constituency encompasses Belabo and Manohardi upazilas. In January 2019, he has been selected as the Minister of Industries.",TRUE,TRUE,,,
590,FN,O%2E_James_Garden,birthName,,Olivier James Garden,"Olivier James Garden, CBE, FRCS, FRCP, FRSE (born 13 November 1953) is a British surgeon and academic. He holds the Regius Chair of Clinical Surgery at the University of Edinburgh and the president of the International Hepato-Pancreato-Biliary Association from 2012 to 2014. Garden performed Scotland's first liver transplant in Edinburgh in 1992 and founded the Scottish Liver Transplant Programme.",TRUE,TRUE,,,
589,FP_new,O%2E_James_Garden,label,Olivier James Garden,,"Olivier James Garden, CBE, FRCS, FRCP, FRSE (born 13 November 1953) is a British surgeon and academic. He holds the Regius Chair of Clinical Surgery at the University of Edinburgh and the president of the International Hepato-Pancreato-Biliary Association from 2012 to 2014. Garden performed Scotland's first liver transplant in Edinburgh in 1992 and founded the Scottish Liver Transplant Programme.",TRUE,TRUE,,,
3379,FP_new,O%2E_James_Garden,label,O Olivier James Garden,,"Olivier James Garden, CBE, FRCS, FRCP, FRSE (born 13 November 1953) is a British surgeon and academic. He holds the Regius Chair of Clinical Surgery at the University of Edinburgh and the president of the International Hepato-Pancreato-Biliary Association from 2012 to 2014. Garden performed Scotland's first liver transplant in Edinburgh in 1992 and founded the Scottish Liver Transplant Programme.",TRUE,FALSE,LCE,,
4907,FP_new,O%2E_James_Garden,label,O%2E James Garden,,"Olivier James Garden, CBE, FRCS, FRCP, FRSE (born 13 November 1953) is a British surgeon and academic. He holds the Regius Chair of Clinical Surgery at the University of Edinburgh and the president of the International Hepato-Pancreato-Biliary Association from 2012 to 2014. Garden performed Scotland's first liver transplant in Edinburgh in 1992 and founded the Scottish Liver Transplant Programme.",TRUE,FALSE ,TMI,,
541,FN,Oana_Paveluc,birthName,,Oana Paveluc,"Oana Paveluc (born 14 August 1991 in Braşov, Romania) is a beauty pageant titleholder who was crowned new Miss Universe Romania 2010 on 14 July 2010 after Alexandra Cătălina Filip, the original winner, was dethroned, as she refused to sign the contract with the Miss Universe Organization (MUO). The contract stipulates that the winner of Miss Universe 2010 must move to NYC and be under contract with Donald Trump for one year. Filip is a professional sport dancer, and she wanted to be able to continue representing Romania at international sport dancing competitions and not be restrained by MUO's contract. On 14 July 2010, at the official press conference where the winners of Miss Universe Romania 2010 had gathered to meet with all the sponsors and receive their prizes, Alexandra Cătălina Fil",TRUE,TRUE,,,
122,FP_new,Obaid_Al-Jasmi,birthDate,1981-08-09,,"Obaid Al Jasmi, last name sometime spelled ""Jasimi"", (born August 9, 1981 in Abu Dhabi, United Arab Emirates) is a two-time Olympic swimmer from the United Arab Emirates. He swam for the UAE at the 2004 and 2008 Olympics. As of March 2012, he is attempting to qualify for his third Olympics. He has swum for the UAE at: 
* Olympics: 2004 and 2008 
* World Championships: 2007, 2009, 2011 
* Asian Games: 2010 
* Short Course Worlds: 2010 Obaid and three of his brothers all swam at the 2010 Short Course Worlds in Dubai, UAE.",TRUE,TRUE,,,
121,FP_new,Obaid_Al-Jasmi,label,Obaid Al Jasmi,,"Obaid Al Jasmi, last name sometime spelled ""Jasimi"", (born August 9, 1981 in Abu Dhabi, United Arab Emirates) is a two-time Olympic swimmer from the United Arab Emirates. He swam for the UAE at the 2004 and 2008 Olympics. As of March 2012, he is attempting to qualify for his third Olympics. He has swum for the UAE at: 
* Olympics: 2004 and 2008 
* World Championships: 2007, 2009, 2011 
* Asian Games: 2010 
* Short Course Worlds: 2010 Obaid and three of his brothers all swam at the 2010 Short Course Worlds in Dubai, UAE.",TRUE,TRUE,,,
1332,FP_new,Ogutu_Okudo,birthName,Ogutu Okudo,,"Ogutu Okudo (born c. 1992), is a Kenyan oil and energy executive who serves as a Board Director at the National Oil Corporation of Kenya. She is also the Kenya country manager for SpringRock Group, an African upstream oil development company headquartered in Lagos, Nigeria. She concurrently serves as an energy consultant to the Kenya's Ministry of Petroleum and Mining. In addition, she is the Founder and CEO of the social enterprise, Women in Energy and Extractives Africa (WEX Africa).",TRUE,TRUE,,,
642,FN,Ogutu_Okudo,birthYear,,1992,"Ogutu Okudo (born c. 1992), is a Kenyan oil and energy executive who serves as a Board Director at the National Oil Corporation of Kenya. She is also the Kenya country manager for SpringRock Group, an African upstream oil development company headquartered in Lagos, Nigeria. She concurrently serves as an energy consultant to the Kenya's Ministry of Petroleum and Mining. In addition, she is the Founder and CEO of the social enterprise, Women in Energy and Extractives Africa (WEX Africa).",TRUE,TRUE,,,
749,FN,Olav_Trondsson,deathDate,,1474-11-25,"Olav Trondsson (died November 25, 1474) was the twenty-fourth Catholic archbishop of the Archdiocese of Nidaros in Norway from 1459 until his death in 1474.",TRUE,TRUE,,,
750,FN,Olav_Trondsson,deathYear,,1474,"Olav Trondsson (died November 25, 1474) was the twenty-fourth Catholic archbishop of the Archdiocese of Nidaros in Norway from 1459 until his death in 1474.",TRUE,TRUE,,,
165,FP_new,Olga_Drobysheva,birthDate,1984-05-21,,Olga Drobysheva (born 21 May 1984) is a female road cyclist from Uzbekistan. She became Uzbekistani national road race and time trial champion in 2013 and also in both disciplines in 2014.,TRUE,TRUE,,,
441,FP_new,Oluf_Kavlie-J%C3%B8rgensen,deathYear,1984,,"Oluf Kavlie-Jørgensen (15 April 1902 – 1984) was a Norwegian chess player, Norwegian Chess Championship winner (1938).",TRUE,TRUE,,,
274,FP_new,Omar_Sheikhulayev,birthDate,1975-06-05,,"Omar (Umar) Sheikhulayev (Russian: Умар Магомедович Шейхулаев, 5 June 1975 - 5 February 2009), also known as Emir Muaz, was the militant leader of the Vilayat Dagestan of the Caucasus Emirate, in the volatile southern Russian republic of Dagestan.",FALSE,TRUE,,,
275,FP_new,Omar_Sheikhulayev,deathDate,2009-02-05,,"Omar (Umar) Sheikhulayev (Russian: Умар Магомедович Шейхулаев, 5 June 1975 - 5 February 2009), also known as Emir Muaz, was the militant leader of the Vilayat Dagestan of the Caucasus Emirate, in the volatile southern Russian republic of Dagestan.",FALSE,TRUE,,,
276,FP_new,Omar_Sheikhulayev,deathYear,2009,,"Omar (Umar) Sheikhulayev (Russian: Умар Магомедович Шейхулаев, 5 June 1975 - 5 February 2009), also known as Emir Muaz, was the militant leader of the Vilayat Dagestan of the Caucasus Emirate, in the volatile southern Russian republic of Dagestan.",TRUE,TRUE,,,
273,FP_new,Omar_Sheikhulayev,label,Omar Sheikhulayev,,"Omar (Umar) Sheikhulayev (Russian: Умар Магомедович Шейхулаев, 5 June 1975 - 5 February 2009), also known as Emir Muaz, was the militant leader of the Vilayat Dagestan of the Caucasus Emirate, in the volatile southern Russian republic of Dagestan.",TRUE,TRUE,,,
1657,FP_new,Omara_Atubo,birthName,Daniel Omara Atubo,,"Daniel Omara Atubo is a Ugandan lawyer, educator and politician. He is the former Minister of Lands, Housing and Urban Development, in the Ugandan Cabinet, a position he served in from May 2006 until May 2011. In the cabinet reshuffle on 27 May 2011, he was dropped from the Cabinet. He represented ""Otuke County"", in present-day Otuke District in the Ugandan Parliament, between 1987 and 2011. He lost his re-election bid to parliament in March 2011.",TRUE,TRUE,,,
52,FN,Pablo_Morales_P%C3%A9rez,birthName,,Pablo Antonio Morales Pérez,"Pablo Antonio Morales Pérez (17 August 1906 – 24 November 1969) was a Venezuelan baseball executive and promoter. Born in La Guaira, Vargas, Morales was a widely known figure in Venezuelan baseball during the 1930s and 1960s. Publicist and avid sport commentator, Morales worked in La Guaira and then in Caracas. His total dedication to baseball came in 1936, when he founded the Deportivo Caracas the same year and the Cardenales de La Guaira in 1940, clubs that participated in the Liga Nacional de Béisbol, which had stabilized the first national championship of first division in Venezuela since its inauguration in 1930.",TRUE,TRUE,,,
451,FP_new,Pakalitha_Mosisili,birthName,Bethuel Pakalitha Mosisili,,"Bethuel Pakalitha Mosisili (born 14 March 1945) is a former Mosotho politician who was the fourth prime minister of Lesotho from May 1998 to June 2012 and again from March 2015 to June 2017. He led the Lesotho Congress for Democracy (LCD) to a near-total victory in the 1998 election, and under his leadership the party also won majorities in the 2002 and 2007 elections. While serving as Prime Minister, Mosisili was also Minister of Defence. Following the snap election held on 28 February 2015, he formed and led a coalition government. He was sworn in on 17 March 2015.",TRUE,TRUE,,,
450,FN,Pakalitha_Mosisili,label,,Pakalitha Mosisili,"Bethuel Pakalitha Mosisili (born 14 March 1945) is a former Mosotho politician who was the fourth prime minister of Lesotho from May 1998 to June 2012 and again from March 2015 to June 2017. He led the Lesotho Congress for Democracy (LCD) to a near-total victory in the 1998 election, and under his leadership the party also won majorities in the 2002 and 2007 elections. While serving as Prime Minister, Mosisili was also Minister of Defence. Following the snap election held on 28 February 2015, he formed and led a coalition government. He was sworn in on 17 March 2015.",TRUE,TRUE,,,
473,FN,Paolo_Montero,label,,Paolo Montero,"Rónald Paolo Montero Iglesias (born 3 September 1971) is a Uruguayan football manager and former player, who played as a central defender or left-back and is the manager of Primavera 1 team Juventus U19.",TRUE,TRUE,,,
208,FP_new,Patrick_Leonard_MacDougall,birthDate,1819-08-10,,"General Sir Patrick Leonard MacDougall, KCMG (10 August 1819 – 28 November 1894) was a British Army officer who became Commander of the British Troops in Canada.",TRUE,TRUE,,,
207,FP_new,Patrick_Leonard_MacDougall,birthName,Patrick Leonard MacDougall,,"General Sir Patrick Leonard MacDougall, KCMG (10 August 1819 – 28 November 1894) was a British Army officer who became Commander of the British Troops in Canada.",TRUE,TRUE,,,
210,FP_new,Patrick_Leonard_MacDougall,birthYear,1819,,"General Sir Patrick Leonard MacDougall, KCMG (10 August 1819 – 28 November 1894) was a British Army officer who became Commander of the British Troops in Canada.",TRUE,TRUE,,,
209,FP_new,Patrick_Leonard_MacDougall,deathDate,1894-11-28,,"General Sir Patrick Leonard MacDougall, KCMG (10 August 1819 – 28 November 1894) was a British Army officer who became Commander of the British Troops in Canada.",TRUE,TRUE,,,
211,FP_new,Patrick_Leonard_MacDougall,deathYear,1894,,"General Sir Patrick Leonard MacDougall, KCMG (10 August 1819 – 28 November 1894) was a British Army officer who became Commander of the British Troops in Canada.",TRUE,TRUE,,,
286,FP_new,Patti_McCarty,birthDate,1921-02-11,,"Lois Patricia McCarty (February 11, 1921 - July 7, 1985) was an American actress.",FALSE,TRUE,,,
285,FP_new,Patti_McCarty,birthName,Lois Patricia McCarty,,"Lois Patricia McCarty (February 11, 1921 - July 7, 1985) was an American actress.",TRUE,TRUE,,,
287,FP_new,Patti_McCarty,deathDate,1985-07-07,,"Lois Patricia McCarty (February 11, 1921 - July 7, 1985) was an American actress.",FALSE,TRUE,,,
3111,FP_new,Patti_McCarty,label,Patti Patricia McCarty,,"Lois Patricia McCarty (February 11, 1921 - July 7, 1985) was an American actress.",TRUE,FALSE,LCE,,
5140,FP_new,Patti_McCarty,label,Patti McCarty,,"Lois Patricia McCarty (February 11, 1921 - July 7, 1985) was an American actress.",TRUE,TRUE,,,
1837,FN,Paul_Skinner,birthName,,Paul David Skinner,"Paul David Skinner CBE (born 1944) is a British businessman, and the former chairman of Rio Tinto Group.",TRUE,TRUE,,,
611,FN,Paul_Skinner,birthYear,,1944,"Paul David Skinner CBE (born 1944) is a British businessman, and the former chairman of Rio Tinto Group.",TRUE,TRUE,,,
980,FP_new,Paula_Radcliffe,birthName,Paula Jane Radcliffe,,"Paula Jane Radcliffe MBE (born 17 December 1973) is a former British long-distance runner. She is a three-time winner of the London Marathon (2002, 2003, 2005), three-time New York Marathon champion (2004, 2007, 2008), and 2002 Chicago Marathon winner. She was previously the fastest female marathoner of all time, and held the Women's World Marathon Record with a time of 2:15:25 for 16 years from 2003 to 2019 when it was broken by Brigid Kosgei. She ended her competitive running career at the 2015 London Marathon.",TRUE,TRUE,,,
1299,FP_new,Peerapong_Panyanumaporn,birthYear,1944,,"Peerapong Panyanumaporn (Thai: พีรพงศ์ ปัญญานุมาภรณ์), is a Thai professional footballer who plays as a left winger for Thai League 2 club Trat on loan from Muangthong United.",FALSE,FALSE,FH,,
2345,FP_new,Peerapong_Panyanumaporn,birthYear,1989,,"Peerapong Panyanumaporn (Thai: พีรพงศ์ ปัญญานุมาภรณ์), is a Thai professional footballer who plays as a left winger for Thai League 2 club Trat on loan from Muangthong United.",FALSE,FALSE,FH,,
4415,FP_new,Peerapong_Panyanumaporn,birthYear,1961,,"Peerapong Panyanumaporn (Thai: พีรพงศ์ ปัญญานุมาภรณ์), is a Thai professional footballer who plays as a left winger for Thai League 2 club Trat on loan from Muangthong United.",FALSE,FALSE,FH,,
329,FP_new,Peggy_Guido,birthName,Cecily Margaret Guido,,"Cecily Margaret Guido, FSA, FSA Scot (née Preston; 5 August 1912 – 8 September 1994), also known as Peggy Piggott, was an English archaeologist, prehistorian, and finds specialist. Her career in British archaeology spanned sixty years, and she is recognised for her field methods, her field-leading research into prehistoric settlements (hillforts and roundhouses), burial traditions, and artefact studies (particularly Iron Age to Anglo-Saxon glass beads), as well as her high-quality and rapid publication, contributing more than 50 articles and books to her field between the 1930s and 1990s.",TRUE,TRUE,,,
35,FP_new,Penny_Flanagan,birthYear,1970,,Penny Flanagan (born 1970) is an Australian singer and author.,TRUE,TRUE,,,
497,FP_new,Per-Axel_Branner,birthName,Per-Axel Helge Branner,,"Per-Axel Helge Branner (né Larsson; 25 January 1899 – 31 July 1975) was a Swedish actor, screenwriter and film director.",TRUE,TRUE,,,
5307,FP_new,Per-Axel_Branner,label,Per-Axel Helge Branner,,"Per-Axel Helge Branner (né Larsson; 25 January 1899 – 31 July 1975) was a Swedish actor, screenwriter and film director.",TRUE,TRUE,,,
195,FP_different,Petar_Popangelov,label,Petăr Popangelov,Petar Popangelov,"Petăr Popangelov (Bulgarian: Петър Попангелов, born January 31, 1959 in the city of Samokov) is a Bulgarian alpine skier known at home by his nickname ""Pepe"" Popangelov. He won the 1977 European Cup in slalom World Cup in Lenggries, Germany. He continued racing in World Cup events for more than a decade from 1977 through 1988, finishing eleven times in first, second, or third place.",TRUE,FALSE,TMI,,
788,FN,Pete_Adrian,birthDate,,1948-08-11,"Pete Adrian (born August 11, 1948) is a former American football coach. He served as the head football coach at Bloomsburg University from 1986 to 1992 and at Norfolk State University (NSU) from 2005 to 2014. Adrian was an assistant coach at Bethune–Cookman University, the University of West Virginia, Idaho State University, and the University of Rhode Island.",TRUE,TRUE,,,
789,FN,Pete_Adrian,birthYear,,1948,"Pete Adrian (born August 11, 1948) is a former American football coach. He served as the head football coach at Bloomsburg University from 1986 to 1992 and at Norfolk State University (NSU) from 2005 to 2014. Adrian was an assistant coach at Bethune–Cookman University, the University of West Virginia, Idaho State University, and the University of Rhode Island.",TRUE,TRUE,,,
463,FP_new,Pete_Shotton,birthName,Peter Shotton,,"Peter Shotton (4 August 1941 – 24 March 2017) was an English businessman and former washboard player. He is known for his long friendship with John Lennon of The Beatles. He was a member of The Quarrymen, the precursor of the Beatles, and remained close to the group during their career. His main career was as a restaurant manager, eventually founding the Fatty Arbuckle's chain of restaurants.",TRUE,TRUE,,,
924,FN,Peter_Woon,birthYear,,1931,"Peter Woon (1931 – May 2014) was a news and current affairs editor at the British Broadcasting Corporation. In roles managing radio and then television news over two decades, he made key changes in significant areas of how news was broadcast.",TRUE,TRUE,,,
1557,FP_new,Peter_Woon,deathDate,2014-05-14,,"Peter Woon (1931 – May 2014) was a news and current affairs editor at the British Broadcasting Corporation. In roles managing radio and then television news over two decades, he made key changes in significant areas of how news was broadcast.",FALSE,FALSE,AC,,
925,FN,Peter_Woon,deathYear,,2014,"Peter Woon (1931 – May 2014) was a news and current affairs editor at the British Broadcasting Corporation. In roles managing radio and then television news over two decades, he made key changes in significant areas of how news was broadcast.",TRUE,TRUE,,,
212,FP_new,Phil_Leonetti,birthName,Philip Michael Leonetti,,"Philip Michael Leonetti (born March 27, 1953) is an American former mobster who became the underboss of the Philadelphia crime family under his mentor, uncle and former boss, Nicodemo ""Little Nicky"" Scarfo, before becoming a government informant in 1989 after being sentenced to 45 years for racketeering. At that time, he was the highest-ranking member of the American Mafia to break his blood oath and turn informant. As part of his cooperation, he served just five years in prison, and later authored a book about the mob.",TRUE,TRUE,,,
832,FP_new,Phil_Leonetti,birthName,Phil Michael Leonetti,,"Philip Michael Leonetti (born March 27, 1953) is an American former mobster who became the underboss of the Philadelphia crime family under his mentor, uncle and former boss, Nicodemo ""Little Nicky"" Scarfo, before becoming a government informant in 1989 after being sentenced to 45 years for racketeering. At that time, he was the highest-ranking member of the American Mafia to break his blood oath and turn informant. As part of his cooperation, he served just five years in prison, and later authored a book about the mob.",FALSE,FALSE,ICE,,
2342,FN,Philip_Lowrie,birthName,,Colin Philip Lowrie,"Colin Philip Lowrie (born 20 June 1936) is a retired English stage and television actor, best known for playing Dennis Tanner in the long-running ITV soap opera Coronation Street, from the programme's inception in 1960–1968, and again from 2011 to 2014.",TRUE,TRUE,,,
151,FP_new,Philip_Sydney_Short,birthYear,1955,,Philip Sydney Short (born 1955) is an Australian botanist. The standard author abbreviation P.S.Short is used to indicate this person as the author when citing a botanical name.,TRUE,TRUE,,,
400,FP_new,Phiroz_Mehta,birthDate,1902-10-02,,"Phirozshah Dorabji Mehta (2 October 1902 – 2 May 1994) was an Indian-born writer, lecturer on religious topics and a pianist. His other academic interests included astronomy, poetry and philosophy.",TRUE,TRUE,,,
401,FP_new,Phiroz_Mehta,deathDate,1994-05-02,,"Phirozshah Dorabji Mehta (2 October 1902 – 2 May 1994) was an Indian-born writer, lecturer on religious topics and a pianist. His other academic interests included astronomy, poetry and philosophy.",TRUE,TRUE,,,
402,FP_new,Phiroz_Mehta,deathYear,1994,,"Phirozshah Dorabji Mehta (2 October 1902 – 2 May 1994) was an Indian-born writer, lecturer on religious topics and a pianist. His other academic interests included astronomy, poetry and philosophy.",TRUE,TRUE,,,
1056,FP_new,Phiroz_Mehta,label,Phirozshah Dorabji Mehta,,"Phirozshah Dorabji Mehta (2 October 1902 – 2 May 1994) was an Indian-born writer, lecturer on religious topics and a pianist. His other academic interests included astronomy, poetry and philosophy.",TRUE,FALSE,WV,,
1469,FP_new,Piya_Sengupta,birthYear,1944,,"Piya Sengupta (born in Kolkata, India) is an Indian actress and producer. She is known for her work in Bengali cinema. As an actress, she made her debut opposite Prosenjit Chatterjee in Sujit Guha's Dadamoni (1984).",FALSE,FALSE,FH,,
1997,FP_new,Piya_Sengupta,birthYear,1984,,"Piya Sengupta (born in Kolkata, India) is an Indian actress and producer. She is known for her work in Bengali cinema. As an actress, she made her debut opposite Prosenjit Chatterjee in Sujit Guha's Dadamoni (1984).",TRUE,FALSE,WV,,
2514,FP_new,Piya_Sengupta,birthYear,1988,,"Piya Sengupta (born in Kolkata, India) is an Indian actress and producer. She is known for her work in Bengali cinema. As an actress, she made her debut opposite Prosenjit Chatterjee in Sujit Guha's Dadamoni (1984).",FALSE,FALSE,FH,,
3038,FP_new,Piya_Sengupta,birthYear,1928,,"Piya Sengupta (born in Kolkata, India) is an Indian actress and producer. She is known for her work in Bengali cinema. As an actress, she made her debut opposite Prosenjit Chatterjee in Sujit Guha's Dadamoni (1984).",FALSE,FALSE,FH,,
4574,FP_new,Piya_Sengupta,birthYear,1955,,"Piya Sengupta (born in Kolkata, India) is an Indian actress and producer. She is known for her work in Bengali cinema. As an actress, she made her debut opposite Prosenjit Chatterjee in Sujit Guha's Dadamoni (1984).",FALSE,FALSE,FH,,
372,FP_new,Poul_Michelsen,birthName,Poul Johan Sundberg Michelsen,,"Poul Johan Sundberg Michelsen (born 22 July 1944 in Tórshavn) is a Faroese business man and former politician. He was the leader of Progress (Framsókn), which he and others established in 2011. Before the establishment of Progress, he was a member of People's Party (Fólkaflokkurin). In March 2020 he chose to leave the Parliament and ending his political career after struggling with sequelae of a stroke for some months.",TRUE,TRUE,,,
1211,FN,Pradip_Sawant,birthYear,,1962,"Pradip Sawant (born 1962) is an Indian Police Officer, currently serving as the DCP Security Branch in Mumbai Police. He is a recipient of the President's Police Medal for Meritorious Service in 2002. He was behind more than 300 encounters in Mumbai during his stint as DCP (Detection Crime Branch) between the years 2000 and 2003. He was suspended in 2004 for his alleged involvement in Telgi stamp paper scam, but was reinstated in 2009, and posted as DCP ATS Mumbai, after he was found innocent in June 2007.",TRUE,TRUE,,,
1248,FN,Praveen_Khandelwal,birthYear,,1960,Praveen Khandelwal (born 1960) is a Delhi-based businessman who is the founder and general secretary of an organisation called the Confederation of All India Traders (CAIT).,TRUE,TRUE,,,
796,FP_new,Predrag_Markovi%C4%87,birthName,Predrag Marković,,"Predrag Marković (Serbian Cyrillic: Предраг Марковић; born 7 December 1955) is a Serbian politician, author and historian.",TRUE,TRUE,,,
69,FP_new,Prince_Gabriel_of_Belgium,birthDate,2003-08-20,,"Prince Gabriel of Belgium (French: Gabriel Baudouin Charles Marie, Dutch: Gabriël Boudewijn Karel Maria; born 20 August 2003) is the elder son and second child of King Philippe and Queen Mathilde of Belgium. He is currently second in line to the throne of Belgium after his elder sister, Elisabeth.",TRUE,TRUE,,,
672,FP_new,Prince_Gabriel_of_Belgium,birthName,Gabriël Boudewijn Karel Maria,,"Prince Gabriel of Belgium (French: Gabriel Baudouin Charles Marie, Dutch: Gabriël Boudewijn Karel Maria; born 20 August 2003) is the elder son and second child of King Philippe and Queen Mathilde of Belgium. He is currently second in line to the throne of Belgium after his elder sister, Elisabeth.",TRUE,TRUE,,,
70,FP_new,Prince_Gabriel_of_Belgium,birthYear,2003,,"Prince Gabriel of Belgium (French: Gabriel Baudouin Charles Marie, Dutch: Gabriël Boudewijn Karel Maria; born 20 August 2003) is the elder son and second child of King Philippe and Queen Mathilde of Belgium. He is currently second in line to the throne of Belgium after his elder sister, Elisabeth.",TRUE,TRUE,,,
1374,FP_new,Pundit_Tara_Singh,deathYear,1891,,Pandit Tara Singh Narotam (1822–1891) or also Pundit Tara Singh Nawtam was a famous Punjabi scholar who belonged to the Hindu-Sikh Nirmala Sect.,TRUE,TRUE,,,
84,FP_different,Pundit_Tara_Singh,label,Pundit Tara Singh Narotam,Pundit Tara Singh,Pandit Tara Singh Narotam (1822–1891) or also Pundit Tara Singh Nawtam was a famous Punjabi scholar who belonged to the Hindu-Sikh Nirmala Sect.,TRUE,FALSE,LCE,,
335,FP_new,Quinton_Jefferson,birthDate,1993-03-31,,"Quinton Jefferson (born March 31, 1993) is an American football defensive end for the Seattle Seahawks of the National Football League (NFL). He was drafted by the Seahawks in the fifth round of the 2016 NFL Draft. He played college football at Maryland. He played for the Seahawks from 2016 to 2019, as well as, brief stints for the Los Angeles Rams, Buffalo Bills, and Las Vegas Raiders",TRUE,TRUE,,,
336,FP_new,Quinton_Jefferson,birthYear,1993,,"Quinton Jefferson (born March 31, 1993) is an American football defensive end for the Seattle Seahawks of the National Football League (NFL). He was drafted by the Seahawks in the fifth round of the 2016 NFL Draft. He played college football at Maryland. He played for the Seahawks from 2016 to 2019, as well as, brief stints for the Los Angeles Rams, Buffalo Bills, and Las Vegas Raiders",TRUE,TRUE,,,
3751,FP_different,R%C3%B3mulo_Bouzas,label,Rómulo Bouzas Rodríguez,Rómulo Bouzas,Rómulo Bouzas Rodríguez (born 28 February 1978) is a Mexican former rower. He competed in the men's lightweight double sculls event at the 2000 Summer Olympics.,TRUE,FALSE,LCE,,
3200,FP_different,Ra%C3%BAl_Alpizar,label,Raúl Alpizar Aguilera,Raúl Alpizar,Raúl Alpizar Aguilera (born 1 February 1977 in Mexico City) is a Mexican football manager and former player.,TRUE,FALSE,LCE,,
252,FP_new,Rafael_Aguilar_Guajardo,birthDate,1950-04-12,,"Rafael Aguilar Guajardo (1950 – 12 April 1993) was a Mexican drug lord, federal police commander of the Direccion Federal de Seguridad (DFS) in Mexico, and one of the Juárez Cartel co-founders. He was the right-hand man to Pablo Acosta Villarreal who was killed in April 1987, during a cross-border raid by Mexican Federal Police helicopters in the Rio Grande village of Santa Elena, Chihuahua. Having taken over from Acosta, Rafael Aguilar Guajardo made Amado Carrillo Fuentes his second-in-command. In the streaming television series Narcos: Mexico (2018-2021), he was portrayed by Noé Hernández.",FALSE,FALSE ,AC,,
874,FP_new,Rafael_Aguilar_Guajardo,birthDate,1950-05-1950,,"Rafael Aguilar Guajardo (1950 – 12 April 1993) was a Mexican drug lord, federal police commander of the Direccion Federal de Seguridad (DFS) in Mexico, and one of the Juárez Cartel co-founders. He was the right-hand man to Pablo Acosta Villarreal who was killed in April 1987, during a cross-border raid by Mexican Federal Police helicopters in the Rio Grande village of Santa Elena, Chihuahua. Having taken over from Acosta, Rafael Aguilar Guajardo made Amado Carrillo Fuentes his second-in-command. In the streaming television series Narcos: Mexico (2018-2021), he was portrayed by Noé Hernández.",FALSE,FALSE,GLS,,
251,FP_new,Rafael_Aguilar_Guajardo,birthName,Rafael Aguilar Guajardo,,"Rafael Aguilar Guajardo (1950 – 12 April 1993) was a Mexican drug lord, federal police commander of the Direccion Federal de Seguridad (DFS) in Mexico, and one of the Juárez Cartel co-founders. He was the right-hand man to Pablo Acosta Villarreal who was killed in April 1987, during a cross-border raid by Mexican Federal Police helicopters in the Rio Grande village of Santa Elena, Chihuahua. Having taken over from Acosta, Rafael Aguilar Guajardo made Amado Carrillo Fuentes his second-in-command. In the streaming television series Narcos: Mexico (2018-2021), he was portrayed by Noé Hernández.",TRUE,TRUE,,,
253,FP_new,Rafael_Aguilar_Guajardo,birthYear,1950,,"Rafael Aguilar Guajardo (1950 – 12 April 1993) was a Mexican drug lord, federal police commander of the Direccion Federal de Seguridad (DFS) in Mexico, and one of the Juárez Cartel co-founders. He was the right-hand man to Pablo Acosta Villarreal who was killed in April 1987, during a cross-border raid by Mexican Federal Police helicopters in the Rio Grande village of Santa Elena, Chihuahua. Having taken over from Acosta, Rafael Aguilar Guajardo made Amado Carrillo Fuentes his second-in-command. In the streaming television series Narcos: Mexico (2018-2021), he was portrayed by Noé Hernández.",TRUE,TRUE,,,
3227,FP_different,Raul_Aguilera,label,Raul Aguilera Jr.,Raul Aguilera,"Raul Aguilera Jr. (born August 2, 1999) is an American professional soccer player who plays as a midfielder for Indy Eleven in the USL Championship.",TRUE,FALSE,LCE,,
361,FP_new,Raymond_Doucett,birthName,Raymond Daniel Doucett,,"Raymond Daniel Doucett (May 6, 1907 – March 29, 1970) was a wholesale grocer and political figure in New Brunswick, Canada. He represented Restigouche County in the Legislative Assembly of New Brunswick from 1963 to 1970 as a Liberal member. He was born in Charlo, New Brunswick, the son of Peter Doucett and Annabell Henderson. In 1926, he married Catherine Ila Lutes. Doucett served as chairman of the school board, also served on the council for Restigouche County and was a justice of the peace. Doucett served as Minister of Public Works in the province's Executive Council from 1967 to 1970.",TRUE,TRUE,,,
201,FP_new,Rece_Davis,birthYear,1965,,"Rece Davis (born 1965/1966) is an American sports television journalist for ESPN/ABC. Davis works as an anchor on SportsCenter and serves as host of various other programs on the network, including College GameDay football road show and basketball show. Since 2021, he has been ESPN's lead host for international soccer events.",TRUE,TRUE,,,
1474,FP_new,Rece_Davis,deathYear,1966,,"Rece Davis (born 1965/1966) is an American sports television journalist for ESPN/ABC. Davis works as an anchor on SportsCenter and serves as host of various other programs on the network, including College GameDay football road show and basketball show. Since 2021, he has been ESPN's lead host for international soccer events.",TRUE,FALSE,WV,,
1750,FN,Reg_Hope,label,,Reg Hope,"Reginald Thomas ""Reg"" Hope (12 June 1927 – 16 December 2010) was an Independent member of the Tamar and (from 1982) Meander divisions of the Tasmanian Legislative Council from 1979 to 1997. Hope was born in Sheffield, Tasmania. He served as President of the Tasmanian Legislative Council from 1995 to 1997. The Reg Hope Foreshore Park in Devonport, Tasmania is named in his honour.",TRUE,TRUE,,,
6,FP_new,Reg_Stratton,deathDate,2018-05-21,,Reginald Malcolm Stratton (10 July 1939 – 21 May 2018) was an English footballer who played as a forward in the Football League for Fulham and Colchester United and in the North American Soccer League for Vancouver Royals.,TRUE,TRUE,,,
7,FP_new,Reg_Stratton,deathYear,2018,,Reginald Malcolm Stratton (10 July 1939 – 21 May 2018) was an English footballer who played as a forward in the Football League for Fulham and Colchester United and in the North American Soccer League for Vancouver Royals.,TRUE,TRUE,,,
1097,FP_new,Reginald_Alec_Martin,birthName,Reginald Alec Martin,,"Reginald Alec Martin (11 January 1908 – 27 June 1971) was a British author of a children's series and other novels. He wrote under a series of pseudonyms, including E. C. Eliott and Rex Dixon.",TRUE,TRUE,,,
3749,FP_new,Reginald_Alec_Martin,birthName,E.C.Eliott,,"Reginald Alec Martin (11 January 1908 – 27 June 1971) was a British author of a children's series and other novels. He wrote under a series of pseudonyms, including E. C. Eliott and Rex Dixon.",FALSE,FALSE,WV,,
222,FP_new,Renn_Kiriyama,birthName,Renn Kiriyama,,"Renn Kiriyama (桐山 漣, Kiriyama Ren, born February 2, 1985) is a Japanese actor and television from Yokohama. His debut role was as in The Prince of Tennis musical Absolute King Rikkai feat. Rokkaku ~ First Service. Kiriyama is also known for his role in Shotaro Hidari, the male lead and half of the eponymous hero of the television series Kamen Rider W.",TRUE,TRUE,,,
842,FP_new,Renn_Kiriyama,birthName,Renn Kiriyama Ren,,"Renn Kiriyama (桐山 漣, Kiriyama Ren, born February 2, 1985) is a Japanese actor and television from Yokohama. His debut role was as in The Prince of Tennis musical Absolute King Rikkai feat. Rokkaku ~ First Service. Kiriyama is also known for his role in Shotaro Hidari, the male lead and half of the eponymous hero of the television series Kamen Rider W.",FALSE,FALSE,GLS,,
920,FN,Rex_Hadnot,birthDate,,1982-01-28,"Jonathan Rex Hadnot, Jr. (born January 28, 1982) is a former American football guard. He was drafted by the Miami Dolphins in the sixth round of the 2004 NFL Draft. He played college football at Houston. Hadnot also played for the Cleveland Browns, Arizona Cardinals, and San Diego Chargers.",TRUE,TRUE,,,
921,FN,Rex_Hadnot,birthYear,,1982,"Jonathan Rex Hadnot, Jr. (born January 28, 1982) is a former American football guard. He was drafted by the Miami Dolphins in the sixth round of the 2004 NFL Draft. He played college football at Houston. Hadnot also played for the Cleveland Browns, Arizona Cardinals, and San Diego Chargers.",TRUE,TRUE,,,
303,FP_new,Richard_A%2E_Merrill,birthName,Richard A.Merrill,,"Richard A. Merrill (May 20, 1937 – October 26, 2007) was an American lawyer, government official, and academic administrator who served as the 7th dean of the University of Virginia School of Law and the chief counsel of the Food and Drug Administration from 1976 to 1978.",FALSE,TRUE,,,
518,FP_new,Richard_Akinwande_Savage,deathYear,1935,,"Richard Akinwande Savage (1874–1935) was a prominent physician, journalist and politician in Lagos, Nigeria during the colonial era.",TRUE,TRUE,,,
690,FP_new,Richard_Margison,birthName,Richard Charles Margison,,"Richard Charles Margison, OC (born 16 July 1953) is a Canadian operatic tenor and lives in Stouffville, Ontario, Canada.",TRUE,TRUE,,,
304,FP_new,Richard_Zann,birthName,Richard Alexis Zann,,Richard Alexis Zann (27 November 1944 – 7 February 2009) was an Australian ornithologist.,TRUE,TRUE,,,
119,FP_different,Ricky_Rodriguez,birthName,Richard P.Rodriguez,David Moses Zerby,"Richard P. Rodriguez (January 25, 1975 – January 9, 2005), who was formerly known as David Moses Zerby, was an American member of a religious cult called The Family, formerly known as the Children of God (COG), who murdered one of his childhood sexual abusers, Angela M. Smith, and then died by suicide.",FALSE,TRUE,,,
1404,FN,Ricky_Rodriguez,birthName,,David Moses Zerby,"Richard P. Rodriguez (January 25, 1975 – January 9, 2005), who was formerly known as David Moses Zerby, was an American member of a religious cult called The Family, formerly known as the Children of God (COG), who murdered one of his childhood sexual abusers, Angela M. Smith, and then died by suicide.",TRUE,FALSE,,,
133,FN,RJ_Shaan,alias,,Prasanth P Menon,"Prasanth P Menon, better known as RJ Shaan is an Indian Director and Scriptwriter who predominantly works in Malayalam Cinema. He is one of the first Radio Jockeys from the Kerala FM Radio Industry to attain a celebrity status among the public. Known for his shows 919 Spotlight, star Jam, Kalakkan Recharge etc he made his debut in Malayalam film as a screenwriter in 2017 with Manju Warrier starrer C/O Saira Banu. He scripted the Suresh Gopi starrer Paappan and made debut as a film maker through the short film Freedom at Midnight starring Anupama Parameswaran which was recognized by Youtube India and won several awards.",TRUE,FALSE,,,
134,FP_new,RJ_Shaan,birthName,Prasanth P Menon,,"Prasanth P Menon, better known as RJ Shaan is an Indian Director and Scriptwriter who predominantly works in Malayalam Cinema. He is one of the first Radio Jockeys from the Kerala FM Radio Industry to attain a celebrity status among the public. Known for his shows 919 Spotlight, star Jam, Kalakkan Recharge etc he made his debut in Malayalam film as a screenwriter in 2017 with Manju Warrier starrer C/O Saira Banu. He scripted the Suresh Gopi starrer Paappan and made debut as a film maker through the short film Freedom at Midnight starring Anupama Parameswaran which was recognized by Youtube India and won several awards.",TRUE,TRUE,,,
5015,FP_new,RJ_Shaan,birthName,RJ Shaan,,"Prasanth P Menon, better known as RJ Shaan is an Indian Director and Scriptwriter who predominantly works in Malayalam Cinema. He is one of the first Radio Jockeys from the Kerala FM Radio Industry to attain a celebrity status among the public. Known for his shows 919 Spotlight, star Jam, Kalakkan Recharge etc he made his debut in Malayalam film as a screenwriter in 2017 with Manju Warrier starrer C/O Saira Banu. He scripted the Suresh Gopi starrer Paappan and made debut as a film maker through the short film Freedom at Midnight starring Anupama Parameswaran which was recognized by Youtube India and won several awards.",TRUE,FALSE,WV,,
132,FN,RJ_Shaan,label,,RJ Shaan,"Prasanth P Menon, better known as RJ Shaan is an Indian Director and Scriptwriter who predominantly works in Malayalam Cinema. He is one of the first Radio Jockeys from the Kerala FM Radio Industry to attain a celebrity status among the public. Known for his shows 919 Spotlight, star Jam, Kalakkan Recharge etc he made his debut in Malayalam film as a screenwriter in 2017 with Manju Warrier starrer C/O Saira Banu. He scripted the Suresh Gopi starrer Paappan and made debut as a film maker through the short film Freedom at Midnight starring Anupama Parameswaran which was recognized by Youtube India and won several awards.",TRUE,TRUE,,,
2304,FN,Robert_Cantwell,birthName,,Robert Emmett Cantwell,"Robert Emmett Cantwell (January 31, 1908 – December 8, 1978), known as Robert Cantwell, was a novelist and critic. His first novel, Laugh and Lie Down (1931) is an early example, twenty years before Jack Kerouac, of the American classic genre the ""road novel"", and also an important example of the ""Depression novel"" period genre. His most notable work, The Land of Plenty, focuses on a lumber mill in a thinly disguised version of his hometown in Washington state.",TRUE,TRUE,,,
567,FN,Robert_Cantwell,label,,Robert Cantwell,"Robert Emmett Cantwell (January 31, 1908 – December 8, 1978), known as Robert Cantwell, was a novelist and critic. His first novel, Laugh and Lie Down (1931) is an early example, twenty years before Jack Kerouac, of the American classic genre the ""road novel"", and also an important example of the ""Depression novel"" period genre. His most notable work, The Land of Plenty, focuses on a lumber mill in a thinly disguised version of his hometown in Washington state.",TRUE,TRUE,,,
624,FP_new,Robert_Kali%C5%88%C3%A1k,birthName,Robert Kaliňák,,Robert Kaliňák (born 11 May 1971) is a Slovak politician who was the Deputy Prime Minister and the Minister of the Interior of Slovakia from 4 July 2006 to 12 March 2018. He is a member of the Direction – Social Democracy party. Kaliňák previously served as Minister of the Interior from 4 July 2006 to 8 July 2010. Kaliňák resigned on 12 March 2018 after the murder of Slovak journalist Ján Kuciak. He left as the longest serving minister in the history of modern Slovakia.,TRUE,TRUE,,,
433,FN,Rodrigo_Noya,birthName,,Rodrigo Noya,"Rodrigo Noya (born 1993) is a former child actor from Argentina. He is best known for his starring role as Lorenzo Montero in an action series, Hermanos & Detectives. Father : Eduardo Noya. Mother : Marta Noya. Sister : Agustina Noya",TRUE,TRUE,,,
1099,FN,Rodrigo_Noya,birthYear,,1993,"Rodrigo Noya (born 1993) is a former child actor from Argentina. He is best known for his starring role as Lorenzo Montero in an action series, Hermanos & Detectives. Father : Eduardo Noya. Mother : Marta Noya. Sister : Agustina Noya",TRUE,TRUE,,,
435,FP_new,Roger_Blanchard,birthDate,1909-09-11,,"Roger Wilson Blanchard (September 11, 1909 - February 17, 1998) was an American bishop of the Episcopal Church. He was the church's Bishop of Southern Ohio from 1959 to 1970.",FALSE,TRUE,,,
434,FP_new,Roger_Blanchard,birthName,Roger Wilson Blanchard,,"Roger Wilson Blanchard (September 11, 1909 - February 17, 1998) was an American bishop of the Episcopal Church. He was the church's Bishop of Southern Ohio from 1959 to 1970.",TRUE,TRUE,,,
436,FP_new,Roger_Blanchard,deathDate,1998-02-17,,"Roger Wilson Blanchard (September 11, 1909 - February 17, 1998) was an American bishop of the Episcopal Church. He was the church's Bishop of Southern Ohio from 1959 to 1970.",FALSE,TRUE,,,
717,FN,Roger_Harring,birthDate,,1932-10-04,"Roger Harring (October 4, 1932 – August 12, 2021) was an American football player and coach. He won 340 games over 42 seasons at both the high school and college levels. Harring graduated from Wisconsin State College–La Crosse (later renamed University of Wisconsin–La Crosse). He graduated in 1958 with a bachelor of science degree in physical education. After graduating from La Crosse, Harring coached high school football at Ladysmith High School in Ladysmith, Wisconsin (1958–1962) and at Lincoln High School in Wisconsin Rapids, Wisconsin (1963–1968). He won 79 games as a high school coach.",TRUE,TRUE,,,
719,FN,Roger_Harring,birthYear,,1932,"Roger Harring (October 4, 1932 – August 12, 2021) was an American football player and coach. He won 340 games over 42 seasons at both the high school and college levels. Harring graduated from Wisconsin State College–La Crosse (later renamed University of Wisconsin–La Crosse). He graduated in 1958 with a bachelor of science degree in physical education. After graduating from La Crosse, Harring coached high school football at Ladysmith High School in Ladysmith, Wisconsin (1958–1962) and at Lincoln High School in Wisconsin Rapids, Wisconsin (1963–1968). He won 79 games as a high school coach.",TRUE,TRUE,,,
718,FN,Roger_Harring,deathDate,,2021-08-12,"Roger Harring (October 4, 1932 – August 12, 2021) was an American football player and coach. He won 340 games over 42 seasons at both the high school and college levels. Harring graduated from Wisconsin State College–La Crosse (later renamed University of Wisconsin–La Crosse). He graduated in 1958 with a bachelor of science degree in physical education. After graduating from La Crosse, Harring coached high school football at Ladysmith High School in Ladysmith, Wisconsin (1958–1962) and at Lincoln High School in Wisconsin Rapids, Wisconsin (1963–1968). He won 79 games as a high school coach.",TRUE,TRUE,,,
720,FN,Roger_Harring,deathYear,,2021,"Roger Harring (October 4, 1932 – August 12, 2021) was an American football player and coach. He won 340 games over 42 seasons at both the high school and college levels. Harring graduated from Wisconsin State College–La Crosse (later renamed University of Wisconsin–La Crosse). He graduated in 1958 with a bachelor of science degree in physical education. After graduating from La Crosse, Harring coached high school football at Ladysmith High School in Ladysmith, Wisconsin (1958–1962) and at Lincoln High School in Wisconsin Rapids, Wisconsin (1963–1968). He won 79 games as a high school coach.",TRUE,TRUE,,,
1600,FP_different,Rom%C3%A1n_Ramos,label,Román Ramos Álvaro,Román Ramos,"Román Ramos Álvaro (born 6 January 1991) is a Spanish motorcycle racer. During 2018 he rode for Team Go Eleven on a Kawasaki, until losing the ride to Eugene Laverty. He has also competed in the Moto2 World Championship, the CEV Supersport Championship, the Spanish Kawasaki Ninja Cup (which he won in 2007) and the CEV Moto2 Championship, which he won in 2013; in the same year he also won the European Supersport title.",TRUE,FALSE,LCE,,
475,FP_new,Rufus_Branch,deathDate,1969-02-27,,"Rufus Cromwell Branch (July 21, 1890 – February 27, 1969) was an American planter and businessman. He played college football for the Tennessee Volunteers football team of the University of Tennessee as a quarterback. He was also a pitcher on the baseball team. He was credited with bringing John Barnhill to the University of Arkansas. In 1910, Branch threw a 35-yard pass to W. C. Johnson in the loss to Georgia. He was captain of the 1911 team. Branch was also a World War I pilot. Branch died at his home in Joiner, Arkansas known as the Black Cat Plantation.",TRUE,TRUE,,,
476,FP_new,Rufus_Branch,deathYear,1969,,"Rufus Cromwell Branch (July 21, 1890 – February 27, 1969) was an American planter and businessman. He played college football for the Tennessee Volunteers football team of the University of Tennessee as a quarterback. He was also a pitcher on the baseball team. He was credited with bringing John Barnhill to the University of Arkansas. In 1910, Branch threw a 35-yard pass to W. C. Johnson in the loss to Georgia. He was captain of the 1911 team. Branch was also a World War I pilot. Branch died at his home in Joiner, Arkansas known as the Black Cat Plantation.",TRUE,TRUE,,,
3845,FN,Rupert_Balfe,birthDate,,1890-03-09,Joseph Rupert Balfe (9 March 1890 – 25 April 1915) was an Australian rules footballer and soldier who was killed during the landing at Anzac Cove.,TRUE,TRUE,,,
3847,FN,Rupert_Balfe,birthYear,,1890,Joseph Rupert Balfe (9 March 1890 – 25 April 1915) was an Australian rules footballer and soldier who was killed during the landing at Anzac Cove.,TRUE,TRUE,,,
3846,FN,Rupert_Balfe,deathDate,,1915-04-25,Joseph Rupert Balfe (9 March 1890 – 25 April 1915) was an Australian rules footballer and soldier who was killed during the landing at Anzac Cove.,TRUE,TRUE,,,
3848,FN,Rupert_Balfe,deathYear,,1915,Joseph Rupert Balfe (9 March 1890 – 25 April 1915) was an Australian rules footballer and soldier who was killed during the landing at Anzac Cove.,TRUE,TRUE,,,
1168,FP_new,Rutger_Castricum,birthName,Rutger Castricum,,"Rutger Castricum (born in The Hague on 29 May 1979) is a Dutch journalist and presenter, who was known as reporter for the PowNews television programme by the Dutch broadcaster PowNed and previously for the blog Geenstijl.",TRUE,TRUE,,,
365,FP_new,S_C_Rai,birthDate,1929-02-12,,Satish Chandra Rai (12 February 1929 - 28 August 2016) was a surgeon from Uttar Pradesh. He was the first elected mayor of Lucknow and personal doctor to two Prime Ministers.,FALSE,TRUE,,,
364,FP_new,S_C_Rai,birthName,Satish Chandra Rai,,Satish Chandra Rai (12 February 1929 - 28 August 2016) was a surgeon from Uttar Pradesh. He was the first elected mayor of Lucknow and personal doctor to two Prime Ministers.,TRUE,TRUE,,,
366,FP_new,S_C_Rai,deathDate,2016-08-28,,Satish Chandra Rai (12 February 1929 - 28 August 2016) was a surgeon from Uttar Pradesh. He was the first elected mayor of Lucknow and personal doctor to two Prime Ministers.,FALSE,TRUE,,,
3174,FP_new,S_C_Rai,label,Satish Chandra Rai,,Satish Chandra Rai (12 February 1929 - 28 August 2016) was a surgeon from Uttar Pradesh. He was the first elected mayor of Lucknow and personal doctor to two Prime Ministers.,TRUE,FALSE,LCE,,
3688,FP_new,S_C_Rai,label,Saur Rai,,Satish Chandra Rai (12 February 1929 - 28 August 2016) was a surgeon from Uttar Pradesh. He was the first elected mayor of Lucknow and personal doctor to two Prime Ministers.,TRUE,FALSE,LCE,,
5198,FP_new,S_C_Rai,label,S Chandra Rai,,Satish Chandra Rai (12 February 1929 - 28 August 2016) was a surgeon from Uttar Pradesh. He was the first elected mayor of Lucknow and personal doctor to two Prime Ministers.,TRUE,FALSE,LCE,,
2358,FP_new,S%2E_Swarnajothi,birthDate,2007-01-03,,"S. Swarnajothi was the 38th Auditor General of Sri Lanka. He was appointed on 3 January 2007, succeeding P. A. Pematilaka. He was succeeded by H. A. S. Samaraweera. Swarnajothi serves on the Board of Directors of Commercial Bank since 20 August 2012. He is a Fellow of the Institute of Chartered Accountants of Sri Lanka and a Fellow of the Institute of Certified Management Accountants of Sri Lanka and also a member of the Institute of Certified Management Accountants of Australia.",TRUE,FALSE,WV,,
2359,FP_new,S%2E_Swarnajothi,birthYear,2007,,"S. Swarnajothi was the 38th Auditor General of Sri Lanka. He was appointed on 3 January 2007, succeeding P. A. Pematilaka. He was succeeded by H. A. S. Samaraweera. Swarnajothi serves on the Board of Directors of Commercial Bank since 20 August 2012. He is a Fellow of the Institute of Chartered Accountants of Sri Lanka and a Fellow of the Institute of Certified Management Accountants of Sri Lanka and also a member of the Institute of Certified Management Accountants of Australia.",TRUE,FALSE,WV,,
2337,FN,S%C3%A2mia_Bomfim,birthName,,Sâmia de Souza Bomfim,"Sâmia de Souza Bomfim (born 22 August 1989) is a Brazilian politician. She has spent her political career representing São Paulo, having served as federal deputy representative since 2019.",TRUE,TRUE,,,
600,FP_new,S%C3%A2mia_Bomfim,label,Sâmia de Souza Bomfim,,"Sâmia de Souza Bomfim (born 22 August 1989) is a Brazilian politician. She has spent her political career representing São Paulo, having served as federal deputy representative since 2019.",TRUE,FALSE,LCE,,
14,FP_different,Sabur%C5%8D_Kawabuchi,label,Saburo Kawabuchi,Saburō Kawabuchi,"Saburo Kawabuchi (川淵 三郎, Kawabuchi Saburō, born December 3, 1936) is a former Japanese football player and manager. He played for and managed the Japan national team. He is the founder and honorary chairman of the J.League. Between 2002 and 2008, he served as president of the Japan Football Association.",TRUE,FALSE,TMI,,
881,FP_new,Sajjan_Jindal,birthName,Sajjan Jindal,,"Sajjan Jindal (born 5 December 1959) is an Indian entrepreneur. He is the chairman and managing director of JSW Group of companies diversified in steel, mining, energy, sports, infrastructure and software business. As of September 2022, he is serving as the chairman of World Steel Association.",TRUE,TRUE,,,
1491,FN,Sakina_Sheikh,birthName,,Sakina Zahra Sheikh,Sakina Zahra Sheikh (born 1990) is a British Labour Party politician who has been a Member of the London Assembly (AM) for Londonwide since 2021. She also represents Perry Vale on Lewisham Council.,TRUE,TRUE,,,
221,FP_new,Sakina_Sheikh,birthYear,1990,,Sakina Zahra Sheikh (born 1990) is a British Labour Party politician who has been a Member of the London Assembly (AM) for Londonwide since 2021. She also represents Perry Vale on Lewisham Council.,TRUE,TRUE,,,
4088,FP_new,Sakina_Sheikh,label,Sakina Zahra Sheikh,,Sakina Zahra Sheikh (born 1990) is a British Labour Party politician who has been a Member of the London Assembly (AM) for Londonwide since 2021. She also represents Perry Vale on Lewisham Council.,TRUE,FALSE,LCE,,
205,FP_new,Sam_Parsons,birthDate,1995-08-23,,"Sam Parsons (born 23 August 1995) is a badminton player from England. Parsons started playing badminton at age five. In 2014, he was the finalist in the English National Badminton Championships in the men's singles event and in 2015 the winner of this event.",TRUE,TRUE,,,
206,FP_new,Sam_Parsons,birthYear,1995,,"Sam Parsons (born 23 August 1995) is a badminton player from England. Parsons started playing badminton at age five. In 2014, he was the finalist in the English National Badminton Championships in the men's singles event and in 2015 the winner of this event.",TRUE,TRUE,,,
599,FP_new,Sam_Stout,birthName,Samuel James Stout,,"Samuel James Stout (born April 23, 1984) is a retired Canadian professional mixed martial artist. A professional from 2003 until 2015, Stout is best known for his 20-fight stint with the Ultimate Fighting Championship (UFC), winning Fight of the Night honors seven times. He is also the former TKO Major League MMA Lightweight Champion.",TRUE,TRUE,,,
199,FP_new,Samuel_Gordon_Daily,birthDate,1823-08-15,,"Samuel Gordon Daily (1823 – August 15, 1866) was an American politician from the Nebraska Territory. He was born in Trimble County, Kentucky. Daily moved with his parents to Jefferson County, Indiana in 1824, where he attended the common schools and Hanover College in Hanover, Indiana. Daily then studied law and was admitted to the bar in Indianapolis, Indiana and commenced practice in Madison, Indiana. He was an unsuccessful candidate of the Free Soil Party for election to the Indiana General Assembly; he then moved to Indianapolis and was engaged in the cooperage business.",FALSE,FALSE,AC,,
820,FP_new,Samuel_Gordon_Daily,birthDate,1823-08-23,,"Samuel Gordon Daily (1823 – August 15, 1866) was an American politician from the Nebraska Territory. He was born in Trimble County, Kentucky. Daily moved with his parents to Jefferson County, Indiana in 1824, where he attended the common schools and Hanover College in Hanover, Indiana. Daily then studied law and was admitted to the bar in Indianapolis, Indiana and commenced practice in Madison, Indiana. He was an unsuccessful candidate of the Free Soil Party for election to the Indiana General Assembly; he then moved to Indianapolis and was engaged in the cooperage business.",FALSE,FALSE,AC,,
4578,FP_new,Samuel_Gordon_Daily,birthDate,1823-04-23,,"Samuel Gordon Daily (1823 – August 15, 1866) was an American politician from the Nebraska Territory. He was born in Trimble County, Kentucky. Daily moved with his parents to Jefferson County, Indiana in 1824, where he attended the common schools and Hanover College in Hanover, Indiana. Daily then studied law and was admitted to the bar in Indianapolis, Indiana and commenced practice in Madison, Indiana. He was an unsuccessful candidate of the Free Soil Party for election to the Indiana General Assembly; he then moved to Indianapolis and was engaged in the cooperage business.",FALSE,FALSE,AC,,
198,FN,Samuel_Gordon_Daily,birthName,,Samuel Gordon Daily,"Samuel Gordon Daily (1823 – August 15, 1866) was an American politician from the Nebraska Territory. He was born in Trimble County, Kentucky. Daily moved with his parents to Jefferson County, Indiana in 1824, where he attended the common schools and Hanover College in Hanover, Indiana. Daily then studied law and was admitted to the bar in Indianapolis, Indiana and commenced practice in Madison, Indiana. He was an unsuccessful candidate of the Free Soil Party for election to the Indiana General Assembly; he then moved to Indianapolis and was engaged in the cooperage business.",TRUE,TRUE,,,
200,FP_new,Samuel_Gordon_Daily,birthYear,1823,,"Samuel Gordon Daily (1823 – August 15, 1866) was an American politician from the Nebraska Territory. He was born in Trimble County, Kentucky. Daily moved with his parents to Jefferson County, Indiana in 1824, where he attended the common schools and Hanover College in Hanover, Indiana. Daily then studied law and was admitted to the bar in Indianapolis, Indiana and commenced practice in Madison, Indiana. He was an unsuccessful candidate of the Free Soil Party for election to the Indiana General Assembly; he then moved to Indianapolis and was engaged in the cooperage business.",TRUE,TRUE,,,
1207,FP_new,Sandra_de_Helen,birthName,Sandra de Helen,,"Sandra de Helen (born January 19, 1944) is a poet, playwright, editor, and author of mysteries, plays, short stories, essays, poetry, and articles, many of which feature lesbian protagonists.",TRUE,TRUE,,,
689,FP_new,Sanford_Meisner,birthName,Sanford Meisner,,"Sanford Meisner (August 31, 1905 – February 2, 1997) was an American actor and acting teacher who developed an approach to acting instruction that is now known as the Meisner technique. While Meisner was exposed to method acting at the Group Theatre, his approach differed markedly in that he completely abandoned the use of affective memory, a distinct characteristic of method acting. Meisner maintained an emphasis on ""the reality of doing"", which was the foundation of his approach.",TRUE,TRUE,,,
488,FP_new,Santosh_Bhattacharyya,deathDate,2011-03-10,,"Santosh Bhattacharyya (1 November 1924 – 10 March 2011) was a Bengali Indian scholar, who served as a Vice Chancellor of the University of Calcutta, in Kolkata, India.",TRUE,TRUE,,,
489,FP_new,Santosh_Bhattacharyya,deathYear,2011,,"Santosh Bhattacharyya (1 November 1924 – 10 March 2011) was a Bengali Indian scholar, who served as a Vice Chancellor of the University of Calcutta, in Kolkata, India.",TRUE,TRUE,,,
383,FP_new,Sarah_Hildebrand,birthName,Sarah Marie Hildebrand,,"Nur Sarah Marie Hildebrand Asyraf Hildebrand (born 18 August 1990) is a Malaysian former model, actress, and television host. She began her acting career in 2015, with several minor television and film roles. Sarah has appeared in magazines such as InTrend, EH! and Hijabista. Her name is shining more and more after successfully playing the role of Nadine in the drama serial Pujaan Hati Kanda in 2018.",TRUE,FALSE,ICE,,
1025,FP_new,Sarah_Hildebrand,birthName,Sarah Marie Hildebrand Asyraf Hildebrand,,"Nur Sarah Marie Hildebrand Asyraf Hildebrand (born 18 August 1990) is a Malaysian former model, actress, and television host. She began her acting career in 2015, with several minor television and film roles. Sarah has appeared in magazines such as InTrend, EH! and Hijabista. Her name is shining more and more after successfully playing the role of Nadine in the drama serial Pujaan Hati Kanda in 2018.",TRUE,TRUE,,,
4211,FP_new,Sarah_Hildebrand,birthName,Nur Sarah Marie Hildebrand,,"Nur Sarah Marie Hildebrand Asyraf Hildebrand (born 18 August 1990) is a Malaysian former model, actress, and television host. She began her acting career in 2015, with several minor television and film roles. Sarah has appeared in magazines such as InTrend, EH! and Hijabista. Her name is shining more and more after successfully playing the role of Nadine in the drama serial Pujaan Hati Kanda in 2018.",TRUE,FALSE,ICE,,
191,FP_new,Saud_bin_Fahd_Al_Saud,birthDate,1950-10-08,,Saud bin Fahd Al Saud (Arabic: سعود بن فهد بن عبد العزيز آل سعود; born 8 October 1950) is a Saudi Arabian businessman and the former vice president of general intelligence directorate. He is a member of the House of Saud.,TRUE,TRUE,,,
192,FP_new,Saud_bin_Fahd_Al_Saud,birthYear,1950,,Saud bin Fahd Al Saud (Arabic: سعود بن فهد بن عبد العزيز آل سعود; born 8 October 1950) is a Saudi Arabian businessman and the former vice president of general intelligence directorate. He is a member of the House of Saud.,TRUE,TRUE,,,
894,FP_new,Say_Sam_Al,birthName,Say Sam Al,,"Say Sam Al (Khmer: សាយ សំអាល់; born 15 May 1980) is a Cambodian politician serving as the Minister of Environment since 2013. He is the son of Say Chhum, President of the Senate and Vice President of the Cambodian People's Party.",TRUE,TRUE,,,
884,FP_new,Seana_Kofoed,birthName,Seana Kofoed,,"Seana Kofoed (born August 13, 1970 in Wilmette, Illinois) is an American television and stage actress.",TRUE,TRUE,,,
75,FP_different,Sergi_Can%C3%B3s,label,Sergi Canós Tenés,Sergi Canós,"Sergi Canós Tenés (born 2 February 1997) is a Spanish professional footballer who plays as a winger for Premier League club Brentford. Canós began his career in the Barcelona Academy and transferred to the Liverpool Academy in 2013. A fringe player at both Liverpool and his next club Norwich City, Canós transferred to Brentford in 2017, for whom he had previously played on loan from Liverpool during the 2015–16 season. By April 2021, he had made 200 appearances for the club. Canós represented Spain between U15 and U19 level and has been described as a ""quick attacking player"". He is also a utility player, being adept as a winger, forward, attacking midfielder or right wing back.",TRUE,FALSE,LCE,,
398,FP_new,Serhiy_Rusyan,label,Serhiy Serhiyovych Rusyan,,Serhiy Serhiyovych Rusyan (Ukrainian: Сергій Сергійович Русьян; born 5 August 1999) is a Ukrainian professional footballer who plays as a right midfielder for Ukrainian club Ahrobiznes Volochysk.,TRUE,FALSE,LCE,,
385,FP_new,Sesson_Shukei,birthYear,1504,,"Sesson Shūkei (Japanese: 雪村周継; 1504 – c. 1589), born Satake Heizō (Japanese: 佐竹平蔵) was a Japanese Zen monk and painter from the Muromachi period. Shūkei was born a member of the Satake clan, but left after being disinherited by his father and was inducted as a monk at Shōsō-ji temple, the Satake bodaiji. He is the most important painter who followed the style of Sesshū Tōyō (1420-1506). On the other hand, there is an different opinion (jp) that he was not influenced or affected by Sesshū although he paid his respects to Sesshū (雪舟) by using the same Kanji, 雪 which means snow, in his name, Sesson (雪村). In any case Sesson was the master of ink painting that Ibaraki Prefecture has ever produced, ranked with Sesshū and called ""Sesshū of the west, Sesson of the east"". His works are classic exam",TRUE,TRUE,,,
386,FP_new,Sesson_Shukei,deathYear,1589,,"Sesson Shūkei (Japanese: 雪村周継; 1504 – c. 1589), born Satake Heizō (Japanese: 佐竹平蔵) was a Japanese Zen monk and painter from the Muromachi period. Shūkei was born a member of the Satake clan, but left after being disinherited by his father and was inducted as a monk at Shōsō-ji temple, the Satake bodaiji. He is the most important painter who followed the style of Sesshū Tōyō (1420-1506). On the other hand, there is an different opinion (jp) that he was not influenced or affected by Sesshū although he paid his respects to Sesshū (雪舟) by using the same Kanji, 雪 which means snow, in his name, Sesson (雪村). In any case Sesson was the master of ink painting that Ibaraki Prefecture has ever produced, ranked with Sesshū and called ""Sesshū of the west, Sesson of the east"". His works are classic exam",TRUE,TRUE,,,
384,FP_different,Sesson_Shukei,label,Sesson Shūkei,Sesson Shukei,"Sesson Shūkei (Japanese: 雪村周継; 1504 – c. 1589), born Satake Heizō (Japanese: 佐竹平蔵) was a Japanese Zen monk and painter from the Muromachi period. Shūkei was born a member of the Satake clan, but left after being disinherited by his father and was inducted as a monk at Shōsō-ji temple, the Satake bodaiji. He is the most important painter who followed the style of Sesshū Tōyō (1420-1506). On the other hand, there is an different opinion (jp) that he was not influenced or affected by Sesshū although he paid his respects to Sesshū (雪舟) by using the same Kanji, 雪 which means snow, in his name, Sesson (雪村). In any case Sesson was the master of ink painting that Ibaraki Prefecture has ever produced, ranked with Sesshū and called ""Sesshū of the west, Sesson of the east"". His works are classic exam",TRUE,FALSE,TMI,,
1142,FP_new,Shahril_Alias,label,Shahril bin Mohamad Alias,,"Muhammad Shahril bin Mohamad Alias (born 14 May 1984) is a professional football player who plays for the Woodlands Wellington in the S.League. He is a natural centre-back, though he can also play as a defensive midfielder or a right back.",TRUE,FALSE,LCE,,
1122,FP_new,Sharon_Carson,birthName,Sharon Carson,,"Sharon Carson (born November 11, 1957) is an American politician who has served in the New Hampshire Senate from the 14th district since 2008. She previously served in the New Hampshire House of Representatives from Rockingham's 3rd district from 2000 to 2008. She also serves as a professor at Nashua Community College for American Government and Politics.",TRUE,TRUE,,,
3516,FP_new,Shiena_Nishizawa,alias,Shiena Nishizawa,,"Shiena Nishizawa (西沢 幸奏, Nishizawa Shiena, born February 23, 1997), also known by her stage name Exina (stylized as EXiNA), is a Japanese pop rock singer from Saitama, signed to Sacra Music under Sony Music Entertainment. She won the Grand Prix in the first FlyingDog Audition in 2014. She released her debut single ""Fubuki"" in 2015, and her first album Break Your Fate in 2017.",TRUE,TRUE,,,
494,FP_new,Shigeo_Kiyama,birthName,Shigeo Kiyama,,"Shigeo Kiyama (喜山 茂雄, Kiyama Shigeo, born September 27, 1973 in Osaka) is a Japanese actor and voice actor.",TRUE,TRUE,,,
2263,FN,Shiva_Rajkumar,birthName,,Nagaraju Shiva Puttaswamy,"Nagaraju Shiva Puttaswamy (born 12 July 1962) known by his screen name Shiva Rajkumar, is an Indian actor, producer and television presenter, predominantly works in Kannada cinema. He is the eldest son of legendary actor & Kannada matinee idol Dr. Rajkumar. In a career spanning over three decades, Shiva has worked in over 120 films. He has won Karnataka State Film Awards, Filmfare Awards South, SIIMA awards and other recognitions for his performances onscreen.",TRUE,TRUE,,,
223,FP_new,Simone_Stella,birthYear,1981,,"Simone Stella (born 1981 in Florence, Italy) is an Italian harpsichordist, organist, composer and producer.",TRUE,TRUE,,,
936,FP_new,Song_Yanfei,birthName,Cecilia Boey,,"Song Yan-fei (Chinese: 宋妍霏; born October 22, 1995), also known as Cecilia Boey (Chinese: 梅允中; Pe̍h-ōe-jī: Bôe Ún-tiong), is a Chinese actress, singer and dancer. Song gained fame after joining Grade One Freshman and her roles in I'm Sorry It's not You (2017), Mr. Right (2018) and Walk Into Your Memory (2019).",TRUE,FALSE,WV,,
301,FP_new,Song_Yanfei,label,Song Yan-fei,,"Song Yan-fei (Chinese: 宋妍霏; born October 22, 1995), also known as Cecilia Boey (Chinese: 梅允中; Pe̍h-ōe-jī: Bôe Ún-tiong), is a Chinese actress, singer and dancer. Song gained fame after joining Grade One Freshman and her roles in I'm Sorry It's not You (2017), Mr. Right (2018) and Walk Into Your Memory (2019).",TRUE,FALSE,TMI,,
2085,FP_new,Song_Yanfei,label,Song Yanfei,,"Song Yan-fei (Chinese: 宋妍霏; born October 22, 1995), also known as Cecilia Boey (Chinese: 梅允中; Pe̍h-ōe-jī: Bôe Ún-tiong), is a Chinese actress, singer and dancer. Song gained fame after joining Grade One Freshman and her roles in I'm Sorry It's not You (2017), Mr. Right (2018) and Walk Into Your Memory (2019).",FALSE,TRUE,,,
559,FP_new,Sophie_of_Brandenburg-Ansbach,birthDate,1535-03-23,,"Sophie of Brandenburg-Ansbach (23 March 1535, Ansbach – 22 February 1587, Legnica) was a princess of Brandenburg-Ansbach and by marriage Duchess of Legnica.",TRUE,TRUE,,,
561,FP_new,Sophie_of_Brandenburg-Ansbach,birthYear,1535,,"Sophie of Brandenburg-Ansbach (23 March 1535, Ansbach – 22 February 1587, Legnica) was a princess of Brandenburg-Ansbach and by marriage Duchess of Legnica.",TRUE,TRUE,,,
560,FP_new,Sophie_of_Brandenburg-Ansbach,deathDate,1587-02-22,,"Sophie of Brandenburg-Ansbach (23 March 1535, Ansbach – 22 February 1587, Legnica) was a princess of Brandenburg-Ansbach and by marriage Duchess of Legnica.",TRUE,TRUE,,,
562,FP_new,Sophie_of_Brandenburg-Ansbach,deathYear,1587,,"Sophie of Brandenburg-Ansbach (23 March 1535, Ansbach – 22 February 1587, Legnica) was a princess of Brandenburg-Ansbach and by marriage Duchess of Legnica.",TRUE,TRUE,,,
1800,FP_new,Sreedhar,birthDate,1935-07-11,,"Sreedhar (born Sreedhar Surapaneni) (Telugu: శ్రీధర్) was an Indian actor from Andhra Pradesh, who has predominantly acted in Telugu films. He started acting in small roles in early 70s. He became popular with Mutyala Muggu in 1975 directed by Bapu. He proved himself as a versatile actor by playing hero, villain and other supporting characters in over 150 films. He died on 11 July 2007 in Hyderabad because of cardiac arrest. He was survived by his wife and three daughters.He was born and brought up in Kummamuru, Krishna district.",FALSE,FALSE,FH,,
2314,FP_new,Sreedhar,birthDate,2007-07-11,,"Sreedhar (born Sreedhar Surapaneni) (Telugu: శ్రీధర్) was an Indian actor from Andhra Pradesh, who has predominantly acted in Telugu films. He started acting in small roles in early 70s. He became popular with Mutyala Muggu in 1975 directed by Bapu. He proved himself as a versatile actor by playing hero, villain and other supporting characters in over 150 films. He died on 11 July 2007 in Hyderabad because of cardiac arrest. He was survived by his wife and three daughters.He was born and brought up in Kummamuru, Krishna district.",TRUE,FALSE,WV,,
2838,FP_new,Sreedhar,birthDate,1997-07-11,,"Sreedhar (born Sreedhar Surapaneni) (Telugu: శ్రీధర్) was an Indian actor from Andhra Pradesh, who has predominantly acted in Telugu films. He started acting in small roles in early 70s. He became popular with Mutyala Muggu in 1975 directed by Bapu. He proved himself as a versatile actor by playing hero, villain and other supporting characters in over 150 films. He died on 11 July 2007 in Hyderabad because of cardiac arrest. He was survived by his wife and three daughters.He was born and brought up in Kummamuru, Krishna district.",FALSE,FALSE,MCE,,
3368,FP_new,Sreedhar,birthDate,1957-07-11,,"Sreedhar (born Sreedhar Surapaneni) (Telugu: శ్రీధర్) was an Indian actor from Andhra Pradesh, who has predominantly acted in Telugu films. He started acting in small roles in early 70s. He became popular with Mutyala Muggu in 1975 directed by Bapu. He proved himself as a versatile actor by playing hero, villain and other supporting characters in over 150 films. He died on 11 July 2007 in Hyderabad because of cardiac arrest. He was survived by his wife and three daughters.He was born and brought up in Kummamuru, Krishna district.",FALSE,FALSE,MCE,,
1801,FP_new,Sreedhar,birthYear,1935,,"Sreedhar (born Sreedhar Surapaneni) (Telugu: శ్రీధర్) was an Indian actor from Andhra Pradesh, who has predominantly acted in Telugu films. He started acting in small roles in early 70s. He became popular with Mutyala Muggu in 1975 directed by Bapu. He proved himself as a versatile actor by playing hero, villain and other supporting characters in over 150 films. He died on 11 July 2007 in Hyderabad because of cardiac arrest. He was survived by his wife and three daughters.He was born and brought up in Kummamuru, Krishna district.",FALSE,FALSE,FH,,
2316,FP_new,Sreedhar,birthYear,2007,,"Sreedhar (born Sreedhar Surapaneni) (Telugu: శ్రీధర్) was an Indian actor from Andhra Pradesh, who has predominantly acted in Telugu films. He started acting in small roles in early 70s. He became popular with Mutyala Muggu in 1975 directed by Bapu. He proved himself as a versatile actor by playing hero, villain and other supporting characters in over 150 films. He died on 11 July 2007 in Hyderabad because of cardiac arrest. He was survived by his wife and three daughters.He was born and brought up in Kummamuru, Krishna district.",TRUE,FALSE ,WV,,
2839,FP_new,Sreedhar,birthYear,1997,,"Sreedhar (born Sreedhar Surapaneni) (Telugu: శ్రీధర్) was an Indian actor from Andhra Pradesh, who has predominantly acted in Telugu films. He started acting in small roles in early 70s. He became popular with Mutyala Muggu in 1975 directed by Bapu. He proved himself as a versatile actor by playing hero, villain and other supporting characters in over 150 films. He died on 11 July 2007 in Hyderabad because of cardiac arrest. He was survived by his wife and three daughters.He was born and brought up in Kummamuru, Krishna district.",FALSE,FALSE ,WV,,
3369,FP_new,Sreedhar,birthYear,1957,,"Sreedhar (born Sreedhar Surapaneni) (Telugu: శ్రీధర్) was an Indian actor from Andhra Pradesh, who has predominantly acted in Telugu films. He started acting in small roles in early 70s. He became popular with Mutyala Muggu in 1975 directed by Bapu. He proved himself as a versatile actor by playing hero, villain and other supporting characters in over 150 films. He died on 11 July 2007 in Hyderabad because of cardiac arrest. He was survived by his wife and three daughters.He was born and brought up in Kummamuru, Krishna district.",FALSE,FALSE ,WV,,
578,FN,Sreedhar,deathDate,,2007-07-11,"Sreedhar (born Sreedhar Surapaneni) (Telugu: శ్రీధర్) was an Indian actor from Andhra Pradesh, who has predominantly acted in Telugu films. He started acting in small roles in early 70s. He became popular with Mutyala Muggu in 1975 directed by Bapu. He proved himself as a versatile actor by playing hero, villain and other supporting characters in over 150 films. He died on 11 July 2007 in Hyderabad because of cardiac arrest. He was survived by his wife and three daughters.He was born and brought up in Kummamuru, Krishna district.",TRUE,TRUE,,,
579,FN,Sreedhar,deathYear,,2007,"Sreedhar (born Sreedhar Surapaneni) (Telugu: శ్రీధర్) was an Indian actor from Andhra Pradesh, who has predominantly acted in Telugu films. He started acting in small roles in early 70s. He became popular with Mutyala Muggu in 1975 directed by Bapu. He proved himself as a versatile actor by playing hero, villain and other supporting characters in over 150 films. He died on 11 July 2007 in Hyderabad because of cardiac arrest. He was survived by his wife and three daughters.He was born and brought up in Kummamuru, Krishna district.",TRUE,TRUE,,,
1264,FP_different,Sreedhar,label,Sreedhar Surapaneni,Sreedhar,"Sreedhar (born Sreedhar Surapaneni) (Telugu: శ్రీధర్) was an Indian actor from Andhra Pradesh, who has predominantly acted in Telugu films. He started acting in small roles in early 70s. He became popular with Mutyala Muggu in 1975 directed by Bapu. He proved himself as a versatile actor by playing hero, villain and other supporting characters in over 150 films. He died on 11 July 2007 in Hyderabad because of cardiac arrest. He was survived by his wife and three daughters.He was born and brought up in Kummamuru, Krishna district.",TRUE,FALSE,LCE,,
809,FN,Stefan_Tafrov,birthDate,,1958-02-11,"Stefan Tafrov is a Bulgarian politician, born on 11 February 1958, in Sofia. He was the Permanent Representative of Bulgaria to the United Nations between 2001 and 2006, being replaced by. In September 2002 and December 2003, as part of the standard presidency rotation, he took up the presidency of the United Nations Security Council. In June 2012, he was once again appointed as the Permanent Representative of Bulgaria to the United Nations, and served until 2016.",TRUE,TRUE,,,
810,FN,Stefan_Tafrov,birthYear,,1958,"Stefan Tafrov is a Bulgarian politician, born on 11 February 1958, in Sofia. He was the Permanent Representative of Bulgaria to the United Nations between 2001 and 2006, being replaced by. In September 2002 and December 2003, as part of the standard presidency rotation, he took up the presidency of the United Nations Security Council. In June 2012, he was once again appointed as the Permanent Representative of Bulgaria to the United Nations, and served until 2016.",TRUE,TRUE,,,
581,FP_new,Stephen_Hammond,birthName,Stephen William Hammond,,"Stephen William Hammond (born 4 February 1962) is a British Conservative Party politician who has served as the Member of Parliament (MP) for Wimbledon since 2005. On 4 September 2012, Hammond was appointed Parliamentary Under-Secretary of State for Transport, with responsibility for buses, rail and shipping. He lost his ministerial post in the reshuffle on 15 July 2014 and was succeeded by Claire Perry. He became Vice Chairman of the Conservative Party for London on 20 July 2017 and was sacked the following 16 December after participating in a Brexit rebellion against the government of Theresa May three days earlier. Hammond was however appointed to be a Minister of State at the Department of Health and Social Care on 16 November 2018, following the promotion of Steve Barclay to the posit",TRUE,TRUE,,,
2164,FN,Stuart_Cloete,birthName,,Edward Fairly Stuart Graham Cloete,"Edward Fairly Stuart Graham Cloete (23 July 1897 – 19 March 1976) was a South African novelist, essayist, biographer and short story writer.",TRUE,TRUE,,,
626,FN,Sulak_Sivaraksa,birthDate,,1933-03-27,"Sulak Sivaraksa (Thai: สุลักษณ์ ศิวรักษ์; RTGS: Sulak Siwarak; pronounced [sùlák sìwárák]; born 27 March 1933 in Siam) is a Thai social activist, professor, writer and the founder and director of the Thai NGO """", named after two authorities on Thai culture, Sathirakoses (Phya Anuman Rajadhon) and (Phra Saraprasoet). He initiated a number of social, humanitarian, ecological and spiritual movements and organizations in Thailand, such as the College SEM (Spirit in Education Movement).",TRUE,TRUE,,,
627,FN,Sulak_Sivaraksa,birthYear,,1933,"Sulak Sivaraksa (Thai: สุลักษณ์ ศิวรักษ์; RTGS: Sulak Siwarak; pronounced [sùlák sìwárák]; born 27 March 1933 in Siam) is a Thai social activist, professor, writer and the founder and director of the Thai NGO """", named after two authorities on Thai culture, Sathirakoses (Phya Anuman Rajadhon) and (Phra Saraprasoet). He initiated a number of social, humanitarian, ecological and spiritual movements and organizations in Thailand, such as the College SEM (Spirit in Education Movement).",TRUE,TRUE,,,
1272,FP_new,Supachai_Panitchpakdi,birthName,Supachai Panitchpakdi,,"Supachai Panitchpakdi (Thai: ศุภชัย พานิชภักดิ์, RTGS: Supphachai Phanitchaphak, pronounced [sùp.pʰā.t͡ɕʰāj pʰāː.nít.t͡ɕʰā.pʰák]; born 30 May 1946 in Bangkok, Thailand) is a Thai politician and professor. He was Secretary-General of the UN Conference on Trade and Development (UNCTAD) from 1 September 2005 to 31 August 2013. Prior to this, he was the Director-General of the World Trade Organization (WTO) from 1 September 2002 to 1 September 2005. He was succeeded by Pascal Lamy.",TRUE,TRUE,,,
61,FN,Supanat_Ariyamongkol,label,,Supanat Ariyamongkol,"Police Major General Supanat Ariyamongkol (Thai: ศุภณัฐ อริยะมงคล), previously named Panus (พนัส, born 6 January 1946) is a Thai sprinter and coach. He competed in the men's 4 × 100 metres relay at the 1972 Summer Olympics, and is head coach of the Thai national athletics team and Deputy Secretary-General of the Athletic Association of Thailand. He is the younger twin brother of Surapong Ariyamongkol.",TRUE,TRUE,,,
228,FN,Susan_Cobb_Milton_Atkinson,birthName,,Susan Cobb Milton,"Susan Cobb Milton Atkinson (1860 — 1942), was influential in promoting education to women in Georgia in the late 19th and early 20th centuries. As the wife of William Yates Atkinson, the Governor of Georgia from 1894 to 1898, she used her position as the state First Lady to advocate for state funding for women to attend college. After her time at Georgia College, she went into the insurance business. In her later life, Atkinson served as the postmistress in Newnan—a title bestowed upon her by President Theodore Roosevelt himself.",TRUE,TRUE,,,
847,FN,Susan_Cobb_Milton_Atkinson,birthYear,,1860,"Susan Cobb Milton Atkinson (1860 — 1942), was influential in promoting education to women in Georgia in the late 19th and early 20th centuries. As the wife of William Yates Atkinson, the Governor of Georgia from 1894 to 1898, she used her position as the state First Lady to advocate for state funding for women to attend college. After her time at Georgia College, she went into the insurance business. In her later life, Atkinson served as the postmistress in Newnan—a title bestowed upon her by President Theodore Roosevelt himself.",TRUE,TRUE,,,
229,FP_new,Susan_Cobb_Milton_Atkinson,deathYear,1942,,"Susan Cobb Milton Atkinson (1860 — 1942), was influential in promoting education to women in Georgia in the late 19th and early 20th centuries. As the wife of William Yates Atkinson, the Governor of Georgia from 1894 to 1898, she used her position as the state First Lady to advocate for state funding for women to attend college. After her time at Georgia College, she went into the insurance business. In her later life, Atkinson served as the postmistress in Newnan—a title bestowed upon her by President Theodore Roosevelt himself.",TRUE,TRUE,,,
1084,FP_new,Susana_Sumelzo,birthName,Susana Sumelzo,,"Susana Sumelzo Jordán (born 1969) is a Spanish politician of the Spanish Socialist Workers' Party (PSOE), currently serving as member of the Congress of Deputies.",TRUE,FALSE ,ICE,,
483,FP_new,Susanne_Melior,birthName,Susanne Melior,,"Susanne Melior (born 1 September 1958) is a German biologist and politician who served as Member of the European Parliament (MEP) from 2014 until 2019. She is a member of the Social Democratic Party, part of the Party of European Socialists.",TRUE,TRUE,,,
96,FP_new,Sylvie_Readman,birthYear,1958,,"Sylvie Readman (born 1958 in Quebec City, Quebec) is a Canadian photographer. Her work is included in the collections of the National Gallery of Canada and the Musée national des beaux-arts du Québec.",TRUE,TRUE,,,
50,FP_new,T%2E_N%2E_Krishnan,label,Tppunithura Narayanaiyer Krishnan,,"Trippunithura Narayanaiyer Krishnan (6 October 1928 – 2 November 2020) was an Indian Carnatic music violinist. Along with Lalgudi Jayaraman and M. S. Gopalakrishnan he was considered part of the violin-trinity of Carnatic music. He was awarded the Madras Music Academy's Sangeetha Kalanidhi in 1980. He was also the recipient of the Padma Bhushan, India's third highest civilian honour, in 1992, and earlier, the Padma Shri, India's fourth highest civilian honour, in 1973.",TRUE,FALSE,LCE,,
1870,FP_new,T%2E_N%2E_Krishnan,label,Trivunithura Narayanaiyer Krishnan,,"Trippunithura Narayanaiyer Krishnan (6 October 1928 – 2 November 2020) was an Indian Carnatic music violinist. Along with Lalgudi Jayaraman and M. S. Gopalakrishnan he was considered part of the violin-trinity of Carnatic music. He was awarded the Madras Music Academy's Sangeetha Kalanidhi in 1980. He was also the recipient of the Padma Bhushan, India's third highest civilian honour, in 1992, and earlier, the Padma Shri, India's fourth highest civilian honour, in 1973.",TRUE,FALSE,LCE,,
2910,FP_new,T%2E_N%2E_Krishnan,label,Trippunithura Narayanaiyer Krishnan,,"Trippunithura Narayanaiyer Krishnan (6 October 1928 – 2 November 2020) was an Indian Carnatic music violinist. Along with Lalgudi Jayaraman and M. S. Gopalakrishnan he was considered part of the violin-trinity of Carnatic music. He was awarded the Madras Music Academy's Sangeetha Kalanidhi in 1980. He was also the recipient of the Padma Bhushan, India's third highest civilian honour, in 1992, and earlier, the Padma Shri, India's fourth highest civilian honour, in 1973.",TRUE,FALSE,LCE,,
3438,FP_new,T%2E_N%2E_Krishnan,label,T%2E Krishnan,,"Trippunithura Narayanaiyer Krishnan (6 October 1928 – 2 November 2020) was an Indian Carnatic music violinist. Along with Lalgudi Jayaraman and M. S. Gopalakrishnan he was considered part of the violin-trinity of Carnatic music. He was awarded the Madras Music Academy's Sangeetha Kalanidhi in 1980. He was also the recipient of the Padma Bhushan, India's third highest civilian honour, in 1992, and earlier, the Padma Shri, India's fourth highest civilian honour, in 1973.",TRUE,FALSE,TMI,,
4952,FP_new,T%2E_N%2E_Krishnan,label,T.2E Krishnan,,"Trippunithura Narayanaiyer Krishnan (6 October 1928 – 2 November 2020) was an Indian Carnatic music violinist. Along with Lalgudi Jayaraman and M. S. Gopalakrishnan he was considered part of the violin-trinity of Carnatic music. He was awarded the Madras Music Academy's Sangeetha Kalanidhi in 1980. He was also the recipient of the Padma Bhushan, India's third highest civilian honour, in 1992, and earlier, the Padma Shri, India's fourth highest civilian honour, in 1973.",TRUE,TRUE,,,
348,FP_new,Takanori_Hoshino,birthName,Takanori Takanori,,"Takanori Hoshino (星野貴紀, Hoshino Takanori, born 8 May 1980) is a Japanese voice actor affiliated with Production Baobab and Office PAC. He is best known for his role as Jack Atlas in Yu-Gi-Oh! 5D's.",FALSE,TRUE,,,
16,FP_new,Tamagaki_Gakunosuke,birthDate,1784-08-29,,"Tamagaki Gakunosuke IV (1784 – August 29, 1824) was a Japanese sumo wrestler from Minamitakaki, Nagasaki, Japan. His highest rank was ōzeki.",FALSE,FALSE,MPV,,
4427,FP_new,Tamagaki_Gakunosuke,birthDate,1784-04-04,,"Tamagaki Gakunosuke IV (1784 – August 29, 1824) was a Japanese sumo wrestler from Minamitakaki, Nagasaki, Japan. His highest rank was ōzeki.",FALSE,FALSE,FH,,
17,FP_new,Tamagaki_Gakunosuke,birthYear,1784,,"Tamagaki Gakunosuke IV (1784 – August 29, 1824) was a Japanese sumo wrestler from Minamitakaki, Nagasaki, Japan. His highest rank was ōzeki.",TRUE,TRUE,,,
15,FP_different,Tamagaki_Gakunosuke,label,Tamagaki Gakunosuke IV,Tamagaki Gakunosuke,"Tamagaki Gakunosuke IV (1784 – August 29, 1824) was a Japanese sumo wrestler from Minamitakaki, Nagasaki, Japan. His highest rank was ōzeki.",TRUE,FALSE,LCE,,
1185,FN,Tavita_Pritchard,birthDate,,1987-02-20,"Tavita Pritchard (born February 20, 1987) is an American football coach. He is currently the offensive coordinator for Stanford, where he also played quarterback.",TRUE,TRUE,,,
1186,FN,Tavita_Pritchard,birthYear,,1987,"Tavita Pritchard (born February 20, 1987) is an American football coach. He is currently the offensive coordinator for Stanford, where he also played quarterback.",TRUE,TRUE,,,
871,FP_new,Telis_Mistakidis,birthName,Aristotelis Mistakidis,,Aristotelis Mistakidis (born 1962) is a Swiss-based Greek metals trader who became a billionaire working for Glencore. He has joint Greek/British citizenship.,TRUE,TRUE,,,
872,FN,Telis_Mistakidis,birthYear,,1962,Aristotelis Mistakidis (born 1962) is a Swiss-based Greek metals trader who became a billionaire working for Glencore. He has joint Greek/British citizenship.,TRUE,TRUE,,,
250,FN,Telis_Mistakidis,label,,Telis Mistakidis,Aristotelis Mistakidis (born 1962) is a Swiss-based Greek metals trader who became a billionaire working for Glencore. He has joint Greek/British citizenship.,TRUE,TRUE,,,
548,FP_new,Teo_Halm,birthName,Teo Lucas Halm,,"Teo Lucas Halm (born May 18, 1999) is an American songwriter, record producer, and actor. Halm's notable co-writing/production credits include the Rosalía singles ""Con Altura"" with J Balvin and ""TKN"" with Travis Scott, the former which won a Latin Grammy Award, as well as two songs from the Beyoncé-produced The Lion King: The Gift. As an actor, Halm is best known for starring in the 2014 film Earth to Echo.",TRUE,TRUE,,,
353,FP_new,Terra_Findlay,birthDate,1990-05-03,,"Terra Findlay (born May 3, 1990) is a French-Canadian ice dancer who has also competed for France.",TRUE,TRUE,,,
354,FP_new,Terra_Findlay,birthYear,1990,,"Terra Findlay (born May 3, 1990) is a French-Canadian ice dancer who has also competed for France.",TRUE,TRUE,,,
4890,FP_different,Theo_van_de_Vendel,label,Theo Van de Vendel,Theo van de Vendel,"Theo van de Vendel (born 24 October 1980) is a Dutch Olympic eventing rider. He competed at the 2016 Summer Olympics in Rio de Janeiro where he was eliminated in the individual and finished 6th in the team competition. Van de Vendel also participated at the 2015 European Eventing Championships, where he finished 4th in the team event.",TRUE,FALSE,TMI,,
241,FN,Thomas_McAnea,alias,,Hologram Tam,"Thomas Charles McAnea (c.1950 – 2 August 2013), also known as Hologram Tam, was a Scottish master counterfeiter, regarded as one of the most skillful in Europe with regard to banknote security holograms.",TRUE,TRUE,,,
242,FP_new,Thomas_McAnea,birthName,Thomas Charles McAnea,,"Thomas Charles McAnea (c.1950 – 2 August 2013), also known as Hologram Tam, was a Scottish master counterfeiter, regarded as one of the most skillful in Europe with regard to banknote security holograms.",TRUE,TRUE,,,
243,FP_new,Thomas_McAnea,birthYear,1950,,"Thomas Charles McAnea (c.1950 – 2 August 2013), also known as Hologram Tam, was a Scottish master counterfeiter, regarded as one of the most skillful in Europe with regard to banknote security holograms.",TRUE,TRUE,,,
4634,FP_new,Thomas_Reaney,birthYear,1900,,Thomas Reaney was a footballer who played three games at right-back in the Football League for Burslem Port Vale in the mid-1900s.,TRUE,FALSE,WV,,
1012,FP_new,Thomas_Welton_Stanford,birthName,Thomas Welton Stanford,,"Thomas Welton Stanford (1832–1918), also known as Welton Stanford, was an American-born Australian businessman, spiritualist and philanthropist, most notably toward Stanford University, which was founded by his older brother Leland Stanford. Although living most of his adult life in Australia, he kept his American citizenship and served intermittently as honorary American vice consul-general in Melbourne.",TRUE,TRUE,,,
1073,FP_new,Tibor_Ga%C5%A1par,birthName,Tibor Gašpar,,Tibor Gašpar (born 23 April 1962) was the President of police of Slovakia. He assumed office in 2012.,TRUE,TRUE,,,
512,FP_new,Tim_Gettinger,label,Tim Gettinger,,"Timothy Gettinger (born April 14, 1998) is an American professional ice hockey forward for the New York Rangers of the National Hockey League (NHL). He was selected by the Rangers in the fifth round, 141st overall, in the 2016 NHL Entry Draft. He had served as captain for the Sault Ste. Marie Greyhounds of the Ontario Hockey League (OHL).",TRUE,TRUE,,,
785,FP_new,Timmy_Ladner,birthName,Timmy Ladner,,"Timmy Ladner (born July 4, 1963) is an American politician who has represented the 93rd district in the Mississippi House of Representatives since 2012.",TRUE,TRUE,,,
1125,FP_new,Todd_A%2E_Eachus,birthName,Todd A.Eachus,,"Todd A. Eachus (born September 26, 1962) is an American politician who served as a member of the Pennsylvania House of Representatives. He represented the 116th District (Luzerne County) from 1997 until 2010. Eachus represented most of lower Luzerne County, including Hazleton, Butler Township, and Foster Township. He previously served as the Majority Leader of the House.",FALSE,TRUE,,,
501,FP_new,Tollak_B%2E_Sirnes,label,Tollak Bakke Sirnes,,"Tollak Bakke Sirnes (17 October 1922 – 15 October 2009) was a Norwegian physician, psychiatrist and pharmacologist. Sirnes was born in Haugesund, and had eleven siblings of whom ten were older. He finished his secondary education in Haugesund in 1942. He then enrolled at the University of Oslo. This was during World War II, and Sirnes was arrested by the German occupation force following the 28 November 1943 university fire in Oslo. Of a total of 1,166 students arrested, 644 were sent to Germany for ""readjustment"". Sirnes was imprisoned in Buchenwald and Neuengamme concentration camps, but survived and was released at the war's end.",TRUE,FALSE,LCE,,
3449,FP_new,Tom_Devlin,deathDate,1935-04-35,,"James Thomas S. Devlin (10 April 1903 – after 1935) was a Scottish professional footballer who made 17 appearances in the Football League playing for Birmingham, Preston North End, Swindon Town, Walsall and Oldham Athletic. He played as an inside forward.",FALSE,FALSE,AC,,
60,FP_new,Tom_Devlin,deathYear,1935,,"James Thomas S. Devlin (10 April 1903 – after 1935) was a Scottish professional footballer who made 17 appearances in the Football League playing for Birmingham, Preston North End, Swindon Town, Walsall and Oldham Athletic. He played as an inside forward.",TRUE,TRUE,,,
115,FP_new,Tom%C3%A1s_Villanueva,birthName,Tomás Félix Villanueva Rodríguez,,"Tomás Félix Villanueva Rodríguez (25 February 1953 – 7 September 2017) was a Spanish politician. He was born in Valladolid and held several positions in the Junta of Castile and León. He was involved in various corruption scandals, and was set to appear before court in late 2017. However, on 7 September 2017, at the age of 64, Villanueva died suddenly of a heart attack.",TRUE,TRUE,,,
1399,FP_new,Tom%C3%A1s_Villanueva,birthName,Tomás Félix Villanueva,,"Tomás Félix Villanueva Rodríguez (25 February 1953 – 7 September 2017) was a Spanish politician. He was born in Valladolid and held several positions in the Junta of Castile and León. He was involved in various corruption scandals, and was set to appear before court in late 2017. However, on 7 September 2017, at the age of 64, Villanueva died suddenly of a heart attack.",TRUE,FALSE,ICE,,
142,FN,Toni_Halliday,alias,,Toni Halliday,"Antoinette ""Toni"" Halliday (born 5 July 1964) is an English musician best known as the lead vocalist, lyricist, and occasional guitarist of the alternative rock band Curve, along with Dean Garcia. She was also a member of the bands Photofitz, The Uncles, State of Play and Scylla. Halliday released solo work as Toni Halliday and Chatelaine. She collaborated with artists like Robert Plant, Recoil, The Future Sound of London, Leftfield, Paul van Dyk,, DJ? Acucrack, Headcase, The Killers, Acid Android, and Orbital. Halliday has a contralto vocal range.",TRUE,TRUE,,,
5019,FN,Toni_Halliday,label,,Toni Halliday,"Antoinette ""Toni"" Halliday (born 5 July 1964) is an English musician best known as the lead vocalist, lyricist, and occasional guitarist of the alternative rock band Curve, along with Dean Garcia. She was also a member of the bands Photofitz, The Uncles, State of Play and Scylla. Halliday released solo work as Toni Halliday and Chatelaine. She collaborated with artists like Robert Plant, Recoil, The Future Sound of London, Leftfield, Paul van Dyk,, DJ? Acucrack, Headcase, The Killers, Acid Android, and Orbital. Halliday has a contralto vocal range.",TRUE,TRUE,,,
3942,FP_different,Tonny_Brochmann,label,Tonny Brochmann Christiansen,Tonny Brochmann,"Tonny Brochmann Christiansen (born 11 August 1989) is a Danish footballer who plays as a midfielder. He has previously played for Horsens, Sogndal, Sandnes Ulf, Jerv, Stabæk and Mjøndalen.",TRUE,FALSE,LCE,,
343,FN,Tony_Armas,label,,Tony Armas,"Antonio Rafael Armas Machado (born July 2, 1953) is a Venezuelan former professional baseball player. He played in Major League Baseball (MLB) as an outfielder from 1976 to 1989. He is the father of pitcher Tony Armas Jr. and the older brother of outfielder Marcos Armas.",TRUE,TRUE,,,
82,FP_new,Tor_Saglie,birthDate,1949-09-13,,"Tor Saglie (born 13 September 1949) is a Norwegian civil servant. He was educated at the University of Oslo, graduating in 1976 with a cand.polit. degree in political science. He was the director (head of administration) of the University of Oslo from 1991 to 2003 and permanent under-secretary of state (departementsråd) in the Ministry of Local Government and Regional Development from 2003 to 2006. In 2006, he was appointed the first Labour and Welfare Director, i.e. the head of the Labour and Welfare Service and the Labour and Welfare Administration. He left in the summer of 2011. In April 2012 he was appointed as permanent under-secretary of state in the Ministry of Justice and the Police.",TRUE,TRUE,,,
685,FP_new,Tor_Saglie,birthName,Tor Saglie,,"Tor Saglie (born 13 September 1949) is a Norwegian civil servant. He was educated at the University of Oslo, graduating in 1976 with a cand.polit. degree in political science. He was the director (head of administration) of the University of Oslo from 1991 to 2003 and permanent under-secretary of state (departementsråd) in the Ministry of Local Government and Regional Development from 2003 to 2006. In 2006, he was appointed the first Labour and Welfare Director, i.e. the head of the Labour and Welfare Service and the Labour and Welfare Administration. He left in the summer of 2011. In April 2012 he was appointed as permanent under-secretary of state in the Ministry of Justice and the Police.",TRUE,TRUE,,,
83,FP_new,Tor_Saglie,birthYear,1949,,"Tor Saglie (born 13 September 1949) is a Norwegian civil servant. He was educated at the University of Oslo, graduating in 1976 with a cand.polit. degree in political science. He was the director (head of administration) of the University of Oslo from 1991 to 2003 and permanent under-secretary of state (departementsråd) in the Ministry of Local Government and Regional Development from 2003 to 2006. In 2006, he was appointed the first Labour and Welfare Director, i.e. the head of the Labour and Welfare Service and the Labour and Welfare Administration. He left in the summer of 2011. In April 2012 he was appointed as permanent under-secretary of state in the Ministry of Justice and the Police.",TRUE,TRUE,,,
278,FP_new,Tr%E1%BA%A7n_Hi%E1%BA%BFn_T%C3%B4ng,birthDate,1319-05-17,,"Trần Hiến Tông (17 May 1319 – 11 June 1341), given name Trần Vượng (陳 旺), was the sixth emperor of the Trần dynasty who reigned Đại Việt from 1329 to 1341. Enthroned by Minh Tông when he was only a ten-year-old boy, Hiến Tông ruled Đại Việt with the regent of the Retired Emperor Minh Tông during his thirteen years of reign. The Emperor died at the age of 23 and leaving no heir, he was succeeded by his younger brother Trần Hạo. The death of Hiến Tông and his father afterward marked the turning-point in history of Trần dynasty when the country began to fall into the trouble times.",TRUE,TRUE,,,
280,FP_new,Tr%E1%BA%A7n_Hi%E1%BA%BFn_T%C3%B4ng,birthYear,1319,,"Trần Hiến Tông (17 May 1319 – 11 June 1341), given name Trần Vượng (陳 旺), was the sixth emperor of the Trần dynasty who reigned Đại Việt from 1329 to 1341. Enthroned by Minh Tông when he was only a ten-year-old boy, Hiến Tông ruled Đại Việt with the regent of the Retired Emperor Minh Tông during his thirteen years of reign. The Emperor died at the age of 23 and leaving no heir, he was succeeded by his younger brother Trần Hạo. The death of Hiến Tông and his father afterward marked the turning-point in history of Trần dynasty when the country began to fall into the trouble times.",TRUE,TRUE,,,
279,FP_new,Tr%E1%BA%A7n_Hi%E1%BA%BFn_T%C3%B4ng,deathDate,1341-06-11,,"Trần Hiến Tông (17 May 1319 – 11 June 1341), given name Trần Vượng (陳 旺), was the sixth emperor of the Trần dynasty who reigned Đại Việt from 1329 to 1341. Enthroned by Minh Tông when he was only a ten-year-old boy, Hiến Tông ruled Đại Việt with the regent of the Retired Emperor Minh Tông during his thirteen years of reign. The Emperor died at the age of 23 and leaving no heir, he was succeeded by his younger brother Trần Hạo. The death of Hiến Tông and his father afterward marked the turning-point in history of Trần dynasty when the country began to fall into the trouble times.",TRUE,TRUE,,,
281,FP_new,Tr%E1%BA%A7n_Hi%E1%BA%BFn_T%C3%B4ng,deathYear,1341,,"Trần Hiến Tông (17 May 1319 – 11 June 1341), given name Trần Vượng (陳 旺), was the sixth emperor of the Trần dynasty who reigned Đại Việt from 1329 to 1341. Enthroned by Minh Tông when he was only a ten-year-old boy, Hiến Tông ruled Đại Việt with the regent of the Retired Emperor Minh Tông during his thirteen years of reign. The Emperor died at the age of 23 and leaving no heir, he was succeeded by his younger brother Trần Hạo. The death of Hiến Tông and his father afterward marked the turning-point in history of Trần dynasty when the country began to fall into the trouble times.",TRUE,TRUE,,,
1446,FP_new,Tuala_Paulo,birthName,Tuala Paulo,,Tuala Paulo (died 1979) was a Western Samoan journalist and politician. He served as a member of the Legislative Assembly between 1964 and 1973 and as Minister of Education and Minister of Justice during the early 1970s.,TRUE,TRUE,,,
170,FP_new,Tuala_Paulo,birthYear,1964,,Tuala Paulo (died 1979) was a Western Samoan journalist and politician. He served as a member of the Legislative Assembly between 1964 and 1973 and as Minister of Education and Minister of Justice during the early 1970s.,TRUE,FALSE ,WV,,
4054,FP_new,Tuala_Paulo,birthYear,1979,,Tuala Paulo (died 1979) was a Western Samoan journalist and politician. He served as a member of the Legislative Assembly between 1964 and 1973 and as Minister of Education and Minister of Justice during the early 1970s.,TRUE,FALSE ,WV,,
171,FP_new,Tuala_Paulo,deathYear,1979,,Tuala Paulo (died 1979) was a Western Samoan journalist and politician. He served as a member of the Legislative Assembly between 1964 and 1973 and as Minister of Education and Minister of Justice during the early 1970s.,TRUE,TRUE,,,
1040,FP_new,Tudor_Arghezi,birthName,Ion N.Theodorescu,,"Tudor Arghezi (Romanian pronunciation: [ˈtudor arˈɡezi]; 21 May 1880 – 14 July 1967) was a Romanian writer, best known for his unique contribution to poetry and children's literature. Born Ion N. Theodorescu in Bucharest, he explained that his pen name was related to Argesis, the Latin name for the Argeș River.",FALSE,TRUE,,,
544,FP_new,Ulrich_Lange,deathYear,1549,,Ulrich Lange (died 1549) was a composer and Thomaskantor from 1540 to 1549.,TRUE,TRUE,,,
68,FP_new,Vanessa_Lee_Evigan,birthName,Vanessa Lee Evigan,,"Vanessa Lee Evigan (born March 18, 1981) is an American actress. She is the daughter of actor Greg Evigan and model and actress Pamela Serpe. She is also the sister of actress Briana Evigan and singer-songwriter Jason Evigan.",TRUE,TRUE,,,
173,FP_new,Verena_Holmes,birthName,Verena Winifred Holmes,,"Verena Winifred Holmes (23 June 1889 – 20 February 1964) was an English mechanical engineer and multi-field inventor, the first woman member elected to the Institution of Mechanical Engineers (1924) and the Institution of Locomotive Engineers (1931), and was a strong supporter of women in engineering. She was one of the early members of the Women's Engineering Society, and its president in 1931. She was the first practising engineer to serve as president of the society.",TRUE,TRUE,,,
174,FP_new,Verena_Holmes,deathDate,1964-02-20,,"Verena Winifred Holmes (23 June 1889 – 20 February 1964) was an English mechanical engineer and multi-field inventor, the first woman member elected to the Institution of Mechanical Engineers (1924) and the Institution of Locomotive Engineers (1931), and was a strong supporter of women in engineering. She was one of the early members of the Women's Engineering Society, and its president in 1931. She was the first practising engineer to serve as president of the society.",TRUE,TRUE,,,
990,FP_new,Vidyaben_Shah,birthName,Vidyaben Shah,,"Vidyaben Shah (7 November 1922 – 19 June 2020) was an Indian social worker and activist known for her work with children, women and the elderly in India. While she was already serving as Vice-President, she was appointed the first non-officio President of the New Delhi Municipal Council (NDMC) by Prime Minister Indira Gandhi in 1975. She has held several leading positions in the field of social welfare since the 1940s. Vidyaben Shah died at the age of 97 on 19 June 2020 at her residence in Delhi, her son Mihir Shah confirmed the news of Vidyaben Shah death.",TRUE,TRUE,,,
1883,FN,Viktor_Balashov,birthName,,Viktor Ivanovich Balashov,"Viktor Ivanovich Balashov (Russian: Виктор Иванович Балашов; 24 December 1924 – 23 June 2021) was a Soviet and Russian radio and television presenter. He was best known as the host for the USSR Union Radio, from 1944. From 1947 to 1991 he worked for the Soviet Central Television and its Russian successor. In 1997 he was awarded the People's Artist of Russia. Balashov was a veteran of the Second World War and was a member of the Red Army. He died on 23 June 2021 at the age of 96.",TRUE,TRUE,,,
319,FP_new,Vinay_K%2E_Nandicoori,label,Vinay Kumar Nandicoori,,"Vinay Kumar Nandicoori (born 1 March 1969) is an Indian immunologist, biotechnologist and currently the director of Centre for Cellular and Molecular Biology, India. He is known for his studies on the kinase-mediated signaling networks in Mycobacterium tuberculosis, the causative pathogen of tuberculosis. Holder of a master's degree in biotechnology from the Indian Institute of Technology, Bombay and a PhD from the Indian Institute of Science, Nandicoori did his post doctoral work the University of Virginia and Texas A & M University.",TRUE,FALSE,LCE,,
106,FP_different,Virginia_Guedea,birthName,Rincón Gallardo,Virginia Guedea Rincón Gallardo,"Virginia Guedea Rincón Gallardo (born March 10, 1942) is a Mexican historian, writer, translator, researcher, and academic. She has specialized in the political history of the viceregal period of New Spain and the Mexican War of Independence.",TRUE,FALSE ,ICE,,
716,FP_different,Virginia_Guedea,birthName,Virginia Guedea,Virginia Guedea Rincón Gallardo,"Virginia Guedea Rincón Gallardo (born March 10, 1942) is a Mexican historian, writer, translator, researcher, and academic. She has specialized in the political history of the viceregal period of New Spain and the Mexican War of Independence.",TRUE,FALSE ,ICE,,
1394,FN,Virginia_Guedea,birthName,,Virginia Guedea Rincón Gallardo,"Virginia Guedea Rincón Gallardo (born March 10, 1942) is a Mexican historian, writer, translator, researcher, and academic. She has specialized in the political history of the viceregal period of New Spain and the Mexican War of Independence.",TRUE,TRUE,,,
1922,FN,Virginia_Guedea,label,,Virginia Guedea,"Virginia Guedea Rincón Gallardo (born March 10, 1942) is a Mexican historian, writer, translator, researcher, and academic. She has specialized in the political history of the viceregal period of New Spain and the Mexican War of Independence.",TRUE,TRUE,,,
1968,FN,Volin,birthName,,Vsevolod Mikhailovich Eikhenbaum,"Vsevolod Mikhailovich Eikhenbaum (Russian: Все́волод Миха́йлович Эйхенба́ум, French: Vsevolod Mikhaïlovitch Eichenbaum; 11 August 1882 – 18 September 1945), known later as Volin or (the spelling he used) Voline (Во́лин), was a Russian anarchist who participated in the Russian and Ukrainian Revolutions before being forced into exile by the Bolshevik Party. He was a proponent of the anarchist organizational form known as synthesis anarchism.",TRUE,TRUE,,,
164,FN,Volin,label,,Volin,"Vsevolod Mikhailovich Eikhenbaum (Russian: Все́волод Миха́йлович Эйхенба́ум, French: Vsevolod Mikhaïlovitch Eichenbaum; 11 August 1882 – 18 September 1945), known later as Volin or (the spelling he used) Voline (Во́лин), was a Russian anarchist who participated in the Russian and Ukrainian Revolutions before being forced into exile by the Bolshevik Party. He was a proponent of the anarchist organizational form known as synthesis anarchism.",TRUE,TRUE,,,
454,FN,W%2E_Michael_Mathes,birthName,,William Michael Mathes,"William Michael Mathes (April 15, 1936 – August 13, 2012) was an American historian and academic who focused on the histories of Mexico and Spain. Mathes was a leading expert on the history of Baja California. His articles can be found in the California Historical Society Quarterly, Southern California Quarterly, Journal of San Diego History, Journal of California Anthropology, Pacific Coast Archaeological Society Quarterly, Calafia, Meyibó, and other publications.",TRUE,TRUE,,,
453,FP_new,W%2E_Michael_Mathes,label,W.Michael Mathes,,"William Michael Mathes (April 15, 1936 – August 13, 2012) was an American historian and academic who focused on the histories of Mexico and Spain. Mathes was a leading expert on the history of Baja California. His articles can be found in the California Historical Society Quarterly, Southern California Quarterly, Journal of San Diego History, Journal of California Anthropology, Pacific Coast Archaeological Society Quarterly, Calafia, Meyibó, and other publications.",TRUE,TRUE,,,
1117,FP_new,W%2E_Michael_Mathes,label,Willy Michael Mathes,,"William Michael Mathes (April 15, 1936 – August 13, 2012) was an American historian and academic who focused on the histories of Mexico and Spain. Mathes was a leading expert on the history of Baja California. His articles can be found in the California Historical Society Quarterly, Southern California Quarterly, Journal of San Diego History, Journal of California Anthropology, Pacific Coast Archaeological Society Quarterly, Calafia, Meyibó, and other publications.",TRUE,FALSE,LCE,,
4769,FP_new,W%2E_Michael_Mathes,label,W%2E Michael Mathes,,"William Michael Mathes (April 15, 1936 – August 13, 2012) was an American historian and academic who focused on the histories of Mexico and Spain. Mathes was a leading expert on the history of Baja California. His articles can be found in the California Historical Society Quarterly, Southern California Quarterly, Journal of San Diego History, Journal of California Anthropology, Pacific Coast Archaeological Society Quarterly, Calafia, Meyibó, and other publications.",TRUE,FALSE,TMI,,
1904,FN,Wally_Barron,birthName,,William Wallace Barron,"William Wallace Barron (December 8, 1911 – November 12, 2002) was an American Democratic politician in West Virginia. He was the state's 26th Governor from 1961 to 1965.",TRUE,TRUE,,,
219,FP_new,Wally_Neuzil,label,Wally Neuzil,,"Walburga ""Wally"" Neuzil (19 August 1894 – 25 December 1917) was an Austrian nurse who was the lover and muse of the artist Egon Schiele between 1911 and 1915.",TRUE,TRUE,,,
1908,FN,Wally_Pesuit,birthDate,,1954-03-04,"Walter George ""Wally"" Pesuit (born March 4, 1954) is a former American football offensive and defensive lineman in the National Football League for the Atlanta Falcons, Miami Dolphins and Detroit Lions. He played college football at the University of Kentucky.",TRUE,TRUE,,,
509,FP_new,Walter_Sidebottom,birthDate,1921-02-01,,Walter Sidebottom (1 February 1921 – 23 October 1943) was an English professional footballer who played as a winger in the Football League for Bolton Wanderers.,TRUE,TRUE,,,
838,FP_new,William_Bradshaw_Egan,birthName,William Bradshaw Egan,,"William Bradshaw Egan (September 28, 1808 – October 27, 1860), sometimes Eagan, was an Irish American physician, politician, and orator. Born in Killarney, Egan trained in the United Kingdom before immigrating to North America to teach school. He later studied in New York City, New York, then ventured west to the burgeoning city of Chicago, Illinois. As one of the first trained physicians in the city, Egan rose to prominence, serving on the first board of health and serving in the Illinois House of Representatives.",TRUE,TRUE,,,
231,FP_new,William_Flannery,birthName,William Edward Flannery,,"William Edward Flannery (November 17, 1898 – January 25, 1959) was an American art director and architect for William Randolph Hearst. He won an Academy Award in the category Best Art Direction for the film Picnic. As an architect, his projects included a beachside mansion for Hearst's girlfriend Marion Davies. The main mansion was demolished, but part of the property survives as the Annenberg Community Beach House. Flannery married silent film actress Mary Mercedes Campbell and they had a son Patrick John, born in 1927. During the Great Depression he became an art director.",TRUE,TRUE,,,
1038,FP_new,William_Harold_Ryan,birthName,William Harold Ryan,,"William Harold Ryan (5 May 1873 – 16 July 1954) was a police officer who served as the sixth Commissioner of the Queensland Police Force from January 1925 until his retirement in May 1934. Commencing as a constable in the organisation, he served 41 years as a police officer, nine years as the commissioner.",TRUE,TRUE,,,
291,FP_new,William_M%2E_Levy,birthName,William Mallory Levy,,"William Mallory Levy (October 31, 1827 – August 14, 1882) was a U.S. Representative from Louisiana.",TRUE,TRUE,,,
290,FP_new,William_M%2E_Levy,label,William Mallory Levy,,"William Mallory Levy (October 31, 1827 – August 14, 1882) was a U.S. Representative from Louisiana.",TRUE,FALSE,LCE,,
392,FP_new,William_W%2E_Rice,birthName,William Whitney Rice,,"William Whitney Rice (March 7, 1826 – March 1, 1896) was a U.S. Representative from Massachusetts. Born in Deerfield, Massachusetts, Rice attended Gorham Academy, Maine, and graduated from Bowdoin College in Brunswick, Maine, in 1846. He served as the preceptor of Leicester Academy, Leicester, Massachusetts from 1847 to 1851 before studying law in Worcester. He was admitted to the bar in 1854 and commenced practice in Worcester. In 1858 he was appointed judge of insolvency for Worcester County. Rice was elected a member of the American Antiquarian Society in 1885.",TRUE,TRUE,,,
922,FP_new,Willy_Massoth,birthName,Willy Massoth,,"Willy Massoth (January 1, 1911 – November 21, 1978) was a German politician of the Christian Democratic Union (CDU) and former member of the German Bundestag.",TRUE,TRUE,,,
571,FN,Wilson_Carswell,birthName,,John Wilson Carswell,"John Wilson Carswell OBE FRCS (born 1937) is a Scottish physician who was one of the first medical researchers to identify HIV/AIDS in Uganda. He graduated from the King's College London with an MBBS in 1961, and was elected a Fellow of the Royal College of Surgeons of England in 1967. He worked as a consultant surgeon at Mulago Hospital, Kampala from 1968 to 1987 where he became a leading AIDS researcher in the country. He later served as medical advisor to the Government of South Africa, and worked in public health in the United States and Asia.",TRUE,TRUE,,,
572,FN,Wilson_Carswell,birthYear,,1937,"John Wilson Carswell OBE FRCS (born 1937) is a Scottish physician who was one of the first medical researchers to identify HIV/AIDS in Uganda. He graduated from the King's College London with an MBBS in 1961, and was elected a Fellow of the Royal College of Surgeons of England in 1967. He worked as a consultant surgeon at Mulago Hospital, Kampala from 1968 to 1987 where he became a leading AIDS researcher in the country. He later served as medical advisor to the Government of South Africa, and worked in public health in the United States and Asia.",TRUE,TRUE,,,
1796,FN,Wilson_Carswell,label,,Wilson Carswell,"John Wilson Carswell OBE FRCS (born 1937) is a Scottish physician who was one of the first medical researchers to identify HIV/AIDS in Uganda. He graduated from the King's College London with an MBBS in 1961, and was elected a Fellow of the Royal College of Surgeons of England in 1967. He worked as a consultant surgeon at Mulago Hospital, Kampala from 1968 to 1987 where he became a leading AIDS researcher in the country. He later served as medical advisor to the Government of South Africa, and worked in public health in the United States and Asia.",TRUE,TRUE,,,
622,FP_new,Yaakob_Sapari,birthName,Yaakob bin Sapari,,"Yaakob bin Sapari (born 14 August 1961) is a Malaysian politician and was served as Selangor State Legislative Assemblyman for two terms. From 2008 until 2013, he was appointed as Selangor State Executive Councillor. When Pakatan Harapan become the federal government, he appointed as Senator since 2018 until his term end in 2021.",TRUE,TRUE,,,
24,FP_new,Yaakob_Sapari,label,Yaakob bin Sapari,,"Yaakob bin Sapari (born 14 August 1961) is a Malaysian politician and was served as Selangor State Legislative Assemblyman for two terms. From 2008 until 2013, he was appointed as Selangor State Executive Councillor. When Pakatan Harapan become the federal government, he appointed as Senator since 2018 until his term end in 2021.",TRUE,FALSE,LCE,,
481,FP_new,Ye_Xiaowen,birthDate,1950-08-28,,"Ye Xiaowen (Chinese: 叶小文; pinyin: Yè Xiǎowén; born August 1950) is a Chinese politician who held various top posts relating to state regulation of religion in China from 1995 to 2009. In 1995, Ye became the director of the Bureau of Religious Affairs under the State Council. At the beginning of his work in the Bureau, he held a view to minimize the influence of religion in the socialist China. There, he worked to prevent religious unrest, select the 11th Panchen Lama, and ban the controversial Falun Gong group. In 1998, the Bureau of Religious Affairs was renamed the State Administration for Religious Affairs, while Ye Xiaowen remained its director. He acknowledged presiding over religions in China, and changed policy to say that religion has a place in society, although he persecuted grou",FALSE,FALSE,AC,,
3793,FP_new,Ye_Xiaowen,birthDate,1950-08-50,,"Ye Xiaowen (Chinese: 叶小文; pinyin: Yè Xiǎowén; born August 1950) is a Chinese politician who held various top posts relating to state regulation of religion in China from 1995 to 2009. In 1995, Ye became the director of the Bureau of Religious Affairs under the State Council. At the beginning of his work in the Bureau, he held a view to minimize the influence of religion in the socialist China. There, he worked to prevent religious unrest, select the 11th Panchen Lama, and ban the controversial Falun Gong group. In 1998, the Bureau of Religious Affairs was renamed the State Administration for Religious Affairs, while Ye Xiaowen remained its director. He acknowledged presiding over religions in China, and changed policy to say that religion has a place in society, although he persecuted grou",FALSE,FALSE,IAC,,
4293,FP_new,Ye_Xiaowen,birthDate,1950-08-1950,,"Ye Xiaowen (Chinese: 叶小文; pinyin: Yè Xiǎowén; born August 1950) is a Chinese politician who held various top posts relating to state regulation of religion in China from 1995 to 2009. In 1995, Ye became the director of the Bureau of Religious Affairs under the State Council. At the beginning of his work in the Bureau, he held a view to minimize the influence of religion in the socialist China. There, he worked to prevent religious unrest, select the 11th Panchen Lama, and ban the controversial Falun Gong group. In 1998, the Bureau of Religious Affairs was renamed the State Administration for Religious Affairs, while Ye Xiaowen remained its director. He acknowledged presiding over religions in China, and changed policy to say that religion has a place in society, although he persecuted grou",FALSE,FALSE,AC,,
5294,FP_new,Ye_Xiaowen,birthDate,1950-08-18,,"Ye Xiaowen (Chinese: 叶小文; pinyin: Yè Xiǎowén; born August 1950) is a Chinese politician who held various top posts relating to state regulation of religion in China from 1995 to 2009. In 1995, Ye became the director of the Bureau of Religious Affairs under the State Council. At the beginning of his work in the Bureau, he held a view to minimize the influence of religion in the socialist China. There, he worked to prevent religious unrest, select the 11th Panchen Lama, and ban the controversial Falun Gong group. In 1998, the Bureau of Religious Affairs was renamed the State Administration for Religious Affairs, while Ye Xiaowen remained its director. He acknowledged presiding over religions in China, and changed policy to say that religion has a place in society, although he persecuted grou",FALSE,FALSE,AC,,
482,FP_new,Ye_Xiaowen,birthYear,1950,,"Ye Xiaowen (Chinese: 叶小文; pinyin: Yè Xiǎowén; born August 1950) is a Chinese politician who held various top posts relating to state regulation of religion in China from 1995 to 2009. In 1995, Ye became the director of the Bureau of Religious Affairs under the State Council. At the beginning of his work in the Bureau, he held a view to minimize the influence of religion in the socialist China. There, he worked to prevent religious unrest, select the 11th Panchen Lama, and ban the controversial Falun Gong group. In 1998, the Bureau of Religious Affairs was renamed the State Administration for Religious Affairs, while Ye Xiaowen remained its director. He acknowledged presiding over religions in China, and changed policy to say that religion has a place in society, although he persecuted grou",TRUE,TRUE,,,
3576,FN,Yevgeny_Matveyev,birthName,,Yevgeny Semyonovich Matveyev,"Yevgeny Semyonovich Matveyev (Russian: Евгений Семёнович Матвеев, Ukrainian: Євген Семенович Матвеев; 8 March 1922 – 1 June 2003) was a Soviet and Russian actor and film director who was named a People's Artist of the USSR in 1974. He is best known as Nagulnov in Virgin Soil Upturned, based on Mikhail Sholokhov's novel; and Nekhludov in Resurrection (Russian: Воскресение), based on Leo Tolstoy's novel.",TRUE,TRUE,,,
11,FP_new,Yitzhak_Kaduri,birthYear,1898,,"Yitzhak Kaduri (Hebrew: יצחק כדורי, Arabic: إسحاق كدوري), also spelled Kadouri, Kadourie, Kedourie; ""Yitzhak"" (c. 1898 – 28 January 2006), was a renowned Mizrahi Haredi rabbi and kabbalist who devoted his life to Torah study and prayer on behalf of the Jewish people. He taught and practiced the kavanot of the Rashash. His blessings and amulets were also widely sought to cure people of illnesses and infertility. In his life, he published no religious articles or books. At the time of his death, estimates of his age ranged from 103 to 108, and his birth year is still disputed.",TRUE,TRUE,,,
10,FP_new,Yitzhak_Kaduri,deathDate,2006-01-28,,"Yitzhak Kaduri (Hebrew: יצחק כדורי, Arabic: إسحاق كدوري), also spelled Kadouri, Kadourie, Kedourie; ""Yitzhak"" (c. 1898 – 28 January 2006), was a renowned Mizrahi Haredi rabbi and kabbalist who devoted his life to Torah study and prayer on behalf of the Jewish people. He taught and practiced the kavanot of the Rashash. His blessings and amulets were also widely sought to cure people of illnesses and infertility. In his life, he published no religious articles or books. At the time of his death, estimates of his age ranged from 103 to 108, and his birth year is still disputed.",TRUE,TRUE,,,
12,FP_new,Yitzhak_Kaduri,deathYear,2006,,"Yitzhak Kaduri (Hebrew: יצחק כדורי, Arabic: إسحاق كدوري), also spelled Kadouri, Kadourie, Kedourie; ""Yitzhak"" (c. 1898 – 28 January 2006), was a renowned Mizrahi Haredi rabbi and kabbalist who devoted his life to Torah study and prayer on behalf of the Jewish people. He taught and practiced the kavanot of the Rashash. His blessings and amulets were also widely sought to cure people of illnesses and infertility. In his life, he published no religious articles or books. At the time of his death, estimates of his age ranged from 103 to 108, and his birth year is still disputed.",TRUE,TRUE,,,
1085,FP_different,Yoko_Tawada,label,Yōko Tawada,Yoko Tawada,"Yōko Tawada (多和田葉子 Tawada Yōko, born March 23, 1960) is a Japanese writer currently living in Berlin, Germany. She writes in both Japanese and German. Tawada has won numerous literary awards, including the Akutagawa Prize, the Tanizaki Prize, the Noma Literary Prize, the Izumi Kyōka Prize for Literature, the Gunzo Prize for New Writers, the Goethe Medal, the Kleist Prize, and a National Book Award.",TRUE,FALSE,TMI,,
968,FP_new,Yu_Cheng-hsien,birthName,Yú Zhèngxiàn,,Yu Cheng-hsien (Chinese: 余政憲; pinyin: Yú Zhèngxiàn; born 8 May 1959) is a Taiwanese politician. He was the Minister of the Interior from 2002 to 2004.,TRUE,TRUE,,,
1271,FP_new,Yuri_Petunin,birthName,Yuri Ivanovich Petunin,,"Yuri Ivanovich Petunin (Russian: Юрий Иванович Петунин) was aSoviet and Ukrainian mathematician. Petunin was born in the city ofMichurinsk(USSR) on September 30, 1937. After graduating from the Tambov State Pedagogical Institute he began his studies at Voronezh State University under the supervision of S.G Krein.He completed his postgraduate studies in 1962, and in 1968 he received hisDoctor of Science Degree, the highest scientific degree awarded in the Soviet Union. In 1970 he joined the faculty of the computational mathematics department at Kyiv State University.",TRUE,TRUE,,,
2847,FP_new,Yuri_Petunin,deathYear,1937,,"Yuri Ivanovich Petunin (Russian: Юрий Иванович Петунин) was aSoviet and Ukrainian mathematician. Petunin was born in the city ofMichurinsk(USSR) on September 30, 1937. After graduating from the Tambov State Pedagogical Institute he began his studies at Voronezh State University under the supervision of S.G Krein.He completed his postgraduate studies in 1962, and in 1968 he received hisDoctor of Science Degree, the highest scientific degree awarded in the Soviet Union. In 1970 he joined the faculty of the computational mathematics department at Kyiv State University.",TRUE,FALSE,WV,,
1260,FP_new,Yuriy_Tarnawsky,birthName,Yuriy Tarnawsky,,"Yuriy Tarnawsky (born February 3, 1934) is a Ukrainian-American writer and linguist, one of the founding members of the New York Group, a group of avant-garde Ukrainian diaspora writers, and co-founder and co-editor of the journal New Poetry, as well as member of the US innovative writers' collaborative Fiction Collective. He writes fiction, poetry, plays, translations, and criticism in both Ukrainian and English. His works have been translated into Azerbaijani, Czech, French, German, Hebrew, Italian, Polish, Portuguese, Romanian, and Russian. His New York University PhD dissertation Knowledge Semantics argues against decompositional semantics and combines Noam Chomsky's and Hilary Putnam's views on language into one formulation.",TRUE,TRUE,,,
1809,FN,Yvonne_Furneaux,birthName,,Elisabeth Yvonne Scatcherd,"Yvonne Furneaux (born Elisabeth Yvonne Scatcherd; 11 May 1928) is a French-British retired actress. A graduate of the Royal Academy of Dramatic Art, she worked with notable filmmakers like Peter Brook, Federico Fellini, Roman Polanski, Michelangelo Antonioni, and Claude Chabrol, as well as in several genre productions.",TRUE,TRUE,,,
327,FP_new,Zeilinga_Strydom,birthDate,2001-05-05,,Zeilinga Strydom (born 5 May 2001) is a South African rugby union player for the Golden Lions in the Currie Cup. His regular position is wing. Strydom was named in the Golden Lions side for the 2022 Currie Cup Premier Division. He made his Currie Cup debut for the Golden Lions against the Western Province in Round 1 of the 2022 Currie Cup Premier Division.,TRUE,TRUE,,,
328,FP_new,Zeilinga_Strydom,birthYear,2001,,Zeilinga Strydom (born 5 May 2001) is a South African rugby union player for the Golden Lions in the Currie Cup. His regular position is wing. Strydom was named in the Golden Lions side for the 2022 Currie Cup Premier Division. He made his Currie Cup debut for the Golden Lions against the Western Province in Round 1 of the 2022 Currie Cup Premier Division.,TRUE,TRUE,,,
3801,FP_new,Zucchero_Fornaciari,alias,Adelmo Fornaciari,,"Adelmo Fornaciari Cavaliere di Gran Croce OMRI (Italian pronunciation: [aˈdɛlmo fornaˈtʃaːri]; born 25 September 1955), more commonly known by his stage name Zucchero Fornaciari or simply Zucchero (pronounced [ˈdzukkero, ˈtsuk-]), is an Italian singer, musician and songwriter. His stage name is the Italian word for ""sugar"", as his elementary teacher used to call him. His music is largely inspired by gospel, soul, blues and rock music, and alternates between Italian ballads and more rhythmic R&B-boogie-like pieces. He is credited as the ""father of Italian blues"", introducing blues to the big stage in Italy. He is one of the few European blues artists who still enjoys great international success.",TRUE,FALSE,WV,,
490,FP_different,Zucchero_Fornaciari,label,Zucchero Fornaciari Cavaliere di Gran Croce,Zucchero Fornaciari,"Adelmo Fornaciari Cavaliere di Gran Croce OMRI (Italian pronunciation: [aˈdɛlmo fornaˈtʃaːri]; born 25 September 1955), more commonly known by his stage name Zucchero Fornaciari or simply Zucchero (pronounced [ˈdzukkero, ˈtsuk-]), is an Italian singer, musician and songwriter. His stage name is the Italian word for ""sugar"", as his elementary teacher used to call him. His music is largely inspired by gospel, soul, blues and rock music, and alternates between Italian ballads and more rhythmic R&B-boogie-like pieces. He is credited as the ""father of Italian blues"", introducing blues to the big stage in Italy. He is one of the few European blues artists who still enjoys great international success.",TRUE,FALSE,LCE,,
1169,FP_different,Zucchero_Fornaciari,label,Zucchero Fornaciari Cavaliere di Gran Croce OMRI,Zucchero Fornaciari,"Adelmo Fornaciari Cavaliere di Gran Croce OMRI (Italian pronunciation: [aˈdɛlmo fornaˈtʃaːri]; born 25 September 1955), more commonly known by his stage name Zucchero Fornaciari or simply Zucchero (pronounced [ˈdzukkero, ˈtsuk-]), is an Italian singer, musician and songwriter. His stage name is the Italian word for ""sugar"", as his elementary teacher used to call him. His music is largely inspired by gospel, soul, blues and rock music, and alternates between Italian ballads and more rhythmic R&B-boogie-like pieces. He is credited as the ""father of Italian blues"", introducing blues to the big stage in Italy. He is one of the few European blues artists who still enjoys great international success.",TRUE,FALSE,LCE,,